BrandID,BrandName,Category,Country,EstablishedYear,Rating,PriceSegment,Active
BR0001,Van Heusen ,Sportswear,China,2001,3.4,Premium,Yes
BR0002,Wrangler,Footwear,China,1977,4.1,Budget,Yes
BR0003,Woodland,Clothing,India,1985,4.7,Mid-Range,No
BR0004,Zara,Accessories,Italy,1971,4.5,Luxury,Yes
BR0005,Myntra,Clothing,USA,1962,4.6,Luxury,Yes
BR0006,Nike,Sportswear,India,1950,4.3,Budget,Yes
BR0007,Puma,Accessories,Germany,2010,4.4,Mid-Range,Yes
BR0008,H&M,Accessories,Italy,2007,4.7,Luxury,Yes
BR0009,Zara,Clothing,Italy,1973,3.5,Luxury,Yes
BR0010,Roadster,Accessories,China,2003,4,Budget,Yes
BR0011,Van Heusen ,Clothing,Italy,1962,3.4,Premium,Yes
BR0012,Casio,Footwear,China,1956,5,Mid-Range,Yes
BR0013,H&M,Sportswear,Germany,1972,4.9,Mid-Range,Yes
BR0014,Adidas,Accessories,China,1976,3.1,Luxury,No
BR0015,Woodland,Sportswear,India,1963,4.4,Budget,Yes
BR0016,Zara,Clothing,Germany,2015,4.9,Budget,Yes
BR0017,Allen,Sportswear,Italy,1991,3.4,Luxury,Yes
BR0018,Wrangler,Accessories,USA,1964,4.1,Premium,Yes
BR0019,Levi's,Footwear,France,2002,4.8,Mid-Range,No
BR0020,Allen,Clothing,Germany,2012,3.1,Budget,No
BR0021,H&M,Footwear,Italy,2008,4.4,Mid-Range,No
BR0022,Skechers,Footwear,Germany,1974,3.6,Premium,No
BR0023,Van Heusen ,Accessories,USA,1954,4.8,Budget,No
BR0024,H&M,Clothing,Germany,2008,4.9,Luxury,Yes
BR0025,Woodland,Footwear,China,1970,4.9,Mid-Range,Yes
BR0026,Puma,Sportswear,Italy,2012,3.9,Mid-Range,No
BR0027,Casio,Accessories,India,2004,4.7,Mid-Range,Yes
BR0028,Woodland,Sportswear,Italy,1978,4.7,Mid-Range,Yes
BR0029,Titan,Clothing,India,2010,3.6,Budget,No
BR0030,Mango,Sportswear,Germany,1962,4.7,Luxury,No
BR0031,Allen,Clothing,Italy,1951,3.1,Luxury,Yes
BR0032,H&M,Accessories,China,1980,4.2,Budget,Yes
BR0033,Fossil,Accessories,USA,2008,3.5,Budget,No
BR0034,Casio,Footwear,France,2001,3.2,Mid-Range,No
BR0035,Roadster,Sportswear,France,1950,3.2,Budget,No
BR0036,Woodland,Clothing,China,2004,4.4,Premium,Yes
BR0037,Wrangler,Clothing,Italy,1992,3.7,Budget,No
BR0038,Adidas,Clothing,Germany,1996,4.4,Luxury,Yes
BR0039,Skechers,Accessories,USA,1958,3.1,Mid-Range,Yes
BR0040,Woodland,Footwear,Italy,1964,3.6,Luxury,Yes
BR0041,Allen,Accessories,China,1984,4.1,Luxury,No
BR0042,Adidas,Clothing,China,1994,4.6,Luxury,No
BR0043,Mango,Clothing,Germany,2018,3.6,Premium,No
BR0044,HRX,Accessories,France,1958,4.3,Mid-Range,No
BR0045,Puma,Clothing,Germany,1972,4.8,Premium,Yes
BR0046,Levi's,Footwear,China,1964,4.2,Mid-Range,No
BR0047,H&M,Footwear,Italy,1952,3.5,Premium,No
BR0048,Wrangler,Footwear,Germany,1994,3,Luxury,No
BR0049,Roadster,Clothing,China,1974,4.7,Budget,Yes
BR0050,Allen,Accessories,Germany,1993,3,Premium,No
BR0051,Myntra,Sportswear,Germany,1988,4.7,Mid-Range,No
BR0052,Zara,Accessories,USA,2011,4.1,Premium,No
BR0053,Adidas,Footwear,China,1986,4.9,Luxury,Yes
BR0054,HRX,Footwear,France,2018,4.6,Premium,Yes
BR0055,Zara,Footwear,USA,1980,5,Budget,Yes
BR0056,Woodland,Footwear,Germany,1983,3.7,Premium,Yes
BR0057,Van Heusen ,Clothing,France,1990,4.5,Premium,Yes
BR0058,Skechers,Sportswear,Italy,1970,3.8,Premium,Yes
BR0059,Nike,Sportswear,Germany,1968,4,Luxury,No
BR0060,H&M,Clothing,France,2019,4.3,Premium,No
BR0061,Fossil,Accessories,Italy,1968,4.7,Luxury,No
BR0062,Levi's,Sportswear,India,1967,5,Budget,No
BR0063,Nike,Sportswear,Italy,1978,4.5,Luxury,No
BR0064,Puma,Accessories,India,1974,3.8,Mid-Range,No
BR0065,Van Heusen ,Clothing,India,2018,3.8,Luxury,Yes
BR0066,Mango,Sportswear,USA,2012,4.5,Premium,Yes
BR0067,Wrangler,Accessories,Germany,1968,3.5,Luxury,No
BR0068,Bata,Accessories,India,1986,3.2,Premium,No
BR0069,Fastrack,Sportswear,Italy,1961,3.7,Mid-Range,No
BR0070,Titan,Sportswear,China,1970,3.6,Luxury,No
BR0071,H&M,Clothing,USA,1976,3.6,Premium,No
BR0072,Mango,Accessories,India,1998,3.5,Budget,Yes
BR0073,Titan,Accessories,Germany,1972,3.1,Luxury,Yes
BR0074,Van Heusen ,Footwear,Germany,1987,3,Luxury,Yes
BR0075,Fastrack,Accessories,Germany,2009,5,Mid-Range,Yes
BR0076,Nike,Footwear,China,1988,3.9,Luxury,Yes
BR0077,Roadster,Accessories,Germany,1972,3.8,Luxury,Yes
BR0078,Nike,Clothing,China,2013,4.4,Budget,No
BR0079,Myntra,Sportswear,Italy,2005,3.4,Premium,No
BR0080,Levi's,Accessories,Italy,1952,4.9,Premium,Yes
BR0081,Myntra,Clothing,USA,1990,4.6,Luxury,Yes
BR0082,Skechers,Footwear,India,1984,3.2,Premium,No
BR0083,Roadster,Accessories,India,1987,3.8,Premium,Yes
BR0084,Mango,Footwear,France,1973,4.8,Budget,Yes
BR0085,Forever 21,Accessories,China,1988,4.9,Premium,No
BR0086,Levi's,Accessories,USA,1951,3.9,Mid-Range,No
BR0087,Skechers,Sportswear,Germany,1993,4.2,Mid-Range,Yes
BR0088,Van Heusen ,Footwear,Italy,1978,3.3,Mid-Range,Yes
BR0089,Titan,Sportswear,India,1964,5,Mid-Range,Yes
BR0090,Fossil,Accessories,China,1996,3.5,Mid-Range,No
BR0091,HRX,Accessories,USA,1988,4.9,Budget,Yes
BR0092,Allen,Footwear,France,1968,4.3,Mid-Range,No
BR0093,H&M,Footwear,USA,1960,4.2,Luxury,Yes
BR0094,Puma,Clothing,Germany,2005,4,Budget,Yes
BR0095,Levi's,Clothing,France,2015,3.5,Budget,No
BR0096,Levi's,Accessories,India,1958,3.4,Premium,Yes
BR0097,Levi's,Clothing,Italy,1976,3.4,Mid-Range,Yes
BR0098,Wrangler,Accessories,India,1961,3.4,Mid-Range,No
BR0099,Myntra,Accessories,China,1970,4.6,Mid-Range,Yes
BR0100,Levi's,Clothing,Italy,1977,3.7,Mid-Range,No
BR0101,Zara,Clothing,France,1962,3.1,Mid-Range,No
BR0102,Skechers,Footwear,Germany,1963,4.9,Mid-Range,No
BR0103,Bata,Sportswear,USA,2015,4.8,Mid-Range,No
BR0104,Levi's,Accessories,India,2009,4.9,Budget,Yes
BR0105,Fossil,Accessories,France,1986,5,Budget,Yes
BR0106,Woodland,Sportswear,India,1999,3.3,Premium,No
BR0107,HRX,Accessories,France,2006,3.8,Mid-Range,No
BR0108,Fastrack,Sportswear,USA,1958,4.5,Luxury,No
BR0109,Zara,Clothing,France,2012,4.4,Budget,No
BR0110,Casio,Clothing,India,1968,3.3,Luxury,No
BR0111,Myntra,Clothing,France,1971,4.6,Budget,No
BR0112,Van Heusen ,Accessories,USA,2001,3.4,Budget,Yes
BR0113,Titan,Sportswear,China,1984,3.4,Luxury,No
BR0114,Fossil,Sportswear,Germany,2015,4.1,Premium,Yes
BR0115,Casio,Clothing,India,1982,4.2,Luxury,No
BR0116,Allen,Footwear,India,1962,4.2,Budget,Yes
BR0117,Fossil,Clothing,USA,1998,3.2,Premium,Yes
BR0118,Fastrack,Clothing,India,2016,4.8,Luxury,No
BR0119,Van Heusen ,Accessories,France,2013,3.5,Luxury,No
BR0120,Forever 21,Accessories,Italy,2019,3.3,Budget,Yes
BR0121,Titan,Clothing,Germany,2007,4.8,Premium,No
BR0122,Casio,Sportswear,India,1954,4.9,Mid-Range,No
BR0123,Zara,Sportswear,Germany,1967,4.7,Premium,No
BR0124,Fossil,Clothing,Italy,2012,4.6,Luxury,No
BR0125,Forever 21,Footwear,Italy,1957,4.3,Luxury,No
BR0126,Fossil,Sportswear,Italy,1995,4.1,Premium,No
BR0127,Adidas,Clothing,Italy,1955,3.2,Mid-Range,No
BR0128,Skechers,Clothing,France,1993,3.8,Luxury,Yes
BR0129,Titan,Accessories,China,2002,3.7,Premium,Yes
BR0130,Wrangler,Footwear,USA,1980,3.5,Premium,Yes
BR0131,Puma,Accessories,India,1993,4.4,Mid-Range,Yes
BR0132,Forever 21,Accessories,India,2008,4,Luxury,No
BR0133,Ray-Ban,Clothing,France,2010,3.2,Budget,No
BR0134,Bata,Sportswear,China,1962,3.4,Luxury,Yes
BR0135,Wrangler,Footwear,China,2013,4.4,Premium,Yes
BR0136,HRX,Accessories,China,2005,3.2,Mid-Range,No
BR0137,Roadster,Clothing,Italy,1977,4.7,Premium,No
BR0138,Adidas,Accessories,Italy,2001,4,Mid-Range,Yes
BR0139,Myntra,Clothing,Italy,1993,4,Premium,Yes
BR0140,Myntra,Sportswear,Germany,1976,4.2,Premium,Yes
BR0141,Roadster,Accessories,Italy,1988,4.6,Luxury,No
BR0142,Van Heusen ,Sportswear,Germany,1982,3.7,Luxury,Yes
BR0143,Nike,Footwear,Italy,2013,4.4,Mid-Range,No
BR0144,Ray-Ban,Sportswear,Italy,1957,4.1,Mid-Range,No
BR0145,Casio,Footwear,USA,1969,3.5,Premium,No
BR0146,Titan,Accessories,India,1976,4.8,Luxury,No
BR0147,Fastrack,Footwear,China,1980,4.6,Luxury,Yes
BR0148,Levi's,Footwear,USA,1953,4.3,Mid-Range,No
BR0149,Casio,Sportswear,Italy,2005,4.7,Luxury,Yes
BR0150,Van Heusen ,Footwear,China,1967,4.7,Budget,No
BR0151,Ray-Ban,Footwear,France,1955,4.4,Luxury,Yes
BR0152,Adidas,Clothing,China,1988,4.7,Budget,No
BR0153,Skechers,Clothing,Germany,1967,4.4,Mid-Range,Yes
BR0154,Myntra,Clothing,Italy,2017,4.4,Premium,No
BR0155,Puma,Footwear,Italy,1965,4.2,Premium,No
BR0156,Myntra,Sportswear,France,1980,4.5,Luxury,Yes
BR0157,H&M,Clothing,USA,1977,3.3,Premium,No
BR0158,Titan,Accessories,Italy,1957,4.8,Luxury,No
BR0159,Levi's,Accessories,Italy,2004,4.7,Luxury,Yes
BR0160,Ray-Ban,Footwear,China,2010,3.1,Premium,No
BR0161,Nike,Clothing,France,1956,4.7,Mid-Range,No
BR0162,Forever 21,Sportswear,China,1996,3.3,Budget,Yes
BR0163,Casio,Sportswear,India,2000,3.7,Premium,No
BR0164,Puma,Footwear,China,1976,4.5,Mid-Range,No
BR0165,Roadster,Accessories,France,2002,3.3,Budget,No
BR0166,Puma,Sportswear,Germany,2002,4.6,Premium,No
BR0167,Levi's,Footwear,France,1983,4.7,Budget,No
BR0168,Titan,Accessories,Germany,1953,4,Budget,Yes
BR0169,Roadster,Sportswear,France,1967,3,Budget,No
BR0170,Van Heusen ,Accessories,China,1960,3.6,Budget,Yes
BR0171,Allen,Footwear,Italy,2002,4.2,Premium,No
BR0172,Fossil,Footwear,China,1972,5,Premium,No
BR0173,Van Heusen ,Clothing,Germany,1997,4.3,Mid-Range,No
BR0174,Bata,Footwear,India,1952,3.5,Mid-Range,Yes
BR0175,Casio,Footwear,China,1971,4.3,Budget,No
BR0176,HRX,Sportswear,Italy,1983,4.1,Mid-Range,Yes
BR0177,Skechers,Footwear,Italy,1965,4.6,Budget,No
BR0178,Casio,Sportswear,India,1978,3.2,Mid-Range,Yes
BR0179,Ray-Ban,Accessories,France,2013,4.5,Luxury,Yes
BR0180,Titan,Footwear,Italy,1977,4.1,Premium,Yes
BR0181,Titan,Footwear,Germany,1968,4.9,Budget,No
BR0182,Ray-Ban,Footwear,Italy,2007,3.7,Mid-Range,No
BR0183,Myntra,Sportswear,India,1951,4.3,Luxury,Yes
BR0184,Woodland,Sportswear,France,1977,4.9,Luxury,No
BR0185,HRX,Accessories,India,1962,3.2,Budget,Yes
BR0186,Woodland,Footwear,Germany,1995,4.9,Budget,Yes
BR0187,Ray-Ban,Sportswear,China,2000,4.4,Premium,Yes
BR0188,Forever 21,Clothing,Italy,1972,3.1,Premium,Yes
BR0189,Mango,Sportswear,China,2009,3.6,Mid-Range,Yes
BR0190,Woodland,Sportswear,USA,1983,4.4,Budget,No
BR0191,Adidas,Footwear,Germany,1985,3.1,Premium,No
BR0192,Fastrack,Accessories,Italy,1983,4.2,Premium,No
BR0193,Zara,Accessories,France,2012,3.7,Mid-Range,No
BR0194,Adidas,Footwear,USA,1956,4.2,Mid-Range,Yes
BR0195,Adidas,Sportswear,China,1970,3.1,Luxury,No
BR0196,Levi's,Sportswear,India,2006,4.7,Premium,No
BR0197,Casio,Sportswear,India,1968,4.9,Budget,No
BR0198,Puma,Footwear,China,1973,4.9,Mid-Range,No
BR0199,Myntra,Footwear,Italy,1950,4.5,Mid-Range,No
BR0200,Puma,Footwear,Germany,1962,3.3,Premium,Yes
BR0201,Fastrack,Clothing,Germany,1997,4.5,Budget,No
BR0202,H&M,Clothing,India,2008,3,Luxury,No
BR0203,Roadster,Accessories,Italy,1950,3,Premium,Yes
BR0204,Roadster,Sportswear,China,1966,3.6,Mid-Range,Yes
BR0205,Roadster,Accessories,China,1957,4,Budget,No
BR0206,Puma,Sportswear,China,1972,4.5,Mid-Range,No
BR0207,Puma,Clothing,USA,1970,4.4,Luxury,No
BR0208,Fastrack,Footwear,India,1988,3.9,Luxury,No
BR0209,Fastrack,Footwear,China,1962,3.5,Premium,Yes
BR0210,Fossil,Sportswear,Germany,2010,5,Premium,No
BR0211,Puma,Sportswear,China,1973,3.9,Luxury,No
BR0212,Puma,Clothing,Italy,1993,3.9,Luxury,Yes
BR0213,Roadster,Footwear,Germany,2017,3.3,Budget,No
BR0214,Casio,Sportswear,India,2011,4.6,Premium,Yes
BR0215,H&M,Accessories,USA,2016,4.4,Luxury,No
BR0216,Myntra,Clothing,Italy,1959,3.4,Budget,Yes
BR0217,Mango,Sportswear,Germany,1962,3.2,Luxury,No
BR0218,Skechers,Accessories,Italy,1960,4.4,Budget,Yes
BR0219,Wrangler,Sportswear,USA,1973,4.3,Luxury,Yes
BR0220,Puma,Sportswear,France,1988,3.5,Premium,No
BR0221,Wrangler,Sportswear,Italy,1983,4.9,Premium,Yes
BR0222,Van Heusen ,Footwear,India,1983,3.3,Budget,No
BR0223,Forever 21,Clothing,India,2000,3.9,Budget,Yes
BR0224,Zara,Sportswear,Germany,2001,4.9,Luxury,No
BR0225,HRX,Accessories,France,2000,3.8,Premium,Yes
BR0226,H&M,Footwear,India,1974,4.3,Budget,Yes
BR0227,Van Heusen ,Clothing,USA,2011,3.8,Mid-Range,Yes
BR0228,Titan,Footwear,India,1988,3.5,Luxury,Yes
BR0229,Fossil,Sportswear,India,1964,5,Mid-Range,Yes
BR0230,Casio,Sportswear,Germany,1952,3.8,Luxury,Yes
BR0231,Van Heusen ,Accessories,Italy,2000,4.8,Budget,No
BR0232,Nike,Clothing,France,2005,3.5,Luxury,No
BR0233,Myntra,Accessories,India,2012,3.4,Luxury,No
BR0234,Mango,Sportswear,USA,1957,3.1,Budget,No
BR0235,Myntra,Accessories,Italy,1958,4.3,Premium,No
BR0236,Fossil,Clothing,Germany,1994,3.7,Luxury,No
BR0237,Nike,Footwear,China,1974,4.7,Luxury,No
BR0238,Casio,Footwear,Italy,1978,3.9,Premium,No
BR0239,H&M,Accessories,France,1999,4.9,Luxury,No
BR0240,Fossil,Footwear,Italy,1976,3.4,Premium,Yes
BR0241,Wrangler,Sportswear,USA,1972,4.7,Mid-Range,Yes
BR0242,HRX,Sportswear,India,2003,4.6,Luxury,No
BR0243,Allen,Footwear,Italy,1956,4.5,Budget,No
BR0244,Ray-Ban,Accessories,France,1970,4.7,Mid-Range,Yes
BR0245,Puma,Accessories,Germany,1964,4.5,Mid-Range,Yes
BR0246,Forever 21,Footwear,Germany,1983,4.3,Premium,No
BR0247,Adidas,Accessories,USA,2015,3.3,Budget,Yes
BR0248,Casio,Sportswear,India,1963,3.1,Budget,Yes
BR0249,Mango,Clothing,USA,1965,4.8,Mid-Range,No
BR0250,Zara,Accessories,France,2006,4.2,Luxury,Yes
BR0251,H&M,Accessories,China,1967,4.6,Budget,Yes
BR0252,Casio,Sportswear,India,1981,4,Luxury,No
BR0253,Fastrack,Footwear,India,1984,3.2,Premium,No
BR0254,Skechers,Footwear,USA,2017,3.3,Luxury,Yes
BR0255,H&M,Sportswear,Germany,2002,4.4,Luxury,No
BR0256,Nike,Sportswear,USA,1951,3.9,Budget,Yes
BR0257,Woodland,Accessories,Germany,1971,3.4,Luxury,Yes
BR0258,Bata,Clothing,France,1969,4,Budget,No
BR0259,Titan,Sportswear,France,2020,3.1,Premium,No
BR0260,Skechers,Clothing,China,2017,4.2,Mid-Range,No
BR0261,Casio,Footwear,Italy,2006,3.5,Premium,No
BR0262,Van Heusen ,Accessories,India,1954,4.6,Premium,No
BR0263,H&M,Accessories,USA,1961,3.6,Premium,No
BR0264,Roadster,Footwear,India,1953,3.9,Premium,Yes
BR0265,Fastrack,Sportswear,Italy,1964,3,Budget,No
BR0266,Ray-Ban,Accessories,India,1956,3.1,Budget,No
BR0267,Fastrack,Clothing,Germany,1993,3.8,Mid-Range,Yes
BR0268,Skechers,Accessories,China,1967,4,Luxury,Yes
BR0269,Levi's,Accessories,Italy,1974,4.2,Premium,No
BR0270,Levi's,Footwear,France,2004,3.6,Luxury,Yes
BR0271,Puma,Clothing,Germany,1966,4.4,Luxury,Yes
BR0272,Casio,Clothing,China,2017,4.7,Luxury,No
BR0273,Ray-Ban,Sportswear,France,2004,4.6,Luxury,No
BR0274,Titan,Footwear,USA,2014,3.1,Mid-Range,No
BR0275,Casio,Footwear,France,2015,4,Budget,Yes
BR0276,Casio,Sportswear,India,1970,3.2,Premium,Yes
BR0277,HRX,Sportswear,India,1965,3.5,Premium,No
BR0278,Adidas,Footwear,India,1997,5,Premium,No
BR0279,Fastrack,Accessories,Germany,1953,3.3,Mid-Range,Yes
BR0280,Myntra,Sportswear,India,1989,4,Premium,Yes
BR0281,Zara,Sportswear,India,1965,4.2,Premium,Yes
BR0282,Adidas,Sportswear,Germany,1989,4.4,Luxury,No
BR0283,Bata,Sportswear,France,1966,4.1,Mid-Range,No
BR0284,Casio,Sportswear,USA,1991,3,Budget,No
BR0285,Bata,Footwear,Germany,1993,3.7,Budget,No
BR0286,Ray-Ban,Clothing,USA,1953,4,Premium,Yes
BR0287,Roadster,Clothing,USA,2019,3.2,Budget,Yes
BR0288,Fossil,Clothing,India,2018,3.7,Mid-Range,Yes
BR0289,Ray-Ban,Footwear,USA,2006,3.1,Budget,No
BR0290,Bata,Clothing,Germany,1952,3.2,Premium,No
BR0291,Zara,Sportswear,India,2017,3.8,Premium,No
BR0292,Ray-Ban,Clothing,India,1962,3.3,Mid-Range,No
BR0293,H&M,Footwear,China,1961,4.1,Mid-Range,No
BR0294,Titan,Footwear,India,1991,4.4,Mid-Range,Yes
BR0295,Adidas,Accessories,Germany,1962,4.6,Premium,Yes
BR0296,Titan,Accessories,China,1998,3.4,Budget,Yes
BR0297,Van Heusen ,Footwear,Italy,1980,3.3,Luxury,No
BR0298,Levi's,Accessories,India,1990,3.2,Luxury,No
BR0299,Puma,Sportswear,India,2002,4.3,Mid-Range,Yes
BR0300,Ray-Ban,Clothing,USA,1966,4.4,Premium,No
BR0301,Casio,Clothing,France,2014,3.1,Mid-Range,Yes
BR0302,Skechers,Footwear,USA,2018,4.9,Luxury,No
BR0303,Adidas,Clothing,Germany,1987,3.1,Mid-Range,Yes
BR0304,Adidas,Sportswear,China,1982,4.1,Luxury,No
BR0305,Roadster,Footwear,Italy,2015,4.4,Premium,Yes
BR0306,Zara,Clothing,China,1961,4.7,Luxury,Yes
BR0307,H&M,Accessories,Germany,1976,4.4,Premium,No
BR0308,Roadster,Accessories,France,2007,4.6,Premium,Yes
BR0309,Wrangler,Accessories,China,1976,3.7,Luxury,No
BR0310,Nike,Footwear,France,1950,4.6,Luxury,Yes
BR0311,Nike,Footwear,Germany,2012,3.2,Luxury,Yes
BR0312,Roadster,Clothing,Italy,1953,4.8,Luxury,Yes
BR0313,Skechers,Sportswear,Italy,1995,4.1,Luxury,Yes
BR0314,Nike,Clothing,Germany,1997,4.6,Mid-Range,No
BR0315,Nike,Footwear,France,1952,3.9,Premium,No
BR0316,Van Heusen ,Clothing,Italy,1988,4.3,Mid-Range,Yes
BR0317,Fossil,Accessories,India,1985,4.1,Luxury,Yes
BR0318,Nike,Footwear,France,2000,4.5,Budget,No
BR0319,Myntra,Sportswear,USA,2020,3.2,Mid-Range,Yes
BR0320,Puma,Footwear,France,1958,3.1,Mid-Range,No
BR0321,Myntra,Footwear,Italy,1985,3.5,Mid-Range,Yes
BR0322,Wrangler,Accessories,France,2008,3.3,Budget,No
BR0323,Roadster,Clothing,China,2005,4.7,Luxury,No
BR0324,Levi's,Sportswear,Germany,1996,3.4,Budget,Yes
BR0325,Adidas,Accessories,Germany,2018,5,Luxury,No
BR0326,Nike,Sportswear,USA,1992,3.7,Budget,Yes
BR0327,Allen,Sportswear,India,1981,3.4,Mid-Range,Yes
BR0328,Woodland,Accessories,India,1962,4.6,Budget,No
BR0329,Titan,Clothing,Italy,1992,4.3,Premium,Yes
BR0330,Levi's,Sportswear,USA,1993,4,Budget,No
BR0331,Mango,Footwear,India,2006,4.1,Budget,No
BR0332,Myntra,Clothing,India,1957,4.4,Budget,No
BR0333,Woodland,Clothing,USA,1957,3.5,Luxury,Yes
BR0334,Fastrack,Sportswear,India,1963,5,Budget,Yes
BR0335,Fastrack,Sportswear,Germany,1962,4.9,Luxury,Yes
BR0336,HRX,Clothing,Germany,1999,4.3,Luxury,No
BR0337,HRX,Clothing,China,1953,3.4,Luxury,No
BR0338,Myntra,Footwear,India,1963,4.4,Budget,Yes
BR0339,Myntra,Footwear,Italy,1966,3.1,Premium,No
BR0340,Titan,Sportswear,France,2006,3.1,Mid-Range,Yes
BR0341,H&M,Clothing,India,1966,3.5,Premium,No
BR0342,Mango,Accessories,China,2019,3.9,Mid-Range,Yes
BR0343,Fossil,Accessories,Italy,1993,4.7,Premium,No
BR0344,Nike,Footwear,India,1980,4.5,Budget,No
BR0345,Skechers,Footwear,USA,1975,4.5,Budget,No
BR0346,Van Heusen ,Sportswear,France,2009,3.9,Premium,No
BR0347,HRX,Accessories,Germany,1992,3.7,Mid-Range,Yes
BR0348,Casio,Clothing,Germany,1978,3.7,Budget,Yes
BR0349,Allen,Sportswear,Italy,1977,5,Mid-Range,No
BR0350,Woodland,Sportswear,USA,2001,3.1,Mid-Range,Yes
BR0351,Skechers,Clothing,India,1995,4.7,Budget,Yes
BR0352,H&M,Accessories,Germany,1974,4.2,Premium,Yes
BR0353,Nike,Footwear,USA,1986,3.9,Mid-Range,Yes
BR0354,Ray-Ban,Footwear,China,2020,4.5,Mid-Range,Yes
BR0355,Van Heusen ,Clothing,USA,1983,4,Budget,Yes
BR0356,Wrangler,Footwear,Germany,1964,4.7,Premium,Yes
BR0357,Fastrack,Sportswear,USA,1997,4.8,Premium,Yes
BR0358,Mango,Sportswear,France,1958,3.8,Budget,Yes
BR0359,H&M,Footwear,USA,2018,3.6,Luxury,No
BR0360,Woodland,Sportswear,France,1981,4.2,Budget,Yes
BR0361,Forever 21,Accessories,USA,1991,4.8,Mid-Range,Yes
BR0362,Roadster,Accessories,USA,2015,3.4,Luxury,Yes
BR0363,Puma,Sportswear,France,1958,4.2,Mid-Range,No
BR0364,Roadster,Accessories,Germany,2016,4.3,Luxury,Yes
BR0365,Woodland,Accessories,Italy,2011,4.5,Luxury,No
BR0366,Ray-Ban,Sportswear,France,1954,3.3,Mid-Range,Yes
BR0367,Van Heusen ,Sportswear,USA,2000,4.4,Mid-Range,No
BR0368,Titan,Sportswear,Italy,1970,4.8,Premium,No
BR0369,Forever 21,Clothing,USA,1960,3.4,Premium,No
BR0370,Mango,Accessories,USA,1955,3.5,Luxury,No
BR0371,Titan,Sportswear,Germany,2005,4.9,Luxury,No
BR0372,Fossil,Accessories,China,1998,3.4,Budget,Yes
BR0373,Casio,Footwear,China,1959,4.7,Premium,Yes
BR0374,Fastrack,Clothing,China,1979,4,Budget,Yes
BR0375,Puma,Accessories,India,2019,3.5,Mid-Range,No
BR0376,Van Heusen ,Accessories,China,1988,4.7,Premium,Yes
BR0377,HRX,Footwear,France,2019,3.9,Premium,Yes
BR0378,Fastrack,Accessories,China,2001,4,Luxury,Yes
BR0379,Fossil,Footwear,Germany,1979,3.7,Mid-Range,Yes
BR0380,Fossil,Footwear,Italy,2020,4.2,Luxury,No
BR0381,Woodland,Clothing,China,1974,3.3,Luxury,No
BR0382,Van Heusen ,Sportswear,Germany,1953,3.8,Premium,Yes
BR0383,Myntra,Footwear,China,1951,4.9,Luxury,No
BR0384,Woodland,Footwear,Germany,2004,3.5,Luxury,No
BR0385,Woodland,Clothing,Italy,1954,4.3,Mid-Range,Yes
BR0386,Woodland,Sportswear,Germany,1976,3.7,Luxury,Yes
BR0387,Forever 21,Sportswear,USA,2010,4.5,Budget,No
BR0388,Myntra,Sportswear,France,1988,3.3,Budget,Yes
BR0389,Levi's,Footwear,India,2012,4.9,Budget,Yes
BR0390,Van Heusen ,Clothing,Germany,1986,3.9,Mid-Range,Yes
BR0391,Fastrack,Clothing,Germany,1957,3.5,Premium,Yes
BR0392,Zara,Accessories,Germany,2000,3.1,Mid-Range,Yes
BR0393,H&M,Sportswear,Germany,1958,3.3,Luxury,Yes
BR0394,H&M,Footwear,China,2005,4,Luxury,Yes
BR0395,HRX,Accessories,Italy,1975,3.7,Luxury,No
BR0396,Van Heusen ,Clothing,USA,2007,4.7,Budget,No
BR0397,HRX,Footwear,Italy,1992,3.9,Luxury,No
BR0398,Casio,Clothing,France,1961,3.5,Premium,No
BR0399,Skechers,Accessories,Germany,1972,4.2,Luxury,Yes
BR0400,Zara,Sportswear,Germany,1999,4.4,Mid-Range,Yes
BR0401,Bata,Clothing,USA,1970,3.3,Premium,No
BR0402,Wrangler,Clothing,France,1977,3.3,Luxury,No
BR0403,Forever 21,Clothing,China,1959,3.1,Budget,No
BR0404,Titan,Sportswear,USA,1982,4.5,Mid-Range,Yes
BR0405,Casio,Clothing,India,2009,4.3,Luxury,No
BR0406,Bata,Footwear,Germany,1954,3.9,Budget,No
BR0407,Levi's,Footwear,China,2009,4.7,Luxury,No
BR0408,Puma,Clothing,Italy,1981,4.6,Luxury,Yes
BR0409,Fossil,Accessories,USA,1971,4.2,Budget,Yes
BR0410,Zara,Accessories,India,2018,4.7,Luxury,Yes
BR0411,Puma,Clothing,France,1984,3.4,Mid-Range,No
BR0412,Skechers,Footwear,USA,1954,3.2,Mid-Range,No
BR0413,Adidas,Clothing,Germany,1989,3.5,Luxury,Yes
BR0414,HRX,Clothing,India,1998,3.1,Mid-Range,Yes
BR0415,Skechers,Footwear,USA,1961,4.1,Budget,No
BR0416,Nike,Clothing,China,1974,4.9,Budget,Yes
BR0417,Levi's,Footwear,France,1971,3.1,Budget,No
BR0418,Mango,Clothing,China,1991,3.2,Mid-Range,Yes
BR0419,Forever 21,Sportswear,Germany,1965,3.9,Mid-Range,Yes
BR0420,Levi's,Accessories,China,1972,4.9,Budget,No
BR0421,Roadster,Accessories,India,1999,3.6,Mid-Range,No
BR0422,Allen,Clothing,France,1985,4,Premium,Yes
BR0423,Puma,Footwear,Germany,1988,3.1,Luxury,Yes
BR0424,Forever 21,Footwear,China,1962,3.3,Premium,No
BR0425,Wrangler,Footwear,China,1972,5,Premium,No
BR0426,Puma,Accessories,India,2007,4.9,Luxury,Yes
BR0427,Mango,Clothing,USA,1952,3,Budget,No
BR0428,Allen,Sportswear,USA,1960,4.9,Budget,Yes
BR0429,Skechers,Sportswear,China,1975,4.3,Mid-Range,No
BR0430,Van Heusen ,Clothing,USA,2006,4.7,Premium,Yes
BR0431,Ray-Ban,Accessories,France,1955,3.9,Luxury,No
BR0432,Nike,Footwear,France,1992,4,Premium,Yes
BR0433,Van Heusen ,Clothing,France,1981,4,Mid-Range,No
BR0434,Mango,Accessories,USA,2006,4.3,Budget,Yes
BR0435,Fossil,Clothing,USA,1956,3.3,Mid-Range,Yes
BR0436,H&M,Clothing,USA,2020,3.1,Mid-Range,Yes
BR0437,Mango,Clothing,Germany,2009,3.6,Premium,Yes
BR0438,Van Heusen ,Footwear,Germany,1972,4.4,Mid-Range,No
BR0439,Fastrack,Sportswear,France,1975,3.4,Premium,No
BR0440,Puma,Accessories,Germany,1998,4.3,Mid-Range,No
BR0441,Casio,Sportswear,Italy,2005,4.9,Mid-Range,No
BR0442,Nike,Sportswear,Germany,1960,3.2,Premium,Yes
BR0443,Forever 21,Footwear,China,1998,4.3,Luxury,No
BR0444,Casio,Accessories,Germany,2011,3.9,Budget,No
BR0445,H&M,Sportswear,USA,1969,4.7,Mid-Range,Yes
BR0446,Nike,Accessories,Germany,2001,3.4,Luxury,No
BR0447,Skechers,Sportswear,Germany,1989,4.4,Budget,No
BR0448,Adidas,Clothing,Germany,1970,4.7,Mid-Range,No
BR0449,Ray-Ban,Accessories,Italy,2012,4.9,Premium,Yes
BR0450,Roadster,Sportswear,Germany,1981,4.4,Mid-Range,No
BR0451,Adidas,Accessories,France,1953,4,Mid-Range,No
BR0452,HRX,Sportswear,France,1968,4.2,Premium,Yes
BR0453,HRX,Footwear,India,1964,4.7,Budget,No
BR0454,Bata,Clothing,Italy,1974,4.1,Luxury,Yes
BR0455,Titan,Accessories,France,1988,3.1,Luxury,No
BR0456,Titan,Clothing,India,1994,4.9,Mid-Range,No
BR0457,Van Heusen ,Sportswear,France,1989,4.4,Budget,Yes
BR0458,Fossil,Clothing,India,1958,4.4,Luxury,No
BR0459,Roadster,Accessories,France,2005,3.4,Mid-Range,Yes
BR0460,Skechers,Footwear,France,1967,4.3,Mid-Range,No
BR0461,Zara,Clothing,Germany,1977,3.8,Mid-Range,Yes
BR0462,Adidas,Footwear,USA,1983,4.3,Luxury,No
BR0463,Roadster,Clothing,France,1971,3.2,Budget,No
BR0464,Puma,Sportswear,India,1985,4.3,Budget,No
BR0465,Nike,Footwear,Germany,2012,5,Budget,Yes
BR0466,Adidas,Accessories,India,1955,3.1,Budget,Yes
BR0467,Mango,Clothing,Germany,2016,5,Premium,No
BR0468,Fossil,Accessories,Italy,2004,3.8,Premium,No
BR0469,Wrangler,Accessories,China,1980,4.7,Premium,No
BR0470,Bata,Clothing,China,1992,4.6,Budget,Yes
BR0471,Casio,Sportswear,France,1967,4.1,Budget,Yes
BR0472,Mango,Accessories,France,1981,4.5,Premium,No
BR0473,HRX,Sportswear,Italy,2002,4.8,Mid-Range,Yes
BR0474,Roadster,Accessories,India,1996,3.8,Budget,No
BR0475,Wrangler,Sportswear,USA,2012,3.7,Luxury,Yes
BR0476,Skechers,Sportswear,Germany,1962,4.3,Luxury,No
BR0477,HRX,Footwear,France,1968,4.6,Budget,Yes
BR0478,Fossil,Clothing,China,2020,4.5,Luxury,Yes
BR0479,Casio,Clothing,Germany,2019,4.6,Mid-Range,Yes
BR0480,Van Heusen ,Footwear,France,1961,3.9,Budget,No
BR0481,Nike,Footwear,China,1999,4.6,Premium,Yes
BR0482,Ray-Ban,Sportswear,France,1965,3.2,Mid-Range,No
BR0483,Puma,Accessories,USA,1958,4.1,Premium,No
BR0484,Bata,Sportswear,USA,1978,3,Premium,Yes
BR0485,Fastrack,Clothing,India,1961,3.6,Premium,Yes
BR0486,Levi's,Accessories,USA,1990,3.7,Luxury,Yes
BR0487,Fastrack,Clothing,Italy,2018,3.8,Mid-Range,No
BR0488,Titan,Accessories,China,1966,4.4,Mid-Range,Yes
BR0489,Bata,Clothing,Italy,2008,3.8,Premium,Yes
BR0490,Fastrack,Footwear,Germany,2008,3.9,Mid-Range,No
BR0491,H&M,Clothing,Italy,1990,3.5,Premium,Yes
BR0492,Ray-Ban,Sportswear,France,1977,3.7,Luxury,No
BR0493,Bata,Clothing,China,1969,3.5,Mid-Range,Yes
BR0494,Adidas,Footwear,Germany,2000,3.1,Premium,Yes
BR0495,Nike,Sportswear,China,2004,4.2,Luxury,No
BR0496,Bata,Sportswear,India,2017,4.3,Premium,No
BR0497,Van Heusen ,Sportswear,India,1966,4.2,Premium,Yes
BR0498,Fastrack,Sportswear,France,1970,3.9,Mid-Range,No
BR0499,Fossil,Accessories,USA,1976,3.8,Mid-Range,Yes
BR0500,Roadster,Clothing,China,1963,4.7,Mid-Range,No
BR0501,Titan,Footwear,India,1962,4,Premium,No
BR0502,Zara,Clothing,India,2015,4,Premium,No
BR0503,H&M,Sportswear,USA,1954,3.1,Budget,Yes
BR0504,Bata,Sportswear,China,1972,3.7,Luxury,Yes
BR0505,Casio,Sportswear,China,2006,3.8,Premium,Yes
BR0506,Levi's,Clothing,India,1965,3.8,Luxury,Yes
BR0507,Nike,Sportswear,China,1962,4.2,Mid-Range,No
BR0508,Fossil,Sportswear,China,1966,4.1,Budget,No
BR0509,Puma,Footwear,Germany,1952,4.2,Luxury,No
BR0510,Puma,Clothing,USA,1965,4.5,Mid-Range,Yes
BR0511,Nike,Sportswear,China,1965,4.6,Budget,Yes
BR0512,Myntra,Footwear,France,1970,4.4,Budget,No
BR0513,Adidas,Clothing,India,2014,4.9,Premium,No
BR0514,Forever 21,Footwear,Germany,1950,3,Mid-Range,No
BR0515,Adidas,Accessories,France,2018,3.4,Luxury,Yes
BR0516,Myntra,Sportswear,France,1990,3,Premium,Yes
BR0517,Levi's,Clothing,USA,1954,4.3,Mid-Range,Yes
BR0518,Fastrack,Footwear,USA,2020,4.8,Mid-Range,No
BR0519,Ray-Ban,Footwear,France,2004,3.5,Budget,No
BR0520,Ray-Ban,Sportswear,France,1970,4.9,Luxury,No
BR0521,Puma,Accessories,France,2004,3.1,Mid-Range,Yes
BR0522,Puma,Accessories,France,1974,4.9,Premium,Yes
BR0523,Titan,Footwear,China,2005,3.7,Luxury,Yes
BR0524,HRX,Footwear,India,1984,3.2,Budget,Yes
BR0525,Wrangler,Sportswear,India,1992,4,Budget,No
BR0526,Woodland,Accessories,USA,1978,3.5,Premium,Yes
BR0527,Levi's,Sportswear,USA,1998,3.6,Budget,Yes
BR0528,Zara,Accessories,Italy,2012,3.6,Budget,No
BR0529,Myntra,Accessories,Italy,1984,4.6,Budget,Yes
BR0530,Zara,Accessories,Germany,1973,4.1,Premium,No
BR0531,Fossil,Footwear,China,1951,3.6,Mid-Range,Yes
BR0532,H&M,Sportswear,Italy,1984,4.2,Budget,No
BR0533,Allen,Sportswear,France,2008,4.4,Mid-Range,No
BR0534,Skechers,Sportswear,Italy,1986,3.5,Premium,No
BR0535,Mango,Footwear,China,1961,3.8,Premium,No
BR0536,Woodland,Clothing,France,1960,3.2,Budget,Yes
BR0537,Puma,Footwear,Italy,1957,3.4,Budget,No
BR0538,Forever 21,Sportswear,India,2004,4.4,Mid-Range,No
BR0539,Fossil,Clothing,Germany,1951,3.4,Mid-Range,Yes
BR0540,Titan,Accessories,USA,2017,4.1,Budget,No
BR0541,Zara,Footwear,USA,1959,4.4,Premium,Yes
BR0542,Mango,Accessories,India,2004,3.2,Luxury,No
BR0543,Zara,Accessories,India,1993,4.1,Mid-Range,Yes
BR0544,Fastrack,Accessories,Germany,1987,3.5,Premium,Yes
BR0545,Nike,Sportswear,USA,1989,4.9,Budget,No
BR0546,HRX,Sportswear,India,1995,4,Budget,No
BR0547,Woodland,Accessories,China,1963,4.6,Budget,No
BR0548,Zara,Sportswear,China,1951,4.1,Budget,No
BR0549,Fossil,Footwear,India,2017,3.1,Mid-Range,No
BR0550,Levi's,Sportswear,India,1969,4.3,Premium,Yes
BR0551,Fossil,Sportswear,China,1988,4.9,Premium,No
BR0552,Zara,Accessories,India,2006,4.2,Luxury,Yes
BR0553,H&M,Accessories,France,2005,4.6,Budget,No
BR0554,Van Heusen ,Clothing,USA,1986,4.8,Budget,Yes
BR0555,Bata,Sportswear,France,1992,3.5,Budget,Yes
BR0556,Wrangler,Footwear,Germany,1984,3.4,Budget,No
BR0557,Fossil,Sportswear,France,1966,4.2,Premium,No
BR0558,Mango,Sportswear,USA,1964,3.8,Budget,Yes
BR0559,H&M,Footwear,China,2014,4.7,Budget,Yes
BR0560,Adidas,Accessories,Germany,1951,4.8,Luxury,No
BR0561,Fastrack,Accessories,Germany,1960,3.7,Luxury,Yes
BR0562,HRX,Footwear,France,2015,3.5,Mid-Range,Yes
BR0563,Ray-Ban,Clothing,China,1981,4.6,Luxury,Yes
BR0564,Fossil,Clothing,France,2014,3.5,Mid-Range,Yes
BR0565,Myntra,Footwear,USA,1965,4.6,Mid-Range,No
BR0566,Adidas,Accessories,USA,1968,3.8,Luxury,Yes
BR0567,HRX,Footwear,India,1956,4.3,Luxury,No
BR0568,Mango,Accessories,France,1979,3.2,Mid-Range,No
BR0569,Titan,Sportswear,India,2015,4.2,Luxury,Yes
BR0570,Fastrack,Clothing,China,1996,3.9,Premium,No
BR0571,Titan,Footwear,China,1956,4.2,Mid-Range,Yes
BR0572,Nike,Clothing,France,1991,3.3,Mid-Range,No
BR0573,Fossil,Accessories,Italy,1962,4.5,Luxury,Yes
BR0574,Ray-Ban,Sportswear,China,1992,4.7,Premium,Yes
BR0575,Levi's,Clothing,France,2020,3.4,Mid-Range,No
BR0576,Skechers,Accessories,France,2017,3.2,Premium,Yes
BR0577,Roadster,Accessories,USA,1999,3,Budget,Yes
BR0578,H&M,Clothing,India,1974,4.3,Mid-Range,No
BR0579,Levi's,Clothing,Italy,1993,4.2,Premium,No
BR0580,Van Heusen ,Footwear,India,1966,4.1,Mid-Range,No
BR0581,Forever 21,Accessories,Italy,1994,3.5,Premium,No
BR0582,Roadster,Clothing,Germany,1958,3.8,Luxury,No
BR0583,Mango,Clothing,USA,1985,4.2,Mid-Range,No
BR0584,Adidas,Clothing,France,1974,4,Luxury,No
BR0585,Wrangler,Clothing,USA,2006,5,Luxury,No
BR0586,Bata,Accessories,USA,1973,3.3,Budget,Yes
BR0587,Myntra,Footwear,Italy,1951,4.4,Luxury,No
BR0588,Fastrack,Footwear,China,1984,3.8,Budget,Yes
BR0589,Allen,Clothing,Italy,1980,3.9,Premium,Yes
BR0590,Roadster,Footwear,China,1967,4.4,Premium,Yes
BR0591,Roadster,Footwear,USA,2018,4.4,Budget,Yes
BR0592,Roadster,Accessories,France,1997,5,Premium,Yes
BR0593,Forever 21,Accessories,France,1967,3.3,Luxury,No
BR0594,Woodland,Clothing,France,1951,3.2,Premium,Yes
BR0595,Ray-Ban,Footwear,China,1952,4.4,Budget,No
BR0596,Roadster,Accessories,France,2020,4.2,Mid-Range,No
BR0597,Allen,Accessories,China,1976,3.5,Luxury,Yes
BR0598,Casio,Footwear,France,2005,3.2,Premium,Yes
BR0599,Fossil,Clothing,Germany,1973,3.2,Luxury,Yes
BR0600,Zara,Footwear,Italy,2012,4.8,Mid-Range,No
BR0601,Nike,Accessories,USA,1972,3.4,Luxury,Yes
BR0602,Puma,Footwear,India,2004,3.6,Mid-Range,No
BR0603,Roadster,Sportswear,India,2017,3.5,Mid-Range,Yes
BR0604,HRX,Clothing,Germany,1999,3.7,Budget,Yes
BR0605,Nike,Clothing,USA,1981,3.1,Budget,No
BR0606,H&M,Clothing,India,1963,4,Premium,Yes
BR0607,Van Heusen ,Footwear,Germany,2006,3.1,Mid-Range,No
BR0608,Woodland,Sportswear,USA,1981,4.6,Budget,No
BR0609,Roadster,Clothing,India,1955,3.5,Budget,No
BR0610,Levi's,Sportswear,USA,1950,4.1,Mid-Range,Yes
BR0611,Allen,Sportswear,Germany,1968,4.8,Premium,No
BR0612,Allen,Sportswear,France,1964,4.3,Luxury,Yes
BR0613,Levi's,Footwear,India,1986,4.1,Premium,Yes
BR0614,HRX,Accessories,India,1996,3.6,Budget,Yes
BR0615,HRX,Footwear,USA,2004,3.7,Premium,Yes
BR0616,Wrangler,Sportswear,USA,1988,4.3,Premium,No
BR0617,Levi's,Accessories,Germany,1997,5,Premium,Yes
BR0618,Nike,Footwear,France,1968,4.3,Premium,Yes
BR0619,Bata,Sportswear,France,2011,4.1,Budget,Yes
BR0620,Myntra,Sportswear,France,1985,4.5,Mid-Range,Yes
BR0621,Woodland,Footwear,USA,1999,3.9,Premium,No
BR0622,Fossil,Sportswear,Germany,2002,3.1,Premium,Yes
BR0623,Roadster,Footwear,Germany,2003,4.1,Luxury,No
BR0624,Forever 21,Footwear,Germany,1960,4.9,Luxury,Yes
BR0625,Puma,Footwear,China,1950,3.4,Mid-Range,Yes
BR0626,Skechers,Sportswear,USA,1964,4.4,Budget,No
BR0627,Skechers,Footwear,China,2008,3.4,Mid-Range,No
BR0628,Allen,Footwear,USA,1957,4.1,Mid-Range,Yes
BR0629,H&M,Sportswear,France,1953,3.2,Luxury,No
BR0630,Adidas,Clothing,France,1959,3.9,Luxury,Yes
BR0631,Nike,Footwear,China,1968,4.5,Budget,Yes
BR0632,Puma,Clothing,Italy,2003,3.7,Mid-Range,Yes
BR0633,Fossil,Footwear,France,2017,4.3,Premium,No
BR0634,Titan,Accessories,Germany,1951,4.6,Premium,Yes
BR0635,H&M,Clothing,France,1954,4.9,Mid-Range,Yes
BR0636,Nike,Sportswear,Germany,2008,3.5,Premium,No
BR0637,Allen,Sportswear,USA,1984,3.8,Budget,No
BR0638,H&M,Footwear,Germany,1957,3.3,Mid-Range,No
BR0639,Zara,Clothing,France,2009,5,Luxury,No
BR0640,Roadster,Sportswear,Germany,1971,4.9,Budget,No
BR0641,Roadster,Sportswear,USA,1984,4.1,Budget,Yes
BR0642,Puma,Accessories,Italy,1992,4.7,Budget,Yes
BR0643,Fastrack,Footwear,Italy,1963,4,Budget,Yes
BR0644,HRX,Clothing,China,1974,4.2,Mid-Range,Yes
BR0645,Allen,Accessories,India,1955,3.2,Luxury,Yes
BR0646,Adidas,Accessories,India,1989,4.5,Budget,No
BR0647,Fastrack,Sportswear,Italy,1974,3.3,Premium,No
BR0648,Skechers,Footwear,France,1962,4.7,Premium,No
BR0649,Mango,Clothing,Italy,1969,4.6,Budget,No
BR0650,Fossil,Clothing,China,1970,4.4,Mid-Range,No
BR0651,Puma,Clothing,France,1979,3.1,Mid-Range,Yes
BR0652,Zara,Accessories,Germany,1966,3.6,Premium,No
BR0653,Skechers,Sportswear,India,1999,3.5,Mid-Range,Yes
BR0654,HRX,Clothing,USA,2013,3.7,Budget,Yes
BR0655,H&M,Accessories,Italy,1961,3.2,Luxury,Yes
BR0656,Casio,Accessories,USA,1987,4.9,Mid-Range,Yes
BR0657,Ray-Ban,Accessories,China,1961,4.1,Budget,Yes
BR0658,Casio,Accessories,Germany,1982,3.6,Luxury,Yes
BR0659,Levi's,Sportswear,India,1996,3.8,Premium,No
BR0660,Titan,Footwear,Germany,1996,3.9,Premium,No
BR0661,Puma,Sportswear,Italy,2007,4.2,Premium,Yes
BR0662,HRX,Clothing,France,1981,4,Budget,Yes
BR0663,Levi's,Accessories,Germany,1970,4.8,Luxury,Yes
BR0664,Allen,Sportswear,Germany,1961,4,Premium,No
BR0665,Casio,Sportswear,India,1960,5,Mid-Range,Yes
BR0666,Bata,Sportswear,USA,2001,4.7,Premium,Yes
BR0667,Woodland,Accessories,Italy,2012,3.4,Mid-Range,No
BR0668,Levi's,Accessories,Germany,1954,4.9,Mid-Range,No
BR0669,H&M,Footwear,China,1954,3.2,Luxury,Yes
BR0670,Skechers,Sportswear,Germany,1977,4.6,Budget,Yes
BR0671,Nike,Sportswear,China,1982,3.8,Mid-Range,Yes
BR0672,H&M,Clothing,China,2001,4.8,Budget,No
BR0673,Casio,Sportswear,Italy,1977,4.7,Premium,Yes
BR0674,Adidas,Clothing,Germany,1993,4.6,Premium,Yes
BR0675,Van Heusen ,Accessories,Germany,2011,4.6,Luxury,Yes
BR0676,Titan,Accessories,France,1999,3.6,Budget,Yes
BR0677,Puma,Footwear,China,1990,3.2,Budget,Yes
BR0678,Casio,Footwear,Germany,1990,3.8,Budget,No
BR0679,Ray-Ban,Clothing,Germany,1966,3.3,Luxury,Yes
BR0680,Adidas,Footwear,France,1974,4.4,Luxury,Yes
BR0681,HRX,Sportswear,USA,1994,3.7,Mid-Range,Yes
BR0682,Wrangler,Clothing,China,1996,5,Budget,No
BR0683,Fastrack,Clothing,France,2013,4.3,Luxury,No
BR0684,Titan,Accessories,China,2019,4.6,Luxury,No
BR0685,Levi's,Footwear,Germany,2004,3.3,Premium,Yes
BR0686,Forever 21,Footwear,Italy,2005,4.7,Luxury,No
BR0687,Wrangler,Sportswear,France,1986,4.8,Budget,Yes
BR0688,Levi's,Clothing,France,1952,4,Luxury,Yes
BR0689,Fossil,Clothing,France,2006,4.2,Budget,No
BR0690,Titan,Footwear,USA,2008,4.5,Luxury,Yes
BR0691,Van Heusen ,Sportswear,India,1994,3.3,Luxury,No
BR0692,Roadster,Sportswear,India,1997,4,Mid-Range,No
BR0693,Ray-Ban,Accessories,China,2003,3.8,Mid-Range,Yes
BR0694,Titan,Clothing,India,1953,3.3,Mid-Range,No
BR0695,Mango,Accessories,China,1971,3.7,Luxury,Yes
BR0696,Forever 21,Sportswear,USA,2000,3.1,Budget,No
BR0697,H&M,Sportswear,France,1972,3.1,Luxury,No
BR0698,Mango,Footwear,Germany,1979,3.3,Budget,Yes
BR0699,Mango,Clothing,France,2000,4.9,Premium,Yes
BR0700,Woodland,Footwear,India,1961,4.1,Budget,No
BR0701,Nike,Footwear,India,2019,4.9,Budget,No
BR0702,Nike,Footwear,Germany,1995,3.9,Mid-Range,Yes
BR0703,Roadster,Footwear,China,1974,3.6,Mid-Range,No
BR0704,Ray-Ban,Clothing,China,1960,4,Mid-Range,Yes
BR0705,Roadster,Clothing,India,2008,3.9,Budget,Yes
BR0706,H&M,Accessories,China,1973,3.2,Budget,Yes
BR0707,Fossil,Accessories,USA,2000,4.3,Budget,No
BR0708,Nike,Sportswear,India,2012,3.4,Budget,Yes
BR0709,Wrangler,Sportswear,Germany,1990,4.2,Luxury,Yes
BR0710,Zara,Accessories,India,1972,4.3,Budget,Yes
BR0711,Woodland,Accessories,Germany,2019,3.3,Budget,Yes
BR0712,Mango,Accessories,India,1974,3.1,Budget,Yes
BR0713,Mango,Footwear,USA,1996,4.6,Budget,Yes
BR0714,Nike,Accessories,USA,1978,3.9,Budget,Yes
BR0715,Ray-Ban,Accessories,Germany,1975,3.1,Budget,No
BR0716,Forever 21,Accessories,Germany,2013,5,Luxury,No
BR0717,Van Heusen ,Accessories,USA,1975,3.1,Premium,No
BR0718,Levi's,Accessories,USA,1976,4.4,Luxury,No
BR0719,Casio,Sportswear,Italy,1984,5,Premium,Yes
BR0720,HRX,Sportswear,Germany,1975,3.5,Premium,No
BR0721,Roadster,Clothing,Germany,1971,3.3,Budget,No
BR0722,Myntra,Sportswear,China,2017,3.2,Premium,No
BR0723,Nike,Clothing,USA,1991,3.6,Luxury,Yes
BR0724,Skechers,Footwear,India,1977,3.2,Premium,No
BR0725,H&M,Accessories,India,1951,4.4,Premium,Yes
BR0726,Woodland,Footwear,Germany,1991,3.1,Mid-Range,Yes
BR0727,Bata,Accessories,Italy,1977,4,Mid-Range,Yes
BR0728,Forever 21,Accessories,France,1959,5,Luxury,No
BR0729,Woodland,Accessories,USA,1975,4.6,Budget,No
BR0730,Fossil,Clothing,China,2003,4.2,Budget,Yes
BR0731,Casio,Footwear,Italy,1991,3.6,Luxury,Yes
BR0732,Myntra,Clothing,China,1952,4.2,Budget,No
BR0733,Fastrack,Footwear,Germany,1954,4.1,Budget,No
BR0734,Roadster,Clothing,India,2010,3.9,Budget,No
BR0735,Fastrack,Accessories,China,1994,3.3,Luxury,Yes
BR0736,Forever 21,Accessories,Germany,1956,4.8,Luxury,No
BR0737,Casio,Sportswear,France,1965,3.9,Premium,Yes
BR0738,Nike,Footwear,India,1951,3.4,Mid-Range,Yes
BR0739,Woodland,Sportswear,USA,1971,3.7,Budget,Yes
BR0740,Skechers,Clothing,France,1956,3.8,Premium,Yes
BR0741,Levi's,Clothing,China,1959,4.7,Premium,No
BR0742,HRX,Sportswear,China,1971,4.5,Mid-Range,No
BR0743,Levi's,Footwear,China,1968,4.5,Luxury,No
BR0744,Wrangler,Clothing,Italy,2017,3,Mid-Range,No
BR0745,Wrangler,Sportswear,China,1991,3.8,Luxury,Yes
BR0746,Puma,Accessories,China,1960,4,Premium,Yes
BR0747,Wrangler,Footwear,France,1959,3,Budget,No
BR0748,Adidas,Footwear,India,1977,3.5,Luxury,No
BR0749,Van Heusen ,Sportswear,India,1993,4.5,Mid-Range,No
BR0750,Fastrack,Sportswear,France,1969,3.3,Budget,Yes
BR0751,Allen,Accessories,Germany,2007,4.1,Mid-Range,No
BR0752,Van Heusen ,Clothing,China,2004,3.4,Mid-Range,No
BR0753,Myntra,Clothing,USA,2009,3,Budget,Yes
BR0754,Allen,Clothing,Germany,1973,3.5,Premium,Yes
BR0755,Fossil,Sportswear,China,1983,5,Budget,Yes
BR0756,Skechers,Sportswear,USA,1969,4.6,Luxury,No
BR0757,Mango,Accessories,India,2006,4.9,Premium,No
BR0758,Levi's,Clothing,France,1998,4,Luxury,Yes
BR0759,Fastrack,Footwear,Germany,1972,3.2,Premium,No
BR0760,Mango,Sportswear,India,1956,4.1,Mid-Range,Yes
BR0761,Allen,Clothing,India,1954,3.9,Premium,Yes
BR0762,Puma,Clothing,China,1978,4.7,Luxury,No
BR0763,Bata,Clothing,USA,1984,3.2,Luxury,Yes
BR0764,Zara,Footwear,China,1986,4,Premium,Yes
BR0765,Levi's,Footwear,Italy,2011,3.3,Premium,Yes
BR0766,Zara,Accessories,France,1958,3.6,Mid-Range,Yes
BR0767,Woodland,Sportswear,USA,1951,4.5,Luxury,No
BR0768,Woodland,Clothing,USA,1983,4,Budget,Yes
BR0769,Wrangler,Clothing,Italy,1995,3.8,Luxury,Yes
BR0770,Fossil,Footwear,Germany,1964,3.8,Budget,Yes
BR0771,Myntra,Accessories,USA,2017,3.9,Mid-Range,Yes
BR0772,Levi's,Clothing,China,1992,4.6,Luxury,No
BR0773,Skechers,Accessories,France,2012,4.8,Premium,No
BR0774,Casio,Clothing,China,1988,4.9,Premium,No
BR0775,Levi's,Accessories,France,2016,4.6,Budget,Yes
BR0776,Titan,Footwear,France,1968,3.6,Premium,No
BR0777,Nike,Footwear,Italy,2005,4.4,Premium,Yes
BR0778,Puma,Footwear,Germany,1963,3.9,Premium,No
BR0779,Mango,Footwear,China,1994,3.5,Premium,No
BR0780,Myntra,Sportswear,China,1989,4.7,Mid-Range,Yes
BR0781,Myntra,Accessories,Italy,1965,3.1,Luxury,No
BR0782,Myntra,Accessories,China,1964,4.8,Budget,No
BR0783,Wrangler,Footwear,Germany,1969,3.9,Premium,Yes
BR0784,Fastrack,Sportswear,China,1958,4.3,Premium,Yes
BR0785,Casio,Clothing,USA,1986,4.3,Budget,Yes
BR0786,Fossil,Accessories,India,2005,4.8,Premium,Yes
BR0787,Adidas,Accessories,USA,1994,4.3,Premium,Yes
BR0788,Puma,Accessories,USA,1975,4.2,Luxury,Yes
BR0789,Fastrack,Footwear,India,2010,3.1,Premium,Yes
BR0790,Wrangler,Sportswear,Germany,2001,4,Budget,No
BR0791,Fastrack,Accessories,USA,2005,3.3,Premium,Yes
BR0792,Wrangler,Footwear,China,1967,4.5,Luxury,Yes
BR0793,Fastrack,Accessories,India,1988,4,Luxury,Yes
BR0794,Bata,Sportswear,India,1967,4.4,Luxury,No
BR0795,Mango,Accessories,Germany,1995,3.1,Luxury,No
BR0796,Titan,Sportswear,Germany,1953,3.2,Budget,No
BR0797,Puma,Footwear,Italy,1988,4.4,Mid-Range,No
BR0798,H&M,Accessories,India,2000,3.1,Mid-Range,No
BR0799,Wrangler,Clothing,Germany,2016,3.1,Luxury,Yes
BR0800,Puma,Clothing,China,1963,3,Premium,Yes
BR0801,Fastrack,Sportswear,France,1992,4.9,Budget,Yes
BR0802,Myntra,Clothing,France,1976,4.5,Mid-Range,No
BR0803,H&M,Footwear,France,1969,3.7,Premium,No
BR0804,Nike,Sportswear,Italy,1975,3.6,Budget,Yes
BR0805,Nike,Footwear,Italy,1965,3.7,Budget,Yes
BR0806,Van Heusen ,Clothing,Germany,1953,4.5,Luxury,No
BR0807,Adidas,Clothing,China,2001,4.3,Luxury,Yes
BR0808,Allen,Accessories,Italy,2006,3.4,Budget,No
BR0809,H&M,Clothing,USA,1968,3.3,Mid-Range,Yes
BR0810,Mango,Footwear,Germany,2011,3.2,Premium,No
BR0811,Wrangler,Clothing,Italy,2013,4.3,Premium,No
BR0812,Bata,Sportswear,France,1963,4.5,Luxury,No
BR0813,Titan,Footwear,India,1986,3.5,Luxury,Yes
BR0814,Myntra,Sportswear,India,1988,3,Budget,No
BR0815,Adidas,Accessories,USA,2009,3.2,Luxury,No
BR0816,Nike,Footwear,China,2014,4.9,Mid-Range,No
BR0817,Mango,Sportswear,Italy,1958,3.6,Mid-Range,Yes
BR0818,Skechers,Accessories,Germany,1967,4.5,Premium,No
BR0819,Bata,Clothing,France,2011,4.2,Luxury,No
BR0820,HRX,Footwear,Italy,2014,3.8,Premium,Yes
BR0821,Woodland,Accessories,Italy,2001,3.4,Budget,Yes
BR0822,Nike,Footwear,USA,1962,3.2,Budget,No
BR0823,Wrangler,Sportswear,China,1979,4.2,Mid-Range,Yes
BR0824,Zara,Sportswear,Germany,1958,4.5,Budget,No
BR0825,Levi's,Clothing,France,1959,4.3,Luxury,No
BR0826,HRX,Clothing,USA,1991,4.1,Budget,No
BR0827,Bata,Footwear,France,1975,3.1,Mid-Range,No
BR0828,Fossil,Sportswear,France,1986,4.9,Mid-Range,Yes
BR0829,Zara,Sportswear,Italy,1974,4.6,Budget,Yes
BR0830,Roadster,Clothing,USA,1954,3.6,Mid-Range,Yes
BR0831,Skechers,Sportswear,Italy,2019,5,Budget,No
BR0832,Zara,Sportswear,USA,1976,4.2,Luxury,No
BR0833,Skechers,Footwear,India,2006,4.2,Luxury,No
BR0834,Puma,Clothing,USA,2016,4.5,Premium,Yes
BR0835,Levi's,Sportswear,USA,1956,4.6,Premium,Yes
BR0836,Allen,Accessories,China,1999,4.3,Premium,Yes
BR0837,Zara,Accessories,India,2018,3.3,Mid-Range,No
BR0838,Bata,Clothing,Italy,1964,3.7,Luxury,No
BR0839,Roadster,Clothing,India,1993,4.9,Luxury,No
BR0840,Van Heusen ,Accessories,India,1967,3.4,Mid-Range,No
BR0841,Wrangler,Clothing,USA,2013,3.7,Budget,Yes
BR0842,Skechers,Clothing,Germany,1960,3.9,Luxury,Yes
BR0843,Ray-Ban,Clothing,India,1954,3.9,Luxury,Yes
BR0844,Roadster,Accessories,Germany,2011,4.2,Premium,Yes
BR0845,Nike,Clothing,India,1975,4.9,Luxury,Yes
BR0846,Forever 21,Sportswear,India,1999,3.5,Luxury,Yes
BR0847,Titan,Sportswear,Italy,1967,3.2,Budget,No
BR0848,Levi's,Accessories,China,1974,3.4,Premium,No
BR0849,Adidas,Footwear,USA,1961,4.8,Budget,Yes
BR0850,Titan,Clothing,India,1981,4.3,Budget,Yes
BR0851,Adidas,Footwear,Germany,1973,3.6,Premium,Yes
BR0852,Woodland,Accessories,Italy,1981,4.6,Premium,Yes
BR0853,HRX,Sportswear,Germany,1965,4.7,Budget,Yes
BR0854,Ray-Ban,Footwear,Germany,1995,4.7,Mid-Range,No
BR0855,Fastrack,Accessories,Italy,1987,4.8,Mid-Range,No
BR0856,Woodland,Clothing,India,1994,3.5,Luxury,No
BR0857,Ray-Ban,Clothing,USA,1967,4.5,Mid-Range,No
BR0858,Forever 21,Footwear,India,1997,3.9,Mid-Range,Yes
BR0859,Allen,Sportswear,France,2008,4.7,Budget,Yes
BR0860,Fossil,Clothing,China,1985,4.5,Luxury,No
BR0861,Puma,Clothing,China,1999,4.6,Luxury,Yes
BR0862,Bata,Sportswear,Germany,1955,4.3,Mid-Range,Yes
BR0863,Bata,Footwear,France,2005,3.4,Budget,No
BR0864,Adidas,Accessories,India,1993,4.1,Premium,Yes
BR0865,Nike,Accessories,France,2005,5,Luxury,Yes
BR0866,Levi's,Sportswear,France,1986,4.9,Luxury,No
BR0867,Myntra,Accessories,USA,1998,3.1,Luxury,Yes
BR0868,H&M,Clothing,China,1985,3.3,Budget,Yes
BR0869,Forever 21,Accessories,China,2000,3.3,Budget,No
BR0870,Skechers,Accessories,France,1982,4.5,Budget,Yes
BR0871,Fastrack,Accessories,China,1972,4.6,Luxury,No
BR0872,Nike,Sportswear,India,2009,3.4,Budget,No
BR0873,Fossil,Footwear,Germany,1957,4,Budget,No
BR0874,HRX,Accessories,India,2006,4.7,Mid-Range,No
BR0875,Ray-Ban,Accessories,Germany,1966,4.5,Mid-Range,Yes
BR0876,H&M,Clothing,USA,1964,4.1,Budget,Yes
BR0877,Wrangler,Sportswear,Italy,1990,4.2,Budget,Yes
BR0878,Adidas,Accessories,China,1952,4,Premium,Yes
BR0879,HRX,Footwear,China,1963,3.6,Budget,No
BR0880,Levi's,Clothing,USA,1976,4.1,Premium,No
BR0881,Wrangler,Sportswear,India,2004,4.4,Premium,Yes
BR0882,Nike,Accessories,Italy,1996,4.7,Premium,No
BR0883,Roadster,Accessories,Germany,1987,4.3,Budget,Yes
BR0884,Skechers,Clothing,China,1969,4.5,Budget,Yes
BR0885,HRX,Footwear,China,2015,3.3,Premium,Yes
BR0886,Bata,Clothing,France,1969,3.9,Luxury,Yes
BR0887,Puma,Footwear,Italy,2014,3,Luxury,Yes
BR0888,Mango,Clothing,Italy,2010,3.5,Luxury,No
BR0889,Ray-Ban,Footwear,Italy,1987,4.5,Mid-Range,No
BR0890,Allen,Accessories,USA,2008,5,Premium,Yes
BR0891,Allen,Sportswear,France,2002,3.2,Premium,Yes
BR0892,Skechers,Clothing,China,2011,3.8,Mid-Range,No
BR0893,Titan,Footwear,Italy,1966,4.6,Mid-Range,No
BR0894,Wrangler,Footwear,Italy,1983,3.4,Premium,No
BR0895,Woodland,Clothing,India,2002,4.1,Luxury,Yes
BR0896,Myntra,Sportswear,France,1975,4.5,Mid-Range,No
BR0897,Nike,Footwear,India,2003,4.2,Premium,No
BR0898,Levi's,Footwear,India,2005,3.4,Budget,Yes
BR0899,Puma,Footwear,Italy,2017,3.7,Luxury,No
BR0900,Skechers,Footwear,Germany,1980,4.6,Premium,Yes
BR0901,Woodland,Accessories,Italy,1963,4.1,Budget,Yes
BR0902,Skechers,Sportswear,Germany,2007,3,Luxury,No
BR0903,Fossil,Footwear,France,1973,4.5,Budget,Yes
BR0904,Nike,Accessories,France,2008,3.1,Luxury,No
BR0905,Casio,Footwear,Italy,1985,4.5,Budget,Yes
BR0906,Fastrack,Sportswear,China,1956,3.4,Luxury,No
BR0907,Woodland,Sportswear,China,1972,4.9,Mid-Range,Yes
BR0908,Van Heusen ,Sportswear,Italy,1985,3.7,Premium,Yes
BR0909,Skechers,Accessories,USA,1965,3.7,Premium,No
BR0910,Fossil,Sportswear,USA,1971,3.3,Premium,No
BR0911,HRX,Clothing,USA,1985,3.6,Mid-Range,Yes
BR0912,Van Heusen ,Footwear,India,1955,4.8,Mid-Range,Yes
BR0913,Fossil,Clothing,China,1976,5,Premium,No
BR0914,Casio,Footwear,Germany,1987,3.7,Budget,Yes
BR0915,Casio,Sportswear,Germany,1983,3.9,Budget,Yes
BR0916,Ray-Ban,Clothing,China,1960,4.4,Mid-Range,Yes
BR0917,Woodland,Footwear,Italy,1992,4.8,Premium,No
BR0918,Roadster,Clothing,France,1990,4.2,Budget,No
BR0919,Levi's,Accessories,USA,1954,3.8,Budget,Yes
BR0920,H&M,Sportswear,USA,1975,3.8,Premium,No
BR0921,H&M,Sportswear,USA,2013,4.4,Premium,Yes
BR0922,Van Heusen ,Clothing,Italy,1977,3,Budget,No
BR0923,Puma,Sportswear,Italy,1976,4.2,Mid-Range,Yes
BR0924,Titan,Accessories,Italy,1998,3.7,Mid-Range,No
BR0925,Fossil,Footwear,China,1979,4.6,Premium,No
BR0926,Fossil,Sportswear,Italy,1995,3.2,Luxury,No
BR0927,Levi's,Footwear,India,1986,4.2,Luxury,No
BR0928,Woodland,Footwear,France,2004,4,Budget,Yes
BR0929,Casio,Accessories,France,1964,4.3,Premium,No
BR0930,H&M,Sportswear,Germany,2002,3.1,Mid-Range,Yes
BR0931,Fastrack,Accessories,Italy,1977,4.2,Luxury,Yes
BR0932,Forever 21,Accessories,China,1990,4.1,Luxury,No
BR0933,Casio,Sportswear,Germany,1983,4.1,Budget,No
BR0934,Fossil,Footwear,China,1955,4.2,Premium,No
BR0935,Titan,Footwear,Italy,1971,4.4,Mid-Range,Yes
BR0936,HRX,Accessories,USA,2019,4.6,Budget,Yes
BR0937,Bata,Clothing,France,1992,3.5,Premium,Yes
BR0938,Roadster,Clothing,Italy,1976,4.7,Premium,Yes
BR0939,Zara,Sportswear,France,1979,4,Premium,Yes
BR0940,Skechers,Accessories,Germany,1977,3.2,Mid-Range,Yes
BR0941,Adidas,Clothing,Italy,1963,3.1,Luxury,No
BR0942,Adidas,Footwear,China,1988,3.7,Budget,Yes
BR0943,Roadster,Footwear,India,1984,4.6,Budget,No
BR0944,Roadster,Sportswear,USA,1984,4.4,Budget,Yes
BR0945,Puma,Sportswear,India,1951,4.6,Mid-Range,Yes
BR0946,Myntra,Sportswear,USA,1989,4,Premium,No
BR0947,Mango,Clothing,China,1985,3.9,Luxury,Yes
BR0948,Levi's,Accessories,France,2010,3.3,Luxury,No
BR0949,Titan,Clothing,USA,2002,3.7,Premium,No
BR0950,Fastrack,Footwear,Germany,1952,3.9,Luxury,No
BR0951,Skechers,Clothing,Germany,1978,3.2,Budget,No
BR0952,Allen,Sportswear,China,2011,3.4,Budget,No
BR0953,Woodland,Footwear,France,1960,4.2,Budget,Yes
BR0954,Van Heusen ,Sportswear,Italy,1981,4.5,Budget,Yes
BR0955,Bata,Sportswear,Italy,1979,5,Budget,No
BR0956,Ray-Ban,Sportswear,China,1993,4.9,Mid-Range,Yes
BR0957,Woodland,Sportswear,India,1984,4.3,Mid-Range,No
BR0958,Forever 21,Sportswear,China,1980,3.8,Premium,No
BR0959,Fossil,Clothing,India,2004,4.3,Budget,No
BR0960,H&M,Clothing,USA,2016,4.6,Budget,Yes
BR0961,Van Heusen ,Sportswear,India,1954,3.2,Luxury,No
BR0962,Zara,Sportswear,USA,2020,3.8,Luxury,No
BR0963,Nike,Accessories,India,2005,4.7,Premium,No
BR0964,Mango,Accessories,Italy,1997,3.8,Mid-Range,Yes
BR0965,Fastrack,Footwear,Italy,1997,4.1,Premium,No
BR0966,Casio,Footwear,China,1967,4.2,Mid-Range,No
BR0967,Nike,Accessories,Germany,1972,3.4,Mid-Range,No
BR0968,Puma,Clothing,China,1974,3.7,Mid-Range,Yes
BR0969,Forever 21,Sportswear,China,1962,3.7,Budget,No
BR0970,HRX,Footwear,India,1994,3.1,Mid-Range,No
BR0971,Roadster,Clothing,USA,1985,3,Premium,No
BR0972,Myntra,Accessories,China,2001,4.7,Premium,Yes
BR0973,Puma,Footwear,India,1977,3.5,Premium,Yes
BR0974,Ray-Ban,Clothing,USA,2016,4,Luxury,No
BR0975,Myntra,Accessories,France,2010,3.6,Mid-Range,Yes
BR0976,Nike,Footwear,USA,1961,4.9,Mid-Range,Yes
BR0977,Zara,Sportswear,India,1991,3.5,Budget,Yes
BR0978,H&M,Sportswear,Germany,2010,3.9,Premium,No
BR0979,Mango,Clothing,USA,2000,4.7,Luxury,No
BR0980,Fossil,Accessories,China,2016,4.7,Premium,Yes
BR0981,HRX,Footwear,USA,1985,3.4,Mid-Range,No
BR0982,Forever 21,Sportswear,Germany,1982,4.6,Budget,No
BR0983,Roadster,Accessories,USA,1953,3.9,Premium,No
BR0984,Wrangler,Accessories,France,2004,4,Mid-Range,Yes
BR0985,Bata,Accessories,USA,1951,3.3,Mid-Range,No
BR0986,Skechers,Footwear,India,1989,3.2,Premium,Yes
BR0987,Skechers,Accessories,Italy,1951,4.5,Premium,Yes
BR0988,Roadster,Accessories,France,2011,4,Luxury,Yes
BR0989,Ray-Ban,Accessories,France,1957,3.9,Budget,No
BR0990,HRX,Sportswear,Germany,1972,4.5,Luxury,Yes
BR0991,Adidas,Accessories,India,1969,4.5,Mid-Range,Yes
BR0992,Puma,Sportswear,India,1957,3.3,Luxury,Yes
BR0993,Woodland,Clothing,Italy,1985,4.2,Mid-Range,Yes
BR0994,Woodland,Accessories,France,1971,3.3,Premium,Yes
BR0995,Wrangler,Sportswear,Germany,1957,4.5,Budget,Yes
BR0996,Mango,Footwear,France,1984,4.3,Budget,Yes
BR0997,Casio,Clothing,China,1975,4.9,Luxury,Yes
BR0998,Roadster,Clothing,China,1985,3.1,Premium,Yes
BR0999,Woodland,Sportswear,Italy,1961,3.1,Luxury,Yes
BR1000,Levi's,Clothing,USA,1961,3.6,Mid-Range,No
