OrderID,CustomerID,OrderDate,PaymentMethod,OrderStatus,ShippingAddress,PinCode,CouponUsed,OrderChannel,TotalAmount,OrderYear,Cost
ORD0001,CUST0041,20-12-2023 01:50,COD,Canceled,Office,218119,Yes,Website,9418,2023,6813
ORD0002,CUST0854,13-10-2024 16:56,UPI,Processing,Home,941942,Yes,Website,9614,2024,8658.2
ORD0003,CUST0569,06-03-2025 13:40,Debit Card,Delivered,Office,76417,No,Mobile App,9361,2025,6693.2
ORD0004,CUST0269,23-04-2024 00:22,Credit Card,Returned,Office,486063,No,Website,738,2024,5710.5
ORD0005,CUST0808,07-09-2025 20:38,UPI,Delivered,Home,651032,Yes,Website,1252,2025,5763.7
ORD0006,CUST0779,30-10-2024 14:13,COD,Delivered,Office,674681,Yes,Website,6356,2024,1624.9
ORD0007,CUST0572,25-05-2025 11:45,UPI,Returned,Home,774153,No,Mobile App,7577,2025,1064.6
ORD0008,CUST0515,20-09-2025 23:02,COD,Delivered,Home,153166,No,Website,7290,2025,938.7
ORD0009,CUST0032,15-08-2024 08:42,Credit Card,Shipped,Office,896506,No,Website,1279,2024,3986.9
ORD0010,CUST0311,20-01-2024 06:22,UPI,Shipped,Home,718831,No,Mobile App,4993,2024,6175.4
ORD0011,CUST0573,02-02-2025 00:38,COD,Processing,Home,979485,No,Website,6690,2025,1868.2
ORD0012,CUST0120,03-05-2024 01:55,UPI,Processing,Office,789233,No,Website,5667,2024,3031.8
ORD0013,CUST0189,26-10-2023 12:09,Debit Card,Delivered,Home,376759,No,Website,4030,2023,4725.3
ORD0014,CUST0451,09-08-2025 11:50,Credit Card,Processing,Office,427217,No,Mobile App,6870,2025,3976.3
ORD0015,CUST0702,04-04-2025 09:29,UPI,Processing,Home,979302,No,Mobile App,3297,2025,3090.7
ORD0016,CUST0548,08-09-2024 16:45,Debit Card,Processing,Home,511197,No,Website,2747,2024,4693.4
ORD0017,CUST0224,26-01-2024 05:26,Credit Card,Shipped,Home,18905,Yes,Website,6961,2024,2559.7
ORD0018,CUST0970,05-12-2024 18:45,Credit Card,Delivered,Office,464125,Yes,Website,8090,2024,5970.4
ORD0019,CUST0791,27-03-2025 23:23,UPI,Returned,Home,724277,No,Mobile App,5763,2025,2676.5
ORD0020,CUST0186,29-04-2025 08:46,Net Banking,Processing,Home,646428,No,Website,5622,2025,1724.4
ORD0021,CUST0515,30-05-2024 21:17,UPI,Canceled,Office,509964,Yes,Mobile App,1590,2024,963.3
ORD0022,CUST0542,18-02-2025 08:26,Credit Card,Processing,Office,167028,Yes,Mobile App,7843,2025,3883.7
ORD0023,CUST0483,03-09-2025 20:53,Debit Card,Processing,Home,696596,No,Website,5375,2025,7219
ORD0024,CUST0750,21-02-2025 01:18,UPI,Delivered,Office,540319,Yes,Mobile App,5419,2025,8283.6
ORD0025,CUST0471,18-07-2024 11:17,Debit Card,Processing,Office,156975,Yes,Website,5961,2024,6615
ORD0026,CUST0548,09-11-2024 13:27,Credit Card,Shipped,Home,892573,Yes,Website,7402,2024,1163.8
ORD0027,CUST0705,02-10-2024 00:26,Debit Card,Shipped,Home,988662,No,Website,8904,2024,7363.8
ORD0028,CUST0911,01-05-2025 00:12,Debit Card,Returned,Home,235321,No,Website,8362,2025,3005
ORD0029,CUST0010,27-06-2024 20:10,UPI,Returned,Office,285940,Yes,Mobile App,1525,2024,1908.3
ORD0030,CUST0456,07-10-2024 06:08,UPI,Canceled,Office,531524,Yes,Mobile App,4209,2024,7077.9
ORD0031,CUST0052,18-03-2024 02:43,Credit Card,Returned,Home,627934,No,Mobile App,8337,2024,3742.6
ORD0032,CUST0891,10-07-2024 01:13,COD,Canceled,Home,779954,No,Mobile App,6707,2024,6217.6
ORD0033,CUST0603,04-07-2025 01:38,Credit Card,Processing,Home,665273,Yes,Mobile App,2737,2025,8118.1
ORD0034,CUST0264,09-11-2023 16:06,COD,Canceled,Office,917347,No,Website,9922,2023,796.7
ORD0035,CUST0707,18-12-2024 03:38,Credit Card,Delivered,Home,115371,No,Mobile App,4233,2024,7505.8
ORD0036,CUST0928,02-10-2023 21:57,Debit Card,Processing,Home,777383,Yes,Website,9352,2023,7413.4
ORD0037,CUST0298,19-06-2025 22:15,UPI,Shipped,Office,755669,No,Mobile App,8931,2025,4596.4
ORD0038,CUST0635,31-05-2024 20:51,Net Banking,Canceled,Office,573384,No,Website,9692,2024,5802
ORD0039,CUST0844,11-11-2024 18:48,COD,Processing,Office,784645,Yes,Website,1341,2024,1228.8
ORD0040,CUST0452,11-01-2024 02:24,Net Banking,Canceled,Home,239320,Yes,Mobile App,9164,2024,6386.3
ORD0041,CUST0921,15-05-2024 00:32,Credit Card,Canceled,Home,674940,No,Mobile App,4803,2024,1876.4
ORD0042,CUST0809,19-05-2024 05:32,UPI,Shipped,Office,242289,No,Website,9070,2024,8157.4
ORD0043,CUST0108,29-01-2025 05:16,Credit Card,Shipped,Home,666099,Yes,Website,9153,2025,6097.8
ORD0044,CUST0870,12-07-2025 12:47,Net Banking,Delivered,Home,195193,Yes,Mobile App,9327,2025,4305.8
ORD0045,CUST0591,18-09-2024 23:53,Credit Card,Delivered,Home,871469,Yes,Mobile App,8167,2024,5355.7
ORD0046,CUST0324,25-03-2025 12:43,Debit Card,Returned,Office,371054,No,Website,4121,2025,5725.5
ORD0047,CUST0092,21-03-2025 13:18,UPI,Returned,Home,298235,No,Website,5716,2025,5146.6
ORD0048,CUST0021,10-08-2024 20:29,Credit Card,Delivered,Home,644174,Yes,Website,4573,2024,8226.9
ORD0049,CUST0129,11-05-2024 07:54,Net Banking,Canceled,Office,767293,Yes,Mobile App,6227,2024,5423.9
ORD0050,CUST0044,01-09-2025 08:23,Net Banking,Delivered,Office,147161,Yes,Website,1199,2025,1134.3
ORD0051,CUST0901,06-02-2025 20:59,Debit Card,Processing,Home,954924,No,Website,7061,2025,4371.4
ORD0052,CUST0956,03-12-2023 21:37,Net Banking,Canceled,Home,774586,No,Mobile App,2791,2023,1582.3
ORD0053,CUST0223,15-10-2023 13:22,UPI,Returned,Office,21636,Yes,Website,6287,2023,1113.6
ORD0054,CUST0722,18-07-2025 01:41,Credit Card,Processing,Office,827194,No,Website,6508,2025,4366
ORD0055,CUST0462,25-09-2025 23:05,Debit Card,Delivered,Office,4451,No,Mobile App,4422,2025,8011.9
ORD0056,CUST0191,11-11-2024 00:53,UPI,Processing,Home,248060,Yes,Mobile App,5254,2024,896.8
ORD0057,CUST0676,17-07-2024 23:22,Debit Card,Returned,Home,15133,No,Mobile App,3477,2024,2449.3
ORD0058,CUST0558,18-05-2024 20:50,Net Banking,Canceled,Office,191516,No,Website,6121,2024,4708.1
ORD0059,CUST0182,12-04-2024 21:30,Net Banking,Delivered,Office,311022,No,Mobile App,1625,2024,6262.2
ORD0060,CUST0079,24-05-2025 01:46,Credit Card,Delivered,Office,766355,No,Website,5984,2025,4364.7
ORD0061,CUST0420,22-07-2025 04:50,UPI,Delivered,Office,855255,Yes,Website,3595,2025,7887.4
ORD0062,CUST0002,31-10-2023 03:36,Debit Card,Canceled,Home,609321,Yes,Mobile App,2838,2023,3122.3
ORD0063,CUST0433,03-06-2025 22:03,Debit Card,Returned,Home,671557,No,Mobile App,4933,2025,7245.6
ORD0064,CUST0774,27-12-2023 20:40,Net Banking,Shipped,Office,637532,Yes,Website,9926,2023,966.2
ORD0065,CUST0429,15-11-2024 10:59,COD,Canceled,Office,303938,Yes,Website,3336,2024,4052.1
ORD0066,CUST0962,21-06-2025 09:34,Net Banking,Returned,Office,630015,No,Mobile App,6244,2025,3167.6
ORD0067,CUST0852,11-12-2024 02:43,UPI,Returned,Office,73476,Yes,Mobile App,2519,2024,2941.4
ORD0068,CUST0022,27-01-2024 23:27,COD,Returned,Home,291667,Yes,Mobile App,4939,2024,919.3
ORD0069,CUST0208,25-09-2024 17:38,UPI,Shipped,Home,263056,No,Website,9484,2024,5068.8
ORD0070,CUST0985,03-08-2024 10:56,Net Banking,Shipped,Home,877956,Yes,Mobile App,5152,2024,6701.7
ORD0071,CUST0015,11-07-2024 04:52,UPI,Delivered,Home,268517,Yes,Website,2346,2024,5525.1
ORD0072,CUST0198,06-02-2024 06:04,Net Banking,Canceled,Home,318594,Yes,Website,6986,2024,3511.9
ORD0073,CUST0807,04-03-2024 19:18,Debit Card,Delivered,Office,5674,Yes,Website,4311,2024,940.4
ORD0074,CUST0742,20-04-2025 01:17,UPI,Canceled,Office,295791,Yes,Website,4899,2025,1350.6
ORD0075,CUST0021,27-10-2024 07:00,Credit Card,Canceled,Office,59992,Yes,Website,3114,2024,3344.6
ORD0076,CUST0861,07-06-2025 23:46,Net Banking,Delivered,Home,976030,No,Mobile App,2118,2025,2553.5
ORD0077,CUST0148,08-05-2024 07:46,UPI,Returned,Office,189983,Yes,Mobile App,2974,2024,3981.3
ORD0078,CUST0887,05-07-2024 02:48,Net Banking,Canceled,Home,206908,Yes,Website,6614,2024,6173
ORD0079,CUST0863,08-04-2024 15:33,UPI,Shipped,Home,787813,No,Website,4842,2024,3470.2
ORD0080,CUST0177,25-05-2024 04:55,COD,Delivered,Home,549524,Yes,Website,3652,2024,6937.4
ORD0081,CUST0442,26-08-2025 03:42,Credit Card,Canceled,Home,330347,Yes,Mobile App,696,2025,5140.4
ORD0082,CUST0460,14-11-2024 17:08,Debit Card,Delivered,Home,266768,Yes,Website,5992,2024,3742.8
ORD0083,CUST0401,15-11-2024 02:09,COD,Shipped,Home,739138,No,Website,7205,2024,900.6
ORD0084,CUST0011,20-08-2025 08:21,UPI,Canceled,Office,934699,No,Website,1481,2025,3226.9
ORD0085,CUST0140,10-07-2024 09:41,UPI,Returned,Home,485315,Yes,Mobile App,4042,2024,1617.3
ORD0086,CUST0195,10-01-2024 17:28,Credit Card,Canceled,Home,190743,Yes,Website,2288,2024,4990.3
ORD0087,CUST0580,29-07-2025 13:14,Credit Card,Returned,Office,157927,Yes,Mobile App,8620,2025,1795.8
ORD0088,CUST0026,12-11-2024 22:15,UPI,Processing,Office,876663,No,Website,8626,2024,2339.2
ORD0089,CUST0561,15-03-2024 23:44,Credit Card,Canceled,Home,768510,No,Mobile App,5519,2024,1034.3
ORD0090,CUST0149,21-03-2025 01:26,Debit Card,Processing,Office,269624,Yes,Website,6407,2025,5108.5
ORD0091,CUST0016,22-11-2023 12:07,Debit Card,Processing,Home,149201,Yes,Mobile App,1848,2023,566.7
ORD0092,CUST0598,04-11-2024 20:15,UPI,Processing,Office,550886,No,Website,6657,2024,3220.3
ORD0093,CUST0691,27-05-2024 00:26,Debit Card,Canceled,Office,110833,No,Website,4180,2024,7258.1
ORD0094,CUST0419,04-02-2025 11:23,Credit Card,Canceled,Office,817113,Yes,Website,4929,2025,5678.3
ORD0095,CUST0599,13-12-2024 05:13,Net Banking,Processing,Home,999250,No,Website,2653,2024,7153.8
ORD0096,CUST0684,30-06-2024 07:12,Credit Card,Processing,Home,20309,Yes,Mobile App,9355,2024,4536.8
ORD0097,CUST0751,15-09-2024 09:06,Net Banking,Returned,Office,651827,No,Mobile App,9609,2024,7004.3
ORD0098,CUST0691,12-09-2024 12:48,COD,Shipped,Home,433840,No,Mobile App,1463,2024,7665.3
ORD0099,CUST0539,16-09-2025 04:15,UPI,Processing,Office,284464,No,Website,8875,2025,6527.6
ORD0100,CUST0841,23-10-2024 02:09,Net Banking,Delivered,Home,619256,Yes,Mobile App,5277,2024,8068.9
ORD0101,CUST0134,19-01-2024 15:33,Credit Card,Canceled,Office,98892,Yes,Website,7113,2024,7465.1
ORD0102,CUST0956,16-04-2024 23:44,Debit Card,Canceled,Home,483661,Yes,Mobile App,4275,2024,3708.3
ORD0103,CUST0523,03-05-2025 13:48,COD,Processing,Office,410531,Yes,Website,2421,2025,6812.7
ORD0104,CUST0421,09-09-2025 09:15,UPI,Processing,Office,307605,Yes,Website,659,2025,2367.4
ORD0105,CUST0205,02-09-2024 07:54,COD,Shipped,Home,371014,No,Mobile App,524,2024,3562.5
ORD0106,CUST0003,04-01-2024 07:26,Credit Card,Delivered,Home,905322,No,Website,5279,2024,6032.1
ORD0107,CUST0465,20-01-2025 21:13,Debit Card,Returned,Home,202778,Yes,Website,8956,2025,7887.8
ORD0108,CUST0093,27-05-2025 15:36,Credit Card,Processing,Home,229072,No,Website,879,2025,1641.6
ORD0109,CUST0394,28-09-2024 21:03,Net Banking,Shipped,Home,325827,Yes,Mobile App,3802,2024,8171.5
ORD0110,CUST0968,19-04-2024 16:00,Net Banking,Canceled,Home,830681,No,Website,9376,2024,5169.7
ORD0111,CUST0308,03-06-2025 21:07,Net Banking,Delivered,Office,942163,No,Mobile App,6865,2025,996.2
ORD0112,CUST0024,24-06-2024 21:01,Net Banking,Returned,Office,843803,Yes,Website,7619,2024,1509
ORD0113,CUST0741,07-02-2024 00:43,Debit Card,Canceled,Home,291460,Yes,Website,5715,2024,6895.4
ORD0114,CUST0662,18-07-2025 09:51,UPI,Processing,Office,913600,Yes,Mobile App,2958,2025,3218.6
ORD0115,CUST0652,17-12-2023 06:13,UPI,Delivered,Home,865309,No,Website,5807,2023,4305.3
ORD0116,CUST0423,09-04-2025 04:17,COD,Delivered,Office,811123,No,Mobile App,9916,2025,3780.3
ORD0117,CUST0291,05-01-2025 20:17,Net Banking,Processing,Office,812326,No,Mobile App,2929,2025,1740.4
ORD0118,CUST0060,17-11-2023 16:44,Net Banking,Shipped,Office,50118,Yes,Website,9332,2023,7767.3
ORD0119,CUST0156,08-03-2024 22:04,Debit Card,Shipped,Office,839850,No,Website,2945,2024,6162.4
ORD0120,CUST0145,12-11-2023 17:46,Credit Card,Returned,Office,825622,Yes,Mobile App,4793,2023,2284.6
ORD0121,CUST0479,15-08-2025 07:33,Debit Card,Processing,Home,393865,No,Mobile App,3117,2025,3686.3
ORD0122,CUST0353,18-08-2025 12:23,COD,Delivered,Home,580430,No,Website,3112,2025,7971.7
ORD0123,CUST0974,05-10-2023 02:37,Debit Card,Returned,Office,655461,Yes,Website,7359,2023,3012.7
ORD0124,CUST0806,29-04-2024 07:45,UPI,Processing,Home,198977,No,Mobile App,2374,2024,1311.5
ORD0125,CUST0476,19-08-2024 02:45,Net Banking,Shipped,Home,193726,Yes,Mobile App,7487,2024,1079.5
ORD0126,CUST0088,23-09-2024 08:54,Debit Card,Returned,Home,558332,Yes,Mobile App,1919,2024,2385.3
ORD0127,CUST0206,31-07-2025 18:21,Debit Card,Returned,Office,968023,Yes,Mobile App,1967,2025,3504
ORD0128,CUST0970,19-09-2024 19:19,Net Banking,Processing,Home,355503,No,Mobile App,7630,2024,3550.8
ORD0129,CUST0979,13-02-2024 07:04,UPI,Processing,Office,776805,Yes,Mobile App,3411,2024,6770.9
ORD0130,CUST0430,17-07-2024 05:52,Debit Card,Processing,Office,21032,Yes,Website,1943,2024,469.1
ORD0131,CUST0375,29-03-2025 20:58,COD,Shipped,Office,69425,No,Website,4751,2025,7206.1
ORD0132,CUST0985,20-12-2023 05:07,COD,Delivered,Office,634945,No,Website,3173,2023,1920.8
ORD0133,CUST0768,04-11-2023 15:39,Debit Card,Canceled,Home,336164,No,Mobile App,562,2023,5896.2
ORD0134,CUST0721,06-10-2023 22:00,COD,Processing,Office,220559,Yes,Website,5022,2023,6940.6
ORD0135,CUST0906,10-10-2024 23:43,COD,Returned,Office,958310,No,Mobile App,8254,2024,1443.2
ORD0136,CUST0679,21-05-2025 16:29,Debit Card,Returned,Home,846968,Yes,Mobile App,746,2025,1614.8
ORD0137,CUST0826,21-01-2024 23:41,Net Banking,Processing,Office,316285,No,Website,2557,2024,3700.9
ORD0138,CUST0832,23-06-2025 20:07,Debit Card,Processing,Home,391343,No,Mobile App,6699,2025,1869.2
ORD0139,CUST0155,07-04-2024 19:14,Credit Card,Processing,Office,22525,No,Mobile App,3180,2024,7650.6
ORD0140,CUST0805,13-05-2025 11:14,Debit Card,Delivered,Office,495029,No,Mobile App,1940,2025,1839.7
ORD0141,CUST0687,25-05-2024 07:44,Net Banking,Canceled,Home,890068,Yes,Website,8095,2024,5645.4
ORD0142,CUST0240,11-05-2024 21:14,UPI,Shipped,Office,845517,No,Website,1561,2024,4062.1
ORD0143,CUST0601,24-07-2025 15:03,COD,Returned,Home,354583,No,Mobile App,4754,2025,697.7
ORD0144,CUST0356,19-01-2024 17:47,Credit Card,Delivered,Home,354717,Yes,Website,3137,2024,5677.9
ORD0145,CUST0319,28-09-2024 08:42,Debit Card,Processing,Home,365210,Yes,Website,980,2024,5121.6
ORD0146,CUST0053,06-01-2025 14:03,UPI,Returned,Office,335073,Yes,Website,8637,2025,6393.7
ORD0147,CUST0395,03-08-2024 05:02,Credit Card,Delivered,Home,862465,Yes,Website,3803,2024,5637.6
ORD0148,CUST0564,09-12-2023 20:33,Net Banking,Returned,Home,630913,Yes,Website,5022,2023,505.8
ORD0149,CUST0215,27-12-2023 04:33,UPI,Canceled,Home,294514,Yes,Website,8632,2023,6919.2
ORD0150,CUST0781,10-04-2024 04:09,Net Banking,Canceled,Home,64909,Yes,Mobile App,3049,2024,5378.5
ORD0151,CUST0701,03-02-2024 03:16,Net Banking,Delivered,Office,967769,Yes,Mobile App,8145,2024,5085.5
ORD0152,CUST0889,27-06-2024 04:45,UPI,Delivered,Home,615272,Yes,Website,7668,2024,4633.5
ORD0153,CUST0543,14-10-2023 22:15,Debit Card,Delivered,Home,923457,No,Website,9644,2023,6258.7
ORD0154,CUST0536,07-01-2024 07:54,Credit Card,Canceled,Home,686991,No,Website,4214,2024,5798.8
ORD0155,CUST0109,26-11-2024 03:35,COD,Delivered,Home,430374,No,Website,2626,2024,5970.2
ORD0156,CUST0258,14-02-2025 10:04,COD,Canceled,Home,236283,Yes,Mobile App,6051,2025,1006.3
ORD0157,CUST0459,06-07-2024 18:49,COD,Returned,Home,895091,Yes,Website,5198,2024,7685.3
ORD0158,CUST0376,27-01-2024 22:29,UPI,Canceled,Home,532418,Yes,Website,4708,2024,4421.8
ORD0159,CUST0199,07-05-2025 07:31,Debit Card,Shipped,Office,470668,Yes,Website,2491,2025,873.9
ORD0160,CUST0809,10-07-2025 12:45,COD,Returned,Office,91939,No,Mobile App,4752,2025,6420.7
ORD0161,CUST0021,03-09-2025 18:14,COD,Canceled,Office,417310,Yes,Mobile App,2439,2025,4850.2
ORD0162,CUST0714,11-07-2025 06:27,Debit Card,Delivered,Office,761487,Yes,Website,7161,2025,2529.6
ORD0163,CUST0398,24-02-2024 16:53,Credit Card,Delivered,Office,550968,Yes,Website,3737,2024,7003.8
ORD0164,CUST0786,11-02-2024 11:59,UPI,Shipped,Office,832030,Yes,Website,9317,2024,8703.5
ORD0165,CUST0141,07-12-2024 01:31,UPI,Returned,Office,812735,Yes,Website,886,2024,1583.1
ORD0166,CUST0757,04-11-2023 09:49,COD,Returned,Home,946234,Yes,Mobile App,4245,2023,1527.3
ORD0167,CUST0378,05-06-2025 11:24,Credit Card,Canceled,Office,511410,No,Mobile App,5264,2025,3525.6
ORD0168,CUST0237,24-09-2024 17:48,Net Banking,Processing,Home,589507,No,Website,2031,2024,545.8
ORD0169,CUST0840,25-07-2025 20:41,Credit Card,Processing,Office,267591,No,Mobile App,3047,2025,5949.2
ORD0170,CUST0877,29-10-2024 13:22,Credit Card,Processing,Office,718470,Yes,Mobile App,5758,2024,1970.3
ORD0171,CUST0141,31-03-2024 02:44,Net Banking,Delivered,Office,482000,No,Mobile App,2113,2024,4794
ORD0172,CUST0784,18-10-2024 15:14,Net Banking,Canceled,Home,812490,No,Mobile App,4753,2024,911.5
ORD0173,CUST0781,09-12-2023 21:34,Net Banking,Canceled,Home,113953,Yes,Mobile App,809,2023,3869.1
ORD0174,CUST0446,26-09-2024 07:41,UPI,Processing,Office,941750,No,Mobile App,2815,2024,1102.7
ORD0175,CUST0453,16-04-2024 11:59,Credit Card,Delivered,Office,844846,Yes,Website,8692,2024,5093.5
ORD0176,CUST0394,02-11-2024 10:36,UPI,Canceled,Home,711342,No,Website,4047,2024,4108.6
ORD0177,CUST0315,28-09-2025 14:51,Debit Card,Returned,Home,728804,Yes,Mobile App,5357,2025,4704.2
ORD0178,CUST0516,04-06-2024 00:53,UPI,Canceled,Home,894122,No,Website,3154,2024,4829.6
ORD0179,CUST0266,30-11-2023 10:24,COD,Returned,Office,700109,Yes,Mobile App,3546,2023,4394.8
ORD0180,CUST0047,16-04-2024 00:27,COD,Canceled,Office,826986,No,Website,668,2024,5270.9
ORD0181,CUST0700,22-09-2025 19:03,Debit Card,Shipped,Office,298248,Yes,Website,6042,2025,7035.3
ORD0182,CUST0991,11-03-2025 20:41,COD,Canceled,Office,497845,Yes,Mobile App,2554,2025,6816.4
ORD0183,CUST0442,07-12-2023 16:46,Net Banking,Canceled,Home,875158,No,Website,4813,2023,7290.1
ORD0184,CUST0403,17-07-2025 07:31,Net Banking,Shipped,Home,545221,Yes,Mobile App,6570,2025,4067.8
ORD0185,CUST0007,27-07-2025 20:46,UPI,Delivered,Home,617851,No,Website,9965,2025,1467.7
ORD0186,CUST0980,14-06-2024 01:07,UPI,Returned,Office,178423,No,Mobile App,644,2024,4401.7
ORD0187,CUST0422,10-12-2024 19:52,COD,Delivered,Office,345261,No,Mobile App,6054,2024,2384.2
ORD0188,CUST0447,25-08-2024 06:45,Credit Card,Returned,Home,976518,Yes,Mobile App,2911,2024,7223.3
ORD0189,CUST0216,21-05-2024 01:43,COD,Shipped,Office,270848,Yes,Website,1477,2024,2838.3
ORD0190,CUST0967,23-01-2025 09:59,Debit Card,Canceled,Home,8135,Yes,Website,8115,2025,7386.3
ORD0191,CUST0437,17-12-2023 19:21,Net Banking,Delivered,Office,306270,Yes,Mobile App,3193,2023,3788.4
ORD0192,CUST0162,08-04-2025 13:13,Net Banking,Returned,Office,6400,Yes,Mobile App,4894,2025,6177
ORD0193,CUST0591,13-12-2024 17:16,Net Banking,Shipped,Home,56439,No,Website,2196,2024,8652.9
ORD0194,CUST0009,27-10-2023 02:33,Debit Card,Returned,Home,389427,Yes,Website,3452,2023,8337.5
ORD0195,CUST0814,27-09-2024 07:17,Net Banking,Delivered,Home,806801,No,Website,7012,2024,1332.6
ORD0196,CUST0063,23-08-2024 00:50,COD,Returned,Home,192027,Yes,Mobile App,8111,2024,715.4
ORD0197,CUST0944,06-05-2024 23:33,Debit Card,Delivered,Office,755834,Yes,Mobile App,1144,2024,593.3
ORD0198,CUST0964,04-03-2025 11:16,Credit Card,Processing,Home,31963,Yes,Website,7270,2025,3040.7
ORD0199,CUST0260,02-11-2023 16:09,UPI,Canceled,Home,754866,Yes,Mobile App,3119,2023,6311.8
ORD0200,CUST0444,10-11-2024 11:57,Debit Card,Returned,Home,762001,Yes,Website,7015,2024,4959.4
ORD0201,CUST0267,28-02-2024 11:13,Credit Card,Shipped,Office,676124,No,Website,4087,2024,3546.5
ORD0202,CUST0131,30-07-2025 00:36,COD,Shipped,Office,318761,Yes,Website,3122,2025,2136.8
ORD0203,CUST0842,20-03-2024 22:28,COD,Shipped,Office,826320,Yes,Mobile App,9727,2024,1272.7
ORD0204,CUST0129,09-11-2024 15:58,COD,Canceled,Office,780935,No,Mobile App,3312,2024,2548.5
ORD0205,CUST0567,16-10-2024 11:12,UPI,Processing,Home,747246,No,Mobile App,6621,2024,358.7
ORD0206,CUST0518,19-06-2025 01:03,Net Banking,Canceled,Office,536314,Yes,Mobile App,8612,2025,6527.6
ORD0207,CUST0867,01-11-2024 19:20,Credit Card,Shipped,Home,819107,Yes,Website,9757,2024,2956
ORD0208,CUST0610,21-09-2025 05:50,Credit Card,Shipped,Home,13025,Yes,Mobile App,5403,2025,3858
ORD0209,CUST0635,08-05-2025 12:07,Credit Card,Processing,Office,418716,Yes,Website,3340,2025,5462.4
ORD0210,CUST0981,24-07-2025 09:22,Debit Card,Shipped,Home,848030,Yes,Website,3248,2025,1199
ORD0211,CUST0042,17-04-2024 12:32,Debit Card,Processing,Office,55427,No,Website,2359,2024,3464.2
ORD0212,CUST0346,12-05-2025 09:27,UPI,Processing,Home,857514,Yes,Mobile App,8762,2025,8349.4
ORD0213,CUST0292,02-04-2024 01:00,Debit Card,Returned,Home,952871,Yes,Website,3157,2024,3441.7
ORD0214,CUST0404,08-07-2025 22:02,Debit Card,Returned,Office,114438,Yes,Website,9304,2025,6873.4
ORD0215,CUST0765,17-05-2025 03:29,Net Banking,Shipped,Home,5158,Yes,Mobile App,4927,2025,7180.2
ORD0216,CUST0059,06-08-2025 18:41,COD,Processing,Office,939755,No,Website,1424,2025,3238.7
ORD0217,CUST0991,07-10-2023 14:36,COD,Canceled,Home,624513,Yes,Mobile App,8033,2023,5019.5
ORD0218,CUST0285,26-03-2024 01:17,Debit Card,Delivered,Home,727553,No,Website,4894,2024,8098.8
ORD0219,CUST0209,20-06-2025 04:32,COD,Processing,Home,347159,Yes,Website,6980,2025,3356.8
ORD0220,CUST0103,15-05-2024 08:21,COD,Processing,Home,245126,No,Website,7439,2024,4346.3
ORD0221,CUST0485,31-03-2025 00:51,UPI,Shipped,Office,48575,No,Mobile App,2185,2025,2483.6
ORD0222,CUST0719,10-05-2024 19:37,Credit Card,Returned,Office,983402,Yes,Mobile App,4244,2024,6951.3
ORD0223,CUST0608,28-04-2025 19:58,Debit Card,Returned,Office,791282,No,Website,4931,2025,2295.5
ORD0224,CUST0723,06-07-2025 20:01,Credit Card,Delivered,Office,40143,Yes,Mobile App,6310,2025,1432.8
ORD0225,CUST0278,01-04-2024 17:22,Debit Card,Shipped,Home,576329,Yes,Mobile App,4395,2024,1089.9
ORD0226,CUST0530,21-05-2024 23:09,COD,Canceled,Office,334978,Yes,Mobile App,8137,2024,2116.8
ORD0227,CUST0384,21-08-2024 06:25,UPI,Shipped,Home,386030,Yes,Website,4667,2024,4759.1
ORD0228,CUST0718,04-02-2024 13:39,Net Banking,Delivered,Home,73227,Yes,Mobile App,9392,2024,939.2
ORD0229,CUST0442,28-03-2025 21:50,COD,Canceled,Home,279737,Yes,Website,3287,2025,7887.5
ORD0230,CUST0441,22-02-2025 13:56,UPI,Delivered,Office,121505,Yes,Website,6075,2025,7453.7
ORD0231,CUST0682,20-08-2024 17:07,UPI,Canceled,Office,765388,Yes,Mobile App,8748,2024,5473.6
ORD0232,CUST0753,09-04-2025 22:15,Net Banking,Returned,Home,818227,Yes,Mobile App,7663,2025,7013.2
ORD0233,CUST0139,11-01-2024 18:12,COD,Shipped,Home,755676,No,Mobile App,8401,2024,2361.5
ORD0234,CUST0372,17-08-2025 22:04,UPI,Shipped,Office,866557,No,Website,6919,2025,2278.3
ORD0235,CUST0177,29-08-2024 03:27,Debit Card,Processing,Home,769148,Yes,Website,6278,2024,6045.4
ORD0236,CUST0173,02-09-2024 08:47,UPI,Canceled,Home,26169,No,Website,4627,2024,620.3
ORD0237,CUST0093,19-04-2025 18:04,Debit Card,Shipped,Home,63117,No,Website,5209,2025,2740.6
ORD0238,CUST0609,30-03-2024 00:16,Credit Card,Delivered,Office,922413,No,Website,7764,2024,5107.9
ORD0239,CUST0409,14-03-2024 09:47,Credit Card,Processing,Office,439753,Yes,Mobile App,7550,2024,1177
ORD0240,CUST0489,20-03-2025 11:55,UPI,Delivered,Home,650270,Yes,Website,1317,2025,1594.9
ORD0241,CUST0589,01-04-2025 11:56,Debit Card,Shipped,Office,861481,Yes,Website,2703,2025,5926.8
ORD0242,CUST0096,28-12-2023 21:41,Credit Card,Returned,Home,179960,No,Website,1266,2023,664.8
ORD0243,CUST0955,18-10-2023 13:58,Net Banking,Shipped,Office,24620,No,Website,5748,2023,5504.4
ORD0244,CUST0114,17-06-2025 03:27,COD,Delivered,Office,254979,No,Website,6904,2025,6891.9
ORD0245,CUST0731,06-07-2025 06:53,UPI,Delivered,Home,510283,No,Website,8086,2025,3633.8
ORD0246,CUST0434,30-07-2024 21:47,Credit Card,Canceled,Office,921799,Yes,Website,2323,2024,2777
ORD0247,CUST0806,07-12-2023 13:28,COD,Delivered,Home,826970,No,Mobile App,2026,2023,4830.2
ORD0248,CUST0141,15-08-2025 13:11,Debit Card,Delivered,Office,104074,No,Mobile App,5213,2025,2691.3
ORD0249,CUST0471,01-08-2024 02:07,Debit Card,Canceled,Office,860109,No,Mobile App,8308,2024,906.2
ORD0250,CUST0433,20-04-2025 13:18,Debit Card,Processing,Office,312239,Yes,Website,5045,2025,1434.9
ORD0251,CUST0485,18-06-2025 06:18,UPI,Processing,Home,111432,No,Website,1917,2025,7457.7
ORD0252,CUST0635,22-03-2024 16:56,Net Banking,Returned,Home,529565,Yes,Mobile App,3494,2024,2311
ORD0253,CUST0294,18-02-2025 20:15,Net Banking,Shipped,Office,425504,No,Mobile App,4879,2025,6174.5
ORD0254,CUST0173,12-10-2023 15:49,Debit Card,Processing,Office,518130,No,Mobile App,3717,2023,5495.8
ORD0255,CUST0587,12-11-2024 01:34,UPI,Canceled,Home,373590,Yes,Mobile App,5307,2024,5603.2
ORD0256,CUST0764,30-11-2023 11:03,Debit Card,Canceled,Home,785680,No,Website,5101,2023,2791.9
ORD0257,CUST0203,25-01-2025 17:01,Net Banking,Canceled,Office,106422,Yes,Website,552,2025,3457.5
ORD0258,CUST0513,28-12-2023 02:35,UPI,Processing,Office,985451,No,Website,1997,2023,3939.8
ORD0259,CUST0241,26-09-2024 09:48,UPI,Returned,Home,567390,Yes,Website,8314,2024,3864.2
ORD0260,CUST0689,07-11-2023 05:53,COD,Delivered,Office,805238,No,Mobile App,2037,2023,6042.4
ORD0261,CUST0518,21-11-2024 01:05,Net Banking,Processing,Office,663198,Yes,Mobile App,1339,2024,5178.8
ORD0262,CUST0085,22-11-2023 10:54,Net Banking,Canceled,Office,623570,No,Mobile App,7284,2023,2306.8
ORD0263,CUST0696,01-02-2025 16:01,COD,Shipped,Office,119628,Yes,Mobile App,5364,2025,1688.9
ORD0264,CUST0532,31-05-2025 16:59,UPI,Returned,Home,813696,Yes,Website,7918,2025,2572.1
ORD0265,CUST0591,11-10-2023 15:39,Credit Card,Delivered,Office,786020,No,Website,7945,2023,8058.1
ORD0266,CUST0395,01-11-2024 13:31,Credit Card,Processing,Home,37945,No,Mobile App,7518,2024,775.9
ORD0267,CUST0234,04-04-2025 19:37,Debit Card,Canceled,Office,96409,No,Website,3961,2025,5935.3
ORD0268,CUST0661,02-08-2024 03:25,COD,Shipped,Home,800385,No,Mobile App,2470,2024,2203.7
ORD0269,CUST0188,02-10-2024 17:53,Debit Card,Canceled,Office,938335,No,Mobile App,1831,2024,7311.9
ORD0270,CUST0463,10-11-2023 10:01,Net Banking,Returned,Office,375283,No,Website,8731,2023,1076.9
ORD0271,CUST0397,20-04-2025 03:00,COD,Shipped,Office,951571,Yes,Mobile App,3271,2025,7345.3
ORD0272,CUST0775,29-05-2024 07:44,COD,Canceled,Home,135735,No,Mobile App,858,2024,4742.6
ORD0273,CUST0585,11-09-2025 16:32,Debit Card,Shipped,Home,165327,No,Website,4798,2025,8039.5
ORD0274,CUST0433,23-09-2025 17:56,Credit Card,Returned,Office,64463,No,Website,7170,2025,2770.2
ORD0275,CUST0860,23-04-2025 09:40,Credit Card,Delivered,Office,342438,Yes,Website,8275,2025,2514
ORD0276,CUST0786,13-06-2024 15:09,Net Banking,Returned,Home,876821,Yes,Mobile App,2466,2024,5978.2
ORD0277,CUST0720,18-11-2024 00:03,UPI,Shipped,Home,563869,No,Website,7996,2024,507.7
ORD0278,CUST0547,03-10-2023 22:33,COD,Processing,Office,18925,Yes,Mobile App,5283,2023,2837.7
ORD0279,CUST0736,29-08-2024 10:29,Net Banking,Returned,Home,339637,Yes,Website,5854,2024,619.8
ORD0280,CUST0116,02-08-2025 16:18,UPI,Processing,Office,496577,No,Website,6732,2025,1262.4
ORD0281,CUST0632,18-03-2025 01:02,UPI,Returned,Office,172364,Yes,Website,6527,2025,6908.8
ORD0282,CUST0167,04-11-2023 08:44,UPI,Shipped,Office,717458,Yes,Website,2903,2023,1485.3
ORD0283,CUST0478,23-04-2025 13:13,Net Banking,Delivered,Office,253039,No,Website,6830,2025,4085.2
ORD0284,CUST0680,05-12-2023 06:58,Debit Card,Delivered,Office,255917,Yes,Website,6719,2023,3850
ORD0285,CUST0904,11-10-2023 15:10,Net Banking,Shipped,Home,315631,No,Website,3772,2023,1117.9
ORD0286,CUST0118,03-02-2024 21:44,COD,Delivered,Home,368150,No,Mobile App,1196,2024,1014.2
ORD0287,CUST0209,24-05-2025 20:59,Credit Card,Returned,Home,583728,Yes,Mobile App,3110,2025,7150.2
ORD0288,CUST0170,23-09-2024 11:04,Net Banking,Canceled,Home,349663,No,Mobile App,9127,2024,760.7
ORD0289,CUST0677,05-05-2025 07:53,Credit Card,Canceled,Home,219990,No,Website,8150,2025,1615.4
ORD0290,CUST0078,12-12-2024 02:41,COD,Returned,Home,137899,No,Website,6805,2024,2884.5
ORD0291,CUST0820,23-10-2023 01:12,COD,Canceled,Office,56431,Yes,Website,9633,2023,1898
ORD0292,CUST0861,08-03-2025 23:51,Credit Card,Shipped,Home,144463,No,Website,3370,2025,6653.3
ORD0293,CUST0200,14-07-2025 21:01,UPI,Processing,Office,850619,Yes,Mobile App,6750,2025,2901.1
ORD0294,CUST0658,25-06-2024 05:27,UPI,Processing,Office,419444,Yes,Website,3426,2024,3747.6
ORD0295,CUST0830,08-05-2024 03:16,Debit Card,Processing,Home,882307,No,Website,7181,2024,1617.4
ORD0296,CUST0962,25-10-2023 12:05,Debit Card,Shipped,Office,65381,No,Website,646,2023,3581
ORD0297,CUST0584,23-04-2025 18:21,COD,Canceled,Home,812598,Yes,Mobile App,7854,2025,3718.5
ORD0298,CUST0249,14-02-2025 08:06,COD,Processing,Home,259309,No,Website,6266,2025,5752.2
ORD0299,CUST0262,13-11-2024 18:58,Net Banking,Delivered,Office,196608,No,Mobile App,766,2024,6308.4
ORD0300,CUST0847,23-09-2025 08:29,UPI,Returned,Home,11411,Yes,Mobile App,9838,2025,6848.4
ORD0301,CUST0255,25-08-2025 03:23,Net Banking,Processing,Office,226674,No,Mobile App,2994,2025,2324.2
ORD0302,CUST0237,03-03-2025 20:02,COD,Delivered,Office,97701,No,Mobile App,9166,2025,1334.1
ORD0303,CUST0133,14-05-2024 12:49,UPI,Returned,Office,963251,No,Website,2710,2024,3996.1
ORD0304,CUST0191,20-10-2023 21:57,Net Banking,Returned,Office,777104,Yes,Website,7229,2023,2121.2
ORD0305,CUST0012,05-01-2024 21:00,COD,Canceled,Office,285805,Yes,Mobile App,9825,2024,2775.1
ORD0306,CUST0194,06-06-2025 03:18,UPI,Canceled,Home,130698,Yes,Website,5752,2025,7076.2
ORD0307,CUST0886,21-12-2024 15:33,COD,Returned,Office,261525,No,Mobile App,3568,2024,5891.1
ORD0308,CUST0013,12-10-2024 14:56,UPI,Delivered,Home,37151,No,Website,1300,2024,3717.5
ORD0309,CUST0917,25-12-2024 00:01,Net Banking,Shipped,Home,381937,No,Website,9148,2024,1601.6
ORD0310,CUST0159,27-08-2025 21:59,Debit Card,Canceled,Home,963581,Yes,Website,1589,2025,995.1
ORD0311,CUST0669,14-02-2025 15:44,COD,Canceled,Home,975519,Yes,Mobile App,4216,2025,4489.6
ORD0312,CUST0749,06-04-2024 18:58,Net Banking,Delivered,Home,897149,No,Website,773,2024,7348.2
ORD0313,CUST0508,25-02-2024 20:57,UPI,Shipped,Office,878612,Yes,Website,9349,2024,4612.3
ORD0314,CUST0853,13-07-2024 20:00,COD,Processing,Home,904371,Yes,Mobile App,686,2024,2281.6
ORD0315,CUST0057,07-09-2024 19:03,Net Banking,Shipped,Home,856722,No,Website,1007,2024,6868.1
ORD0316,CUST0437,08-08-2024 01:56,COD,Returned,Home,357135,No,Mobile App,2549,2024,8664.7
ORD0317,CUST0963,23-12-2023 08:55,Net Banking,Delivered,Office,639514,No,Website,570,2023,4639.9
ORD0318,CUST0252,20-11-2024 05:12,Credit Card,Canceled,Office,325027,No,Website,9121,2024,4684.5
ORD0319,CUST0492,07-08-2025 10:59,Debit Card,Processing,Home,162804,No,Website,5535,2025,1974.6
ORD0320,CUST0728,23-10-2024 01:24,Debit Card,Processing,Home,682586,Yes,Website,8399,2024,4720.5
ORD0321,CUST0871,11-03-2025 12:46,COD,Delivered,Home,382012,Yes,Mobile App,8531,2025,2619.7
ORD0322,CUST0076,11-09-2024 22:46,COD,Processing,Home,612302,Yes,Mobile App,1911,2024,2927.5
ORD0323,CUST0990,31-01-2025 07:32,Credit Card,Shipped,Office,938705,Yes,Website,8948,2025,3139.6
ORD0324,CUST0471,27-06-2024 06:02,Credit Card,Shipped,Office,65281,Yes,Mobile App,5587,2024,5926.1
ORD0325,CUST0294,01-02-2025 05:43,Net Banking,Returned,Home,63873,No,Mobile App,7565,2025,6527.4
ORD0326,CUST0426,02-12-2024 00:40,Debit Card,Shipped,Office,853555,Yes,Website,8207,2024,1368.2
ORD0327,CUST0797,06-05-2024 05:38,Net Banking,Delivered,Office,34753,Yes,Mobile App,1971,2024,3516.5
ORD0328,CUST0985,12-11-2024 22:42,Debit Card,Returned,Office,899033,Yes,Mobile App,6261,2024,3642.7
ORD0329,CUST0038,04-12-2024 23:57,Net Banking,Delivered,Office,587587,Yes,Mobile App,6174,2024,1452
ORD0330,CUST0747,27-02-2025 22:09,Credit Card,Processing,Office,472117,No,Mobile App,6929,2025,3816.4
ORD0331,CUST0617,08-08-2025 16:13,Credit Card,Canceled,Home,173371,No,Mobile App,544,2025,486.4
ORD0332,CUST0602,02-11-2024 02:25,Debit Card,Delivered,Office,329096,No,Mobile App,2420,2024,647.1
ORD0333,CUST0780,26-11-2024 13:09,Debit Card,Returned,Home,122447,Yes,Website,9341,2024,2765.7
ORD0334,CUST0603,05-04-2024 11:23,COD,Canceled,Home,346622,Yes,Website,8917,2024,7288.2
ORD0335,CUST0568,17-04-2025 20:02,COD,Processing,Home,806105,No,Website,2983,2025,2396.5
ORD0336,CUST0623,10-03-2025 02:29,UPI,Delivered,Office,37268,No,Mobile App,3885,2025,3823.7
ORD0337,CUST0351,20-09-2024 01:39,COD,Shipped,Home,169952,Yes,Website,8174,2024,636.9
ORD0338,CUST0516,14-02-2024 07:57,Net Banking,Delivered,Office,748281,No,Website,8783,2024,8142.6
ORD0339,CUST0495,30-09-2024 06:19,Credit Card,Returned,Home,964014,Yes,Website,2018,2024,4139.4
ORD0340,CUST0887,28-10-2024 02:24,Debit Card,Delivered,Home,524505,Yes,Website,6886,2024,1610.4
ORD0341,CUST0344,22-09-2025 07:26,Net Banking,Processing,Office,992083,Yes,Mobile App,3170,2025,3825.6
ORD0342,CUST0191,09-03-2024 19:14,Credit Card,Delivered,Office,345048,Yes,Mobile App,7951,2024,2667.8
ORD0343,CUST0151,28-06-2024 20:48,Credit Card,Processing,Home,876211,No,Website,8299,2024,3950.4
ORD0344,CUST0373,28-10-2023 22:08,UPI,Processing,Office,338962,Yes,Website,3722,2023,1102.6
ORD0345,CUST0297,14-10-2023 05:09,COD,Delivered,Office,435975,Yes,Mobile App,7401,2023,7405.7
ORD0346,CUST0824,05-04-2024 12:34,COD,Canceled,Home,533838,No,Website,4566,2024,7607.5
ORD0347,CUST0385,12-04-2025 21:55,Credit Card,Processing,Home,399887,Yes,Website,6797,2025,6617.7
ORD0348,CUST0309,18-11-2023 07:13,Credit Card,Shipped,Office,262864,No,Mobile App,597,2023,5099.2
ORD0349,CUST0530,28-12-2024 11:18,COD,Delivered,Office,448507,Yes,Mobile App,4374,2024,4946.8
ORD0350,CUST0245,12-05-2024 02:47,COD,Delivered,Office,170568,Yes,Website,9198,2024,1699.6
ORD0351,CUST0663,29-05-2024 15:21,COD,Processing,Home,875635,Yes,Website,4044,2024,1991.8
ORD0352,CUST0169,09-12-2024 03:28,Credit Card,Shipped,Home,918260,Yes,Mobile App,2716,2024,3380.3
ORD0353,CUST0348,31-12-2024 13:38,Debit Card,Shipped,Office,869147,No,Mobile App,6507,2024,1743.2
ORD0354,CUST0589,02-08-2024 22:51,Debit Card,Canceled,Home,313062,Yes,Mobile App,1204,2024,5880.5
ORD0355,CUST0358,20-02-2025 21:53,COD,Processing,Office,51447,No,Mobile App,2745,2025,3673.5
ORD0356,CUST0766,03-07-2025 15:54,Net Banking,Returned,Office,485448,No,Mobile App,4188,2025,2036.6
ORD0357,CUST0571,06-05-2025 21:02,Credit Card,Returned,Home,280806,No,Mobile App,6240,2025,4144.6
ORD0358,CUST0908,07-08-2025 03:14,UPI,Processing,Office,302090,No,Website,3250,2025,5390.2
ORD0359,CUST0153,08-11-2023 07:28,Credit Card,Canceled,Office,942647,Yes,Mobile App,7174,2023,3371.6
ORD0360,CUST0993,28-03-2024 00:42,COD,Delivered,Office,230977,Yes,Mobile App,9376,2024,6146.6
ORD0361,CUST0011,15-05-2024 12:51,UPI,Canceled,Home,759569,No,Mobile App,762,2024,4566.4
ORD0362,CUST0819,04-08-2024 01:53,Credit Card,Processing,Office,410969,Yes,Website,6635,2024,508.7
ORD0363,CUST0070,20-05-2025 04:02,COD,Shipped,Home,573414,No,Mobile App,2038,2025,1056.3
ORD0364,CUST0356,11-08-2025 03:08,Net Banking,Canceled,Home,45489,No,Website,3436,2025,1298.7
ORD0365,CUST0215,16-07-2025 16:07,Debit Card,Returned,Office,238680,No,Mobile App,9792,2025,5007.9
ORD0366,CUST0992,10-12-2024 03:13,UPI,Processing,Home,402281,Yes,Mobile App,8160,2024,4680.5
ORD0367,CUST0741,23-01-2025 18:26,COD,Delivered,Home,430546,No,Mobile App,5420,2025,6198.8
ORD0368,CUST0595,09-06-2025 07:57,Debit Card,Canceled,Office,569286,No,Website,9572,2025,4317.7
ORD0369,CUST0731,26-06-2024 05:35,Net Banking,Canceled,Office,286071,No,Mobile App,9461,2024,5908
ORD0370,CUST0704,17-11-2023 04:51,COD,Delivered,Home,878800,Yes,Mobile App,8266,2023,1680.1
ORD0371,CUST0556,25-08-2024 07:09,UPI,Shipped,Home,162008,Yes,Website,3186,2024,4509.9
ORD0372,CUST0443,22-08-2024 06:49,COD,Shipped,Home,210817,Yes,Website,8348,2024,1992.2
ORD0373,CUST0216,21-01-2024 01:01,Net Banking,Canceled,Office,538887,No,Website,3548,2024,2345.9
ORD0374,CUST0330,04-04-2024 01:46,Debit Card,Shipped,Office,345692,No,Mobile App,3561,2024,5785.5
ORD0375,CUST0485,13-06-2025 03:24,Debit Card,Returned,Home,707006,Yes,Mobile App,2805,2025,3124
ORD0376,CUST0703,29-04-2025 06:17,Debit Card,Delivered,Home,862853,No,Website,1569,2025,2820.1
ORD0377,CUST0234,12-06-2024 22:07,Debit Card,Returned,Office,10576,No,Website,3980,2024,7677.4
ORD0378,CUST0676,21-12-2023 08:02,Credit Card,Returned,Home,97579,Yes,Mobile App,5929,2023,1621.7
ORD0379,CUST0337,22-10-2023 17:31,UPI,Processing,Home,222354,No,Website,7750,2023,7503.4
ORD0380,CUST0707,15-10-2023 08:39,Net Banking,Returned,Home,104691,Yes,Website,2536,2023,4901.7
ORD0381,CUST0808,02-07-2025 00:58,UPI,Shipped,Home,272567,Yes,Website,7586,2025,2665.2
ORD0382,CUST0936,03-12-2024 16:07,Debit Card,Canceled,Office,964244,No,Mobile App,4077,2024,1285.2
ORD0383,CUST0425,09-06-2024 16:40,Net Banking,Delivered,Office,917524,No,Mobile App,8333,2024,5473.8
ORD0384,CUST0004,04-02-2024 18:39,Debit Card,Returned,Office,69740,Yes,Website,6700,2024,5147.6
ORD0385,CUST0630,20-01-2024 22:33,UPI,Shipped,Office,146406,Yes,Mobile App,1889,2024,942.8
ORD0386,CUST0656,13-09-2025 13:16,COD,Processing,Home,24936,Yes,Mobile App,4927,2025,5359.4
ORD0387,CUST0485,20-09-2024 08:27,UPI,Returned,Home,274100,No,Mobile App,7385,2024,7148.1
ORD0388,CUST0949,16-09-2024 20:37,Credit Card,Canceled,Home,337119,Yes,Website,4515,2024,3051.5
ORD0389,CUST0825,03-04-2025 15:31,Net Banking,Processing,Office,149855,No,Mobile App,1662,2025,5929
ORD0390,CUST0274,07-02-2024 04:45,UPI,Returned,Office,301278,Yes,Website,9064,2024,8717.9
ORD0391,CUST0696,16-02-2024 01:50,COD,Returned,Office,957633,Yes,Mobile App,8791,2024,4445.6
ORD0392,CUST0834,16-03-2024 21:40,UPI,Delivered,Office,260227,Yes,Website,7331,2024,6541.7
ORD0393,CUST0304,18-09-2024 15:41,Debit Card,Shipped,Home,183007,Yes,Mobile App,6742,2024,1550.1
ORD0394,CUST0161,22-12-2024 05:16,Net Banking,Returned,Home,868635,Yes,Mobile App,5223,2024,4924.4
ORD0395,CUST0234,21-10-2023 01:52,UPI,Delivered,Home,471305,Yes,Website,7879,2023,2500.7
ORD0396,CUST0141,14-03-2025 16:26,Debit Card,Returned,Office,915541,No,Mobile App,3328,2025,2723.2
ORD0397,CUST0350,29-09-2025 16:48,COD,Canceled,Office,502841,Yes,Website,2609,2025,6754.3
ORD0398,CUST0659,28-12-2024 11:26,Net Banking,Canceled,Home,593387,No,Mobile App,1604,2024,1018.6
ORD0399,CUST0394,22-11-2024 07:25,Credit Card,Shipped,Office,634657,No,Mobile App,5512,2024,7871.6
ORD0400,CUST0614,01-06-2024 00:06,Net Banking,Processing,Office,141443,Yes,Mobile App,8942,2024,6105.5
ORD0401,CUST0639,31-10-2023 00:51,UPI,Returned,Office,206111,Yes,Website,560,2023,6784.5
ORD0402,CUST0158,30-09-2025 07:37,Debit Card,Canceled,Home,619569,Yes,Website,9903,2025,6425.5
ORD0403,CUST0086,12-05-2025 01:19,COD,Canceled,Home,37601,Yes,Website,7359,2025,4373.1
ORD0404,CUST0751,04-10-2024 11:59,COD,Returned,Office,757060,No,Mobile App,8679,2024,7551.2
ORD0405,CUST0970,02-12-2024 12:58,COD,Processing,Office,938631,No,Mobile App,6268,2024,2390.3
ORD0406,CUST0261,29-06-2024 14:02,COD,Canceled,Office,857968,Yes,Website,1356,2024,6072.9
ORD0407,CUST0346,24-12-2023 09:11,Net Banking,Canceled,Home,409576,No,Website,6355,2023,4834.1
ORD0408,CUST0362,05-04-2024 18:00,UPI,Processing,Home,281976,Yes,Website,4705,2024,4152.2
ORD0409,CUST0071,28-03-2025 18:51,Net Banking,Returned,Office,664512,No,Website,2854,2025,3272.7
ORD0410,CUST0207,07-10-2023 10:29,Net Banking,Canceled,Office,237926,Yes,Website,5714,2023,1024.8
ORD0411,CUST0748,16-09-2025 01:59,Credit Card,Canceled,Home,242080,Yes,Mobile App,3678,2025,3820
ORD0412,CUST0830,18-11-2024 11:13,UPI,Shipped,Home,663810,No,Website,3340,2024,4220.2
ORD0413,CUST0749,15-06-2025 21:44,Credit Card,Returned,Home,575257,Yes,Mobile App,1633,2025,7407.4
ORD0414,CUST0013,24-04-2024 22:22,Net Banking,Canceled,Home,146039,No,Mobile App,9934,2024,2372.7
ORD0415,CUST0861,23-08-2024 18:02,UPI,Processing,Home,640491,No,Website,3936,2024,3807
ORD0416,CUST0540,17-06-2025 21:59,Credit Card,Processing,Office,682016,Yes,Mobile App,3852,2025,5154.3
ORD0417,CUST0770,20-05-2024 02:32,COD,Processing,Home,471540,No,Mobile App,4149,2024,658.2
ORD0418,CUST0910,28-09-2024 20:22,UPI,Returned,Home,413614,Yes,Mobile App,517,2024,3383.2
ORD0419,CUST0277,29-10-2023 00:58,Debit Card,Delivered,Home,785273,Yes,Mobile App,9190,2023,2289.7
ORD0420,CUST0341,09-02-2025 01:57,Net Banking,Processing,Home,586336,No,Website,5614,2025,3087.3
ORD0421,CUST0099,04-10-2023 00:40,Net Banking,Canceled,Office,682036,No,Mobile App,9225,2023,5070.6
ORD0422,CUST0625,05-02-2024 19:09,UPI,Delivered,Office,397199,Yes,Mobile App,4879,2024,8144.8
ORD0423,CUST0739,01-08-2024 04:55,Debit Card,Shipped,Home,178072,Yes,Mobile App,9019,2024,7808.1
ORD0424,CUST0826,23-09-2025 22:33,UPI,Delivered,Office,291858,Yes,Website,4100,2025,5527.4
ORD0425,CUST0032,19-11-2023 21:06,UPI,Returned,Office,96459,No,Website,8024,2023,6564.4
ORD0426,CUST0300,18-10-2024 21:39,Net Banking,Shipped,Home,197729,No,Website,540,2024,2701.7
ORD0427,CUST0864,14-03-2024 03:20,Net Banking,Shipped,Home,674654,No,Website,9177,2024,1750.8
ORD0428,CUST0480,01-02-2024 21:07,Net Banking,Returned,Home,761925,No,Website,6750,2024,5246.8
ORD0429,CUST0577,30-04-2024 08:22,UPI,Canceled,Home,236294,No,Website,4359,2024,2082.7
ORD0430,CUST0226,16-09-2024 08:39,COD,Delivered,Office,729807,Yes,Website,3305,2024,7374.7
ORD0431,CUST0058,23-11-2024 01:06,Credit Card,Canceled,Office,469985,No,Mobile App,1411,2024,7964.3
ORD0432,CUST0288,16-02-2025 08:35,COD,Canceled,Office,114944,No,Website,7793,2025,4424.9
ORD0433,CUST0322,08-05-2024 15:49,Debit Card,Returned,Home,579775,Yes,Mobile App,3942,2024,1257
ORD0434,CUST0362,09-10-2023 04:53,Net Banking,Delivered,Office,655955,No,Website,9639,2023,5350.2
ORD0435,CUST0523,29-01-2025 02:36,Net Banking,Canceled,Home,852327,No,Website,8782,2025,6687.1
ORD0436,CUST0454,03-09-2025 00:36,COD,Shipped,Home,180541,Yes,Website,8347,2025,2317.3
ORD0437,CUST0244,05-08-2025 10:10,Net Banking,Canceled,Home,351010,Yes,Website,956,2025,4931.2
ORD0438,CUST0756,26-12-2024 01:22,Credit Card,Returned,Home,521084,Yes,Mobile App,2110,2024,2159.4
ORD0439,CUST0836,28-03-2025 00:14,Credit Card,Canceled,Home,817958,No,Mobile App,1100,2025,1111.6
ORD0440,CUST0466,22-10-2024 03:02,Net Banking,Shipped,Home,380529,No,Website,9590,2024,6970.2
ORD0441,CUST0622,09-11-2024 18:44,Debit Card,Shipped,Office,671568,No,Mobile App,7940,2024,3956.2
ORD0442,CUST0731,10-02-2024 08:03,UPI,Delivered,Office,420848,No,Mobile App,8040,2024,5839.3
ORD0443,CUST0883,07-02-2025 21:39,Net Banking,Shipped,Home,80702,No,Mobile App,7808,2025,5955.7
ORD0444,CUST0453,30-04-2025 08:59,Debit Card,Delivered,Home,371245,Yes,Website,5790,2025,918.3
ORD0445,CUST0698,30-08-2024 15:47,UPI,Canceled,Home,336306,No,Website,2033,2024,3338.2
ORD0446,CUST0529,02-07-2024 16:58,UPI,Processing,Office,331404,Yes,Mobile App,6523,2024,8339.8
ORD0447,CUST0215,11-04-2025 12:15,Credit Card,Delivered,Office,360278,Yes,Mobile App,8419,2025,1938
ORD0448,CUST0771,28-06-2025 11:18,Debit Card,Shipped,Office,205684,Yes,Website,7063,2025,6274
ORD0449,CUST0117,30-05-2024 16:08,UPI,Canceled,Home,461384,Yes,Mobile App,7878,2024,7667.5
ORD0450,CUST0055,17-02-2025 02:34,Debit Card,Shipped,Office,592718,No,Mobile App,7485,2025,3863.9
ORD0451,CUST0422,27-06-2024 16:32,COD,Returned,Office,498676,Yes,Website,7434,2024,6338.4
ORD0452,CUST0977,06-12-2023 02:52,UPI,Delivered,Home,514334,No,Website,2707,2023,6877.2
ORD0453,CUST0224,09-01-2024 21:07,COD,Returned,Home,261066,Yes,Mobile App,8662,2024,2415.5
ORD0454,CUST0616,05-12-2024 09:23,Debit Card,Canceled,Home,989298,Yes,Mobile App,9667,2024,3345.7
ORD0455,CUST0728,18-04-2024 18:17,Credit Card,Shipped,Home,326216,No,Mobile App,5485,2024,3492.2
ORD0456,CUST0233,27-03-2025 17:25,Debit Card,Processing,Home,179963,No,Mobile App,1630,2025,3779.5
ORD0457,CUST0551,15-08-2025 05:24,Debit Card,Returned,Office,313507,No,Website,8144,2025,4774.7
ORD0458,CUST0299,10-04-2024 02:15,COD,Canceled,Office,947405,No,Website,2504,2024,7595.4
ORD0459,CUST0366,19-05-2025 04:15,Net Banking,Processing,Home,983444,No,Mobile App,2382,2025,6075.4
ORD0460,CUST0004,24-04-2024 15:24,UPI,Delivered,Home,990185,Yes,Website,8915,2024,5935.9
ORD0461,CUST0579,03-08-2024 23:13,Net Banking,Delivered,Office,669213,Yes,Website,5412,2024,7249.3
ORD0462,CUST0396,05-01-2025 19:17,Credit Card,Returned,Office,420985,Yes,Mobile App,7868,2025,1972.7
ORD0463,CUST0606,20-07-2025 08:39,Debit Card,Returned,Office,943264,No,Website,3797,2025,827.7
ORD0464,CUST0832,18-04-2024 03:37,Debit Card,Canceled,Office,653891,Yes,Mobile App,3566,2024,2596.7
ORD0465,CUST0426,20-04-2025 22:41,COD,Canceled,Office,888819,Yes,Mobile App,7307,2025,1391
ORD0466,CUST0002,29-05-2025 16:02,Debit Card,Processing,Office,260299,Yes,Mobile App,3349,2025,883.8
ORD0467,CUST0138,29-01-2024 01:35,Debit Card,Shipped,Home,223237,No,Website,1685,2024,3449.3
ORD0468,CUST0743,15-09-2024 06:14,COD,Canceled,Home,313572,No,Mobile App,6366,2024,629.1
ORD0469,CUST0097,24-12-2023 15:47,COD,Canceled,Home,912816,No,Website,5487,2023,5371.1
ORD0470,CUST0124,16-10-2023 14:52,UPI,Processing,Home,901227,Yes,Website,4519,2023,5338.4
ORD0471,CUST0065,24-04-2025 13:00,COD,Processing,Office,666496,No,Mobile App,5532,2025,4859.6
ORD0472,CUST0834,29-07-2024 06:38,Credit Card,Delivered,Office,696542,Yes,Mobile App,2601,2024,1232.9
ORD0473,CUST0582,26-10-2024 02:00,Net Banking,Processing,Office,635344,No,Mobile App,3087,2024,7005.5
ORD0474,CUST0702,24-03-2025 08:13,COD,Canceled,Office,677,Yes,Mobile App,1236,2025,6679.6
ORD0475,CUST0332,31-08-2024 19:37,Credit Card,Shipped,Office,637817,No,Website,3912,2024,4280.6
ORD0476,CUST0799,06-07-2024 13:44,UPI,Processing,Office,305700,No,Website,3458,2024,7486.1
ORD0477,CUST0235,16-12-2023 09:59,Net Banking,Delivered,Office,223885,No,Website,4324,2023,4576.7
ORD0478,CUST0283,11-01-2024 01:38,COD,Delivered,Office,571534,No,Mobile App,3743,2024,1474.1
ORD0479,CUST0118,28-08-2025 22:22,UPI,Returned,Office,189778,No,Mobile App,4000,2025,450.4
ORD0480,CUST0297,22-10-2023 03:58,Credit Card,Returned,Office,44374,No,Website,7722,2023,6100.4
ORD0481,CUST0436,14-06-2024 19:58,Credit Card,Returned,Home,115133,Yes,Mobile App,8725,2024,1517.2
ORD0482,CUST0741,28-03-2024 04:08,Net Banking,Canceled,Home,940539,Yes,Mobile App,3877,2024,4749.3
ORD0483,CUST0095,23-11-2023 21:01,Credit Card,Processing,Home,594854,No,Mobile App,9263,2023,1723.1
ORD0484,CUST0968,25-02-2024 16:11,Credit Card,Canceled,Home,101829,No,Website,1242,2024,5877.2
ORD0485,CUST0647,03-12-2023 07:58,Net Banking,Processing,Office,555582,No,Website,5917,2023,1164.1
ORD0486,CUST0417,10-04-2025 19:40,Net Banking,Delivered,Home,310900,No,Website,4504,2025,1487.5
ORD0487,CUST0382,23-02-2024 22:26,UPI,Shipped,Home,928825,Yes,Mobile App,1044,2024,2627.6
ORD0488,CUST0056,16-05-2024 19:34,Debit Card,Returned,Office,710484,No,Mobile App,809,2024,2306.4
ORD0489,CUST0173,18-05-2024 02:20,UPI,Delivered,Home,150049,No,Website,947,2024,6534.8
ORD0490,CUST0038,19-08-2024 18:04,Credit Card,Processing,Home,738639,No,Mobile App,9779,2024,1502.6
ORD0491,CUST0881,19-12-2024 13:33,COD,Canceled,Home,309474,Yes,Website,2609,2024,1990.9
ORD0492,CUST0285,12-11-2024 19:10,Credit Card,Delivered,Office,66390,Yes,Website,3517,2024,1060.4
ORD0493,CUST0382,29-11-2023 19:07,COD,Shipped,Home,508993,Yes,Website,1737,2023,2821
ORD0494,CUST0263,16-05-2024 02:39,Net Banking,Processing,Home,781861,Yes,Website,3652,2024,2501.4
ORD0495,CUST0373,30-07-2025 13:56,Debit Card,Returned,Office,605104,Yes,Website,3093,2025,3491.7
ORD0496,CUST0344,03-03-2024 20:44,COD,Processing,Office,941692,Yes,Website,5485,2024,5196.1
ORD0497,CUST0306,06-09-2025 15:01,UPI,Returned,Office,625929,No,Website,3338,2025,6690.4
ORD0498,CUST0441,30-04-2024 18:22,COD,Shipped,Office,439097,Yes,Website,6342,2024,5947.3
ORD0499,CUST0652,01-10-2024 04:57,COD,Shipped,Office,510541,No,Website,8231,2024,5487.5
ORD0500,CUST0415,04-03-2025 11:46,Credit Card,Processing,Home,885769,No,Mobile App,6577,2025,8385.7
ORD0501,CUST0868,13-09-2025 18:09,Credit Card,Processing,Office,452150,No,Website,6557,2025,7606.1
ORD0502,CUST0063,19-01-2024 01:07,Net Banking,Canceled,Office,906793,No,Website,4867,2024,5206.7
ORD0503,CUST0225,30-08-2024 00:09,Debit Card,Canceled,Office,339452,Yes,Mobile App,7734,2024,4222.7
ORD0504,CUST0946,15-05-2025 15:50,COD,Canceled,Office,738223,Yes,Mobile App,3914,2025,5831.9
ORD0505,CUST0131,12-10-2023 01:29,Net Banking,Returned,Office,877657,Yes,Website,5245,2023,5080.6
ORD0506,CUST0506,12-12-2024 21:03,Net Banking,Shipped,Office,606242,Yes,Mobile App,8279,2024,5729.4
ORD0507,CUST0885,28-01-2024 09:18,COD,Shipped,Home,708479,No,Mobile App,3981,2024,4613.4
ORD0508,CUST0421,13-03-2025 05:08,Net Banking,Processing,Office,462096,Yes,Website,7265,2025,5949.9
ORD0509,CUST0749,13-04-2025 01:39,Net Banking,Shipped,Office,242993,No,Website,9451,2025,1512.6
ORD0510,CUST0426,31-03-2024 12:21,Credit Card,Processing,Home,68893,Yes,Website,6949,2024,7863.5
ORD0511,CUST0672,12-01-2024 22:50,Debit Card,Canceled,Home,924852,Yes,Website,878,2024,3126.5
ORD0512,CUST0486,08-04-2024 23:19,Debit Card,Canceled,Home,55922,No,Website,566,2024,4431.4
ORD0513,CUST0550,18-07-2025 06:20,Net Banking,Canceled,Office,747824,Yes,Website,6834,2025,8380
ORD0514,CUST0213,05-08-2025 23:25,Credit Card,Shipped,Home,574149,No,Mobile App,3718,2025,4402.3
ORD0515,CUST0802,03-10-2024 17:20,COD,Canceled,Home,52810,No,Mobile App,2861,2024,2714
ORD0516,CUST0398,20-06-2024 15:31,UPI,Processing,Office,422337,Yes,Website,2283,2024,4295.8
ORD0517,CUST0012,15-02-2025 06:15,Debit Card,Canceled,Office,634842,Yes,Website,3474,2025,5615.8
ORD0518,CUST0736,06-01-2024 10:12,UPI,Returned,Office,621352,Yes,Mobile App,7897,2024,825.2
ORD0519,CUST0422,01-10-2025 15:39,Net Banking,Shipped,Home,37316,No,Website,2317,2025,4863.3
ORD0520,CUST0111,13-03-2025 12:40,Debit Card,Processing,Home,362061,Yes,Mobile App,4545,2025,4033.5
ORD0521,CUST0749,21-09-2025 23:57,Net Banking,Delivered,Home,320908,Yes,Website,4294,2025,3737.5
ORD0522,CUST0221,24-09-2024 11:34,COD,Canceled,Office,74602,Yes,Mobile App,9240,2024,4389.9
ORD0523,CUST0047,27-10-2023 02:40,Net Banking,Returned,Office,413832,Yes,Website,1665,2023,7496.4
ORD0524,CUST0615,29-04-2024 04:47,Debit Card,Delivered,Home,938463,No,Website,2199,2024,4005.8
ORD0525,CUST0593,26-11-2024 00:53,Net Banking,Delivered,Home,841069,Yes,Mobile App,3146,2024,995.6
ORD0526,CUST0155,11-02-2025 13:30,Net Banking,Returned,Office,249957,No,Website,7122,2025,918.5
ORD0527,CUST0766,04-03-2024 06:31,Credit Card,Returned,Home,902775,Yes,Mobile App,2865,2024,2742.6
ORD0528,CUST0265,28-08-2025 21:43,Net Banking,Processing,Office,371352,No,Website,1481,2025,2771
ORD0529,CUST0077,16-06-2024 06:23,COD,Delivered,Office,2437,Yes,Mobile App,2133,2024,6969.9
ORD0530,CUST0392,20-02-2024 09:03,Credit Card,Delivered,Office,512408,No,Website,1915,2024,2059.5
ORD0531,CUST0209,16-04-2024 15:04,Debit Card,Delivered,Office,12334,Yes,Website,5471,2024,502.3
ORD0532,CUST0166,13-06-2025 13:17,Net Banking,Returned,Home,221081,No,Website,2453,2025,6714.3
ORD0533,CUST0471,08-12-2024 03:55,UPI,Processing,Home,13496,No,Website,3991,2024,7424.3
ORD0534,CUST0870,24-09-2024 08:39,Net Banking,Processing,Office,744976,No,Mobile App,7523,2024,1235.3
ORD0535,CUST0245,18-09-2024 16:55,Net Banking,Delivered,Home,34719,No,Mobile App,2321,2024,5577.9
ORD0536,CUST0126,17-03-2025 12:35,Net Banking,Processing,Home,761045,Yes,Website,2449,2025,988.3
ORD0537,CUST0078,07-12-2024 23:30,Debit Card,Delivered,Office,346774,Yes,Mobile App,1342,2024,5943.9
ORD0538,CUST0989,17-10-2024 02:21,Debit Card,Canceled,Home,817252,No,Mobile App,6142,2024,4446.5
ORD0539,CUST0180,10-06-2025 14:55,COD,Processing,Home,420347,Yes,Website,6452,2025,1184.1
ORD0540,CUST0957,08-08-2024 11:44,COD,Returned,Office,839549,No,Mobile App,6896,2024,7224.8
ORD0541,CUST0584,28-05-2025 08:02,Net Banking,Shipped,Home,797888,Yes,Mobile App,2236,2025,4976.1
ORD0542,CUST0444,03-08-2024 11:15,COD,Processing,Office,254304,Yes,Mobile App,6464,2024,4580.3
ORD0543,CUST0908,17-11-2023 18:24,Debit Card,Shipped,Office,700493,Yes,Mobile App,3056,2023,2087.2
ORD0544,CUST0779,25-08-2024 14:07,UPI,Canceled,Office,532586,Yes,Mobile App,6771,2024,7265.2
ORD0545,CUST0024,14-08-2025 00:02,Credit Card,Delivered,Office,149782,No,Website,4145,2025,4692.6
ORD0546,CUST0522,01-04-2024 15:42,COD,Shipped,Office,889738,Yes,Mobile App,2181,2024,486.7
ORD0547,CUST0992,09-07-2025 11:27,COD,Canceled,Home,311150,No,Website,8460,2025,2039.6
ORD0548,CUST0008,16-10-2024 06:03,COD,Canceled,Home,751761,Yes,Website,2494,2024,2420.8
ORD0549,CUST0144,21-02-2025 02:33,Debit Card,Shipped,Home,309137,Yes,Website,9610,2025,522.7
ORD0550,CUST0549,01-08-2024 15:41,UPI,Canceled,Office,672977,Yes,Website,6364,2024,4831.1
ORD0551,CUST0033,12-08-2025 01:31,Credit Card,Processing,Home,630837,Yes,Mobile App,7911,2025,1968.1
ORD0552,CUST0234,23-11-2024 17:50,UPI,Delivered,Home,996538,Yes,Mobile App,986,2024,4889.3
ORD0553,CUST0199,31-07-2025 23:21,UPI,Canceled,Home,556145,Yes,Website,625,2025,6569.5
ORD0554,CUST0297,15-12-2024 16:59,Credit Card,Processing,Office,59705,Yes,Mobile App,9088,2024,1938.2
ORD0555,CUST0949,25-12-2024 07:52,Net Banking,Delivered,Home,627364,Yes,Mobile App,2176,2024,4861.6
ORD0556,CUST0249,28-04-2024 12:30,UPI,Delivered,Office,44133,Yes,Website,4803,2024,7275.8
ORD0557,CUST0420,14-01-2025 12:04,COD,Processing,Home,141318,Yes,Website,1892,2025,7951.8
ORD0558,CUST0949,21-12-2024 08:10,Net Banking,Shipped,Home,546412,No,Website,6141,2024,7725.2
ORD0559,CUST0658,08-09-2025 12:40,Credit Card,Shipped,Office,690861,Yes,Website,2094,2025,5794.3
ORD0560,CUST0257,24-02-2024 07:16,Debit Card,Canceled,Home,506512,No,Mobile App,9552,2024,4697.1
ORD0561,CUST0937,15-06-2024 13:39,COD,Processing,Office,676357,Yes,Mobile App,3556,2024,415.7
ORD0562,CUST0855,23-10-2024 22:30,COD,Returned,Office,544532,Yes,Mobile App,6386,2024,7923
ORD0563,CUST0623,01-02-2024 08:13,Net Banking,Canceled,Home,514736,No,Website,1294,2024,5744.9
ORD0564,CUST0471,14-05-2025 08:44,Debit Card,Shipped,Office,535016,No,Mobile App,7775,2025,1633.6
ORD0565,CUST0409,12-03-2025 05:20,UPI,Shipped,Office,820607,No,Website,4148,2025,7583.4
ORD0566,CUST0071,24-04-2025 07:39,UPI,Returned,Home,934240,Yes,Mobile App,4103,2025,7351.2
ORD0567,CUST0288,10-09-2025 06:33,Debit Card,Canceled,Office,520406,Yes,Mobile App,5345,2025,6055.8
ORD0568,CUST0793,18-04-2025 02:57,COD,Shipped,Office,960775,Yes,Mobile App,3517,2025,2099.9
ORD0569,CUST0923,27-06-2025 19:05,UPI,Shipped,Home,25444,No,Website,1022,2025,5996
ORD0570,CUST0727,15-06-2024 15:25,Debit Card,Processing,Home,124611,No,Mobile App,4540,2024,6242.3
ORD0571,CUST0615,04-05-2025 04:02,Credit Card,Processing,Office,357999,No,Mobile App,5116,2025,844
ORD0572,CUST0394,27-01-2025 19:26,Debit Card,Canceled,Office,341542,Yes,Website,5047,2025,5795.8
ORD0573,CUST0063,04-03-2024 12:39,Debit Card,Shipped,Home,272731,Yes,Mobile App,5269,2024,3195.9
ORD0574,CUST0869,16-10-2023 07:36,Credit Card,Processing,Home,131134,No,Website,1255,2023,2109
ORD0575,CUST0620,29-04-2025 06:05,COD,Canceled,Home,342937,Yes,Mobile App,3087,2025,3844.7
ORD0576,CUST0975,06-01-2025 02:21,Debit Card,Returned,Home,906257,Yes,Website,5448,2025,5812.4
ORD0577,CUST0555,22-12-2024 17:13,Debit Card,Delivered,Office,197771,Yes,Website,7153,2024,3058.6
ORD0578,CUST0487,19-11-2024 20:15,Credit Card,Canceled,Home,71157,Yes,Mobile App,1040,2024,2221.3
ORD0579,CUST0860,16-07-2025 17:20,Debit Card,Returned,Home,760672,Yes,Mobile App,9210,2025,5453
ORD0580,CUST0008,11-07-2025 01:34,Debit Card,Shipped,Home,699241,No,Website,1298,2025,3188.6
ORD0581,CUST0659,10-07-2024 17:42,Debit Card,Shipped,Office,428885,Yes,Mobile App,8482,2024,1084
ORD0582,CUST0003,15-10-2024 02:17,Credit Card,Delivered,Home,635806,No,Mobile App,2129,2024,2727.7
ORD0583,CUST0862,24-06-2024 08:50,UPI,Canceled,Office,216441,No,Website,8923,2024,5340.7
ORD0584,CUST0994,29-08-2024 20:11,Net Banking,Processing,Home,631188,No,Website,4217,2024,4297.2
ORD0585,CUST0745,03-11-2023 12:39,Debit Card,Shipped,Home,649209,Yes,Mobile App,8179,2023,7340.9
ORD0586,CUST0787,27-03-2025 09:03,Credit Card,Processing,Office,695030,No,Mobile App,7726,2025,3823.2
ORD0587,CUST0455,09-12-2023 03:52,Credit Card,Delivered,Office,177245,No,Website,2210,2023,6979.2
ORD0588,CUST0998,09-12-2024 01:30,COD,Canceled,Office,940437,No,Mobile App,1457,2024,6316.7
ORD0589,CUST0664,10-09-2024 17:28,COD,Delivered,Home,516521,Yes,Website,9573,2024,4132.4
ORD0590,CUST0489,15-01-2024 17:40,Net Banking,Delivered,Office,116688,Yes,Website,3053,2024,1187
ORD0591,CUST0692,04-07-2024 08:25,Credit Card,Canceled,Office,159255,No,Website,6830,2024,6877.6
ORD0592,CUST0648,03-10-2023 04:53,COD,Shipped,Office,949703,Yes,Website,2976,2023,6262.9
ORD0593,CUST0127,01-07-2025 01:12,Net Banking,Processing,Home,358251,Yes,Website,6702,2025,7745.2
ORD0594,CUST0738,21-10-2023 22:45,UPI,Returned,Office,38157,No,Website,8658,2023,3717.1
ORD0595,CUST0867,16-03-2025 14:37,Debit Card,Returned,Office,7743,Yes,Website,1156,2025,3183.8
ORD0596,CUST0465,03-03-2024 03:32,UPI,Shipped,Home,662236,Yes,Website,3894,2024,5585
ORD0597,CUST0353,03-02-2024 08:20,Net Banking,Returned,Office,277886,No,Website,2577,2024,8289.9
ORD0598,CUST0731,22-03-2024 07:11,UPI,Delivered,Office,379116,Yes,Mobile App,7262,2024,1284.9
ORD0599,CUST0904,15-12-2023 18:02,UPI,Shipped,Home,153339,Yes,Website,2111,2023,852.4
ORD0600,CUST0835,01-08-2025 09:06,COD,Processing,Home,946166,No,Mobile App,5297,2025,5741.1
ORD0601,CUST0887,29-08-2025 01:04,Debit Card,Processing,Home,146694,Yes,Mobile App,3499,2025,5100.9
ORD0602,CUST0966,10-04-2024 12:18,UPI,Shipped,Home,761541,No,Mobile App,6926,2024,5203.8
ORD0603,CUST0629,13-11-2024 09:55,COD,Canceled,Office,363297,No,Mobile App,7477,2024,3707.3
ORD0604,CUST0834,29-11-2023 22:35,Net Banking,Processing,Office,754161,Yes,Website,5527,2023,2158.1
ORD0605,CUST0323,03-10-2023 20:29,Credit Card,Canceled,Home,648772,No,Mobile App,6776,2023,4815.6
ORD0606,CUST0880,08-11-2024 19:05,Credit Card,Shipped,Home,815711,No,Website,7828,2024,7494.9
ORD0607,CUST0184,14-10-2024 11:43,Net Banking,Shipped,Office,210404,Yes,Mobile App,4030,2024,3691.3
ORD0608,CUST0888,08-07-2024 13:46,Debit Card,Delivered,Home,917308,Yes,Mobile App,7661,2024,5750.9
ORD0609,CUST0923,17-12-2024 01:28,Credit Card,Shipped,Home,95300,Yes,Mobile App,8584,2024,477
ORD0610,CUST0294,06-12-2023 05:03,UPI,Canceled,Office,338468,Yes,Mobile App,2404,2023,4601.4
ORD0611,CUST0715,22-11-2023 13:54,Credit Card,Canceled,Home,761510,Yes,Website,9178,2023,3847.6
ORD0612,CUST0464,14-07-2024 10:49,Net Banking,Shipped,Home,228829,Yes,Mobile App,3056,2024,8215.7
ORD0613,CUST0716,15-01-2025 10:09,UPI,Processing,Home,732718,No,Mobile App,7056,2025,6650.6
ORD0614,CUST0013,21-05-2025 01:17,COD,Shipped,Office,420894,Yes,Website,9023,2025,448.4
ORD0615,CUST0116,28-04-2025 17:13,Credit Card,Shipped,Home,750392,Yes,Website,8986,2025,3714.1
ORD0616,CUST0130,15-04-2025 16:11,COD,Processing,Home,527583,Yes,Website,7428,2025,8646.9
ORD0617,CUST0391,02-10-2023 15:25,Credit Card,Returned,Home,985836,No,Mobile App,1905,2023,5662.2
ORD0618,CUST0009,22-12-2023 15:25,UPI,Processing,Office,188561,No,Website,893,2023,5337
ORD0619,CUST0940,12-01-2025 04:10,COD,Processing,Home,513623,Yes,Website,2885,2025,4931.4
ORD0620,CUST0782,06-06-2024 05:26,Credit Card,Returned,Home,611373,No,Website,514,2024,4247.1
ORD0621,CUST0299,17-10-2023 18:42,COD,Delivered,Office,862942,No,Website,9361,2023,3546.9
ORD0622,CUST0975,12-05-2024 03:04,Net Banking,Returned,Home,39150,No,Mobile App,1616,2024,1072.6
ORD0623,CUST0279,28-01-2025 19:49,Debit Card,Delivered,Office,764797,No,Mobile App,8838,2025,3071.2
ORD0624,CUST0854,23-01-2025 13:44,UPI,Shipped,Home,495072,No,Website,8320,2025,4372.7
ORD0625,CUST0361,23-01-2025 02:38,Net Banking,Delivered,Home,518562,Yes,Website,2189,2025,7923.7
ORD0626,CUST0954,18-06-2025 05:29,UPI,Canceled,Office,190683,No,Website,8479,2025,6845.4
ORD0627,CUST0563,24-08-2024 16:46,UPI,Delivered,Home,736086,Yes,Website,8079,2024,1872.3
ORD0628,CUST0415,17-12-2023 20:38,Net Banking,Returned,Home,168730,No,Website,7642,2023,4666.4
ORD0629,CUST0529,03-01-2024 03:46,COD,Canceled,Office,717151,Yes,Website,9818,2024,5548.3
ORD0630,CUST0450,05-10-2023 10:03,UPI,Returned,Home,304138,Yes,Website,7280,2023,842.9
ORD0631,CUST0737,20-09-2024 14:45,UPI,Delivered,Office,842068,Yes,Mobile App,3606,2024,7009.4
ORD0632,CUST0069,21-05-2025 02:33,Net Banking,Processing,Office,31438,No,Mobile App,2956,2025,3677.3
ORD0633,CUST0374,21-07-2025 08:53,Debit Card,Shipped,Home,203126,No,Website,6855,2025,2204.4
ORD0634,CUST0097,30-08-2024 14:43,COD,Canceled,Office,116897,Yes,Website,5910,2024,3946.5
ORD0635,CUST0952,17-09-2024 16:26,COD,Canceled,Office,84536,Yes,Website,3816,2024,6272.4
ORD0636,CUST0350,05-03-2024 19:54,Debit Card,Shipped,Office,81169,Yes,Mobile App,6795,2024,7606.1
ORD0637,CUST0831,26-03-2024 18:44,Debit Card,Processing,Office,278277,Yes,Mobile App,1503,2024,1876.3
ORD0638,CUST0896,06-10-2024 16:18,Net Banking,Processing,Office,399824,No,Website,4408,2024,6600.9
ORD0639,CUST0479,25-10-2023 01:08,Debit Card,Delivered,Office,931336,Yes,Website,7982,2023,3554
ORD0640,CUST0569,25-10-2023 23:16,Debit Card,Canceled,Office,577945,No,Mobile App,2399,2023,6309
ORD0641,CUST0300,12-11-2023 00:46,Debit Card,Processing,Home,947484,No,Mobile App,3750,2023,1055.2
ORD0642,CUST0009,10-04-2024 15:13,COD,Delivered,Home,499524,Yes,Website,2819,2024,4271.1
ORD0643,CUST0145,17-12-2024 08:32,Debit Card,Processing,Office,664709,No,Website,1349,2024,6481.4
ORD0644,CUST0870,29-03-2025 20:33,COD,Canceled,Home,971111,No,Website,9996,2025,6759.1
ORD0645,CUST0111,03-08-2025 12:52,COD,Processing,Office,299572,No,Mobile App,7096,2025,6116.7
ORD0646,CUST0304,24-01-2024 10:09,Credit Card,Returned,Office,660156,Yes,Website,5211,2024,653
ORD0647,CUST0018,06-11-2023 16:25,Net Banking,Processing,Home,253755,Yes,Mobile App,2767,2023,6032.4
ORD0648,CUST0699,23-06-2025 18:50,UPI,Shipped,Office,962386,Yes,Website,2583,2025,8669.5
ORD0649,CUST0078,06-07-2024 00:36,UPI,Shipped,Home,657775,No,Website,6428,2024,6990.2
ORD0650,CUST0688,12-11-2024 05:30,Debit Card,Canceled,Home,778227,Yes,Mobile App,8574,2024,2034.5
ORD0651,CUST0085,25-09-2024 12:26,UPI,Delivered,Home,129258,Yes,Website,7003,2024,2508.5
ORD0652,CUST0430,23-01-2025 10:20,Credit Card,Delivered,Home,304104,Yes,Mobile App,6212,2025,3185.9
ORD0653,CUST0686,22-10-2023 22:16,UPI,Canceled,Office,239373,No,Website,4115,2023,6733
ORD0654,CUST0513,04-07-2025 12:16,Debit Card,Processing,Office,852838,Yes,Website,2266,2025,5373.6
ORD0655,CUST0484,07-12-2023 03:49,Net Banking,Delivered,Office,946913,No,Website,8779,2023,6057.5
ORD0656,CUST0874,08-10-2024 05:47,UPI,Shipped,Home,151420,Yes,Website,2001,2024,7647.2
ORD0657,CUST0710,22-03-2024 17:22,Debit Card,Canceled,Office,722542,No,Website,8994,2024,5052.2
ORD0658,CUST0552,01-04-2024 09:33,UPI,Processing,Home,375127,No,Website,5252,2024,744.7
ORD0659,CUST0706,09-07-2025 12:26,Debit Card,Delivered,Office,344826,Yes,Website,5483,2025,5563.2
ORD0660,CUST0809,17-07-2025 13:39,Credit Card,Processing,Home,735262,Yes,Mobile App,5084,2025,2110.9
ORD0661,CUST0508,10-12-2024 03:33,Credit Card,Canceled,Home,841581,Yes,Website,4341,2024,5649.4
ORD0662,CUST0866,07-01-2024 00:17,Debit Card,Canceled,Home,508756,Yes,Website,1453,2024,794.6
ORD0663,CUST0604,07-07-2024 00:25,Credit Card,Returned,Home,741480,Yes,Mobile App,9036,2024,403.3
ORD0664,CUST0829,22-07-2025 03:18,UPI,Returned,Home,863315,Yes,Website,6003,2025,4253.6
ORD0665,CUST0067,09-02-2024 07:55,UPI,Returned,Home,570407,Yes,Website,1308,2024,3639.6
ORD0666,CUST0649,09-05-2024 17:29,COD,Canceled,Office,665771,Yes,Website,7340,2024,7199.8
ORD0667,CUST0939,15-06-2024 15:22,Credit Card,Returned,Home,80816,Yes,Website,7530,2024,4995.9
ORD0668,CUST0874,06-01-2024 15:14,Net Banking,Processing,Office,466375,No,Mobile App,561,2024,3592.8
ORD0669,CUST0076,04-06-2025 12:32,Credit Card,Delivered,Office,474003,Yes,Website,637,2025,6619.8
ORD0670,CUST0510,05-12-2023 21:14,Debit Card,Returned,Office,113932,No,Website,2050,2023,2064.6
ORD0671,CUST0765,28-06-2024 22:12,UPI,Shipped,Office,116403,Yes,Mobile App,7187,2024,5361.2
ORD0672,CUST0664,13-03-2024 16:53,Credit Card,Delivered,Office,660006,No,Mobile App,8346,2024,1768.2
ORD0673,CUST0522,10-03-2024 05:05,COD,Canceled,Office,862017,Yes,Website,7203,2024,6715.5
ORD0674,CUST0558,09-12-2023 04:35,Net Banking,Processing,Home,42261,Yes,Mobile App,3145,2023,5605.6
ORD0675,CUST0177,19-11-2023 17:57,Net Banking,Shipped,Home,673903,No,Mobile App,7626,2023,7047.7
ORD0676,CUST0012,27-11-2023 10:16,Net Banking,Shipped,Office,598779,No,Website,6974,2023,5227.6
ORD0677,CUST0174,07-03-2024 12:39,Debit Card,Returned,Home,940451,No,Mobile App,4462,2024,8415.2
ORD0678,CUST0549,08-10-2024 12:12,Credit Card,Shipped,Office,768612,No,Mobile App,8368,2024,6032.1
ORD0679,CUST0331,26-09-2025 23:35,Net Banking,Canceled,Office,39779,No,Website,9495,2025,8352.7
ORD0680,CUST0379,18-07-2025 06:38,Net Banking,Delivered,Office,563501,Yes,Website,5266,2025,5598.1
ORD0681,CUST0112,17-04-2025 13:06,COD,Processing,Office,783664,Yes,Website,2778,2025,5133.2
ORD0682,CUST0889,17-07-2025 21:08,COD,Processing,Home,576619,No,Website,2370,2025,4820.8
ORD0683,CUST0539,25-01-2024 16:35,COD,Delivered,Home,465599,No,Website,571,2024,2959.6
ORD0684,CUST0269,05-07-2024 14:02,UPI,Returned,Home,243626,No,Mobile App,6227,2024,1088.7
ORD0685,CUST0642,06-05-2025 07:13,Debit Card,Delivered,Home,674422,Yes,Website,2523,2025,2129.3
ORD0686,CUST0349,30-07-2025 07:11,Credit Card,Delivered,Office,12025,Yes,Mobile App,5009,2025,643.1
ORD0687,CUST0412,20-05-2025 16:46,Net Banking,Processing,Home,30767,Yes,Website,4220,2025,6252.4
ORD0688,CUST0620,19-08-2025 03:17,Debit Card,Delivered,Home,376636,No,Website,1185,2025,6090.5
ORD0689,CUST0655,30-01-2025 03:39,Debit Card,Delivered,Home,381133,No,Website,6806,2025,6175.3
ORD0690,CUST0143,25-09-2025 05:10,UPI,Returned,Office,230364,No,Website,8193,2025,4643.4
ORD0691,CUST0026,22-04-2025 19:57,UPI,Canceled,Home,842382,No,Mobile App,6906,2025,5797.6
ORD0692,CUST0923,22-01-2024 13:42,COD,Canceled,Office,113487,Yes,Mobile App,9392,2024,3445.1
ORD0693,CUST0371,06-01-2024 09:50,UPI,Processing,Office,179422,Yes,Mobile App,5911,2024,4307.4
ORD0694,CUST0390,13-07-2024 04:50,COD,Returned,Office,205840,No,Website,4885,2024,4295.2
ORD0695,CUST0576,27-02-2024 16:21,Debit Card,Processing,Office,692187,Yes,Mobile App,8602,2024,5139.7
ORD0696,CUST0850,23-05-2025 23:06,UPI,Returned,Office,919506,Yes,Website,980,2025,7018.9
ORD0697,CUST0485,11-10-2024 11:24,UPI,Returned,Office,435566,Yes,Mobile App,4492,2024,5263.9
ORD0698,CUST0790,01-05-2025 17:28,Net Banking,Returned,Home,794915,No,Mobile App,4495,2025,6605
ORD0699,CUST0612,28-03-2024 05:47,UPI,Returned,Home,566691,No,Website,5506,2024,1127.4
ORD0700,CUST0370,23-01-2025 12:27,Credit Card,Returned,Home,709404,No,Mobile App,8093,2025,464.7
ORD0701,CUST0053,21-07-2025 23:35,COD,Shipped,Office,720909,Yes,Website,9792,2025,5785.1
ORD0702,CUST0458,27-08-2025 23:47,Debit Card,Canceled,Home,134809,No,Mobile App,6158,2025,481.7
ORD0703,CUST0248,02-09-2025 14:28,Net Banking,Delivered,Home,232963,No,Website,5989,2025,5076.3
ORD0704,CUST0113,24-08-2025 04:25,UPI,Delivered,Home,786192,Yes,Mobile App,6127,2025,2487.4
ORD0705,CUST0983,11-05-2024 21:48,Net Banking,Delivered,Office,40593,Yes,Mobile App,4218,2024,2438.8
ORD0706,CUST0931,07-12-2024 10:30,COD,Returned,Office,300619,Yes,Website,8552,2024,4875.3
ORD0707,CUST0193,26-01-2025 21:11,Credit Card,Delivered,Home,815634,Yes,Website,6276,2025,4076.9
ORD0708,CUST0890,22-01-2024 04:29,Debit Card,Canceled,Office,47879,Yes,Mobile App,4828,2024,5555.2
ORD0709,CUST0861,28-11-2024 15:31,COD,Shipped,Office,405995,Yes,Website,9078,2024,3214.4
ORD0710,CUST0542,22-04-2024 22:54,Debit Card,Returned,Office,799060,No,Mobile App,6106,2024,4233.6
ORD0711,CUST0648,08-08-2025 23:58,COD,Delivered,Home,222239,Yes,Mobile App,2036,2025,3926.9
ORD0712,CUST0353,26-06-2024 04:14,UPI,Processing,Home,595435,No,Website,7346,2024,2585
ORD0713,CUST0557,23-01-2025 12:04,Credit Card,Canceled,Office,104719,Yes,Website,7746,2025,1548.1
ORD0714,CUST0864,28-08-2024 11:37,Debit Card,Delivered,Office,307515,No,Mobile App,7433,2024,2727.3
ORD0715,CUST0780,07-02-2024 18:42,COD,Processing,Home,400182,Yes,Mobile App,970,2024,7315.4
ORD0716,CUST0122,11-10-2024 04:35,Net Banking,Canceled,Office,668211,Yes,Website,1470,2024,3401.2
ORD0717,CUST0086,21-06-2024 21:13,Net Banking,Canceled,Home,860295,Yes,Website,6005,2024,6799.3
ORD0718,CUST0763,15-09-2025 18:01,COD,Delivered,Office,452307,No,Website,5905,2025,7888.4
ORD0719,CUST0147,01-04-2025 04:46,Debit Card,Canceled,Office,397870,Yes,Website,3338,2025,3585.9
ORD0720,CUST0288,12-11-2023 03:34,Debit Card,Returned,Home,154223,No,Mobile App,1981,2023,2489.6
ORD0721,CUST0059,31-05-2024 20:43,Debit Card,Processing,Home,452739,No,Mobile App,6500,2024,2036.2
ORD0722,CUST0567,07-06-2024 14:28,Debit Card,Shipped,Home,823713,Yes,Mobile App,2671,2024,5225.5
ORD0723,CUST0453,20-09-2024 22:34,COD,Canceled,Home,804482,Yes,Website,5926,2024,680.4
ORD0724,CUST0767,23-04-2025 03:11,UPI,Processing,Home,504592,Yes,Website,5401,2025,4950.6
ORD0725,CUST0231,10-12-2024 15:27,Credit Card,Delivered,Home,527387,No,Mobile App,2444,2024,1885.2
ORD0726,CUST0329,07-06-2024 08:48,Credit Card,Canceled,Home,530908,Yes,Mobile App,2572,2024,4719.1
ORD0727,CUST0829,06-04-2024 13:46,Credit Card,Canceled,Home,579540,Yes,Website,7501,2024,1358.9
ORD0728,CUST0762,24-08-2024 02:44,Credit Card,Returned,Office,857325,Yes,Website,3067,2024,6843.3
ORD0729,CUST0253,14-11-2024 08:55,COD,Returned,Home,955801,No,Mobile App,4068,2024,6376.9
ORD0730,CUST0797,13-05-2024 07:27,COD,Delivered,Home,967709,No,Website,9754,2024,6335.5
ORD0731,CUST0500,02-05-2025 14:40,Credit Card,Canceled,Office,685393,No,Website,6613,2025,1243.6
ORD0732,CUST0261,08-01-2024 20:45,UPI,Processing,Home,639649,Yes,Website,596,2024,4851.7
ORD0733,CUST0761,20-09-2025 18:14,Net Banking,Shipped,Office,743474,Yes,Website,5573,2025,1162.8
ORD0734,CUST0175,27-03-2024 10:46,Net Banking,Processing,Office,101353,No,Mobile App,1273,2024,955.4
ORD0735,CUST0279,09-01-2024 13:57,Credit Card,Returned,Home,517823,No,Mobile App,8024,2024,4492.9
ORD0736,CUST0641,04-10-2023 01:31,Credit Card,Returned,Home,925548,Yes,Mobile App,9375,2023,986
ORD0737,CUST0078,16-06-2024 09:26,Debit Card,Returned,Home,898796,No,Website,1674,2024,4000.5
ORD0738,CUST0103,08-11-2023 14:17,Debit Card,Shipped,Office,188849,No,Website,2147,2023,2521.2
ORD0739,CUST0153,22-10-2024 20:30,Credit Card,Delivered,Home,197702,Yes,Mobile App,4367,2024,6990.5
ORD0740,CUST0758,11-02-2025 16:08,Debit Card,Delivered,Office,671174,Yes,Mobile App,4141,2025,507.4
ORD0741,CUST0244,30-10-2024 21:43,Net Banking,Returned,Home,418641,No,Website,6732,2024,6668.6
ORD0742,CUST0768,25-01-2025 11:58,Net Banking,Returned,Office,976579,No,Mobile App,8399,2025,884.2
ORD0743,CUST0024,06-04-2024 03:07,UPI,Shipped,Home,36055,No,Website,1325,2024,575.3
ORD0744,CUST0468,30-11-2024 20:25,Credit Card,Canceled,Home,912114,No,Mobile App,951,2024,7931
ORD0745,CUST0859,13-03-2024 09:07,Net Banking,Processing,Home,571794,Yes,Website,8016,2024,4616.6
ORD0746,CUST0083,17-02-2024 22:26,Credit Card,Returned,Home,171156,No,Mobile App,6427,2024,4852.1
ORD0747,CUST0431,17-09-2025 15:35,Net Banking,Canceled,Home,182363,No,Mobile App,6044,2025,1853
ORD0748,CUST0615,08-06-2025 03:48,Debit Card,Canceled,Office,653031,No,Website,4371,2025,1894.8
ORD0749,CUST0705,19-11-2024 15:06,Net Banking,Returned,Office,501087,Yes,Mobile App,4440,2024,5772.4
ORD0750,CUST0110,16-12-2023 04:45,Debit Card,Canceled,Office,440974,No,Website,913,2023,6660.3
ORD0751,CUST0213,03-08-2024 20:24,COD,Delivered,Home,983054,No,Mobile App,1262,2024,2045.6
ORD0752,CUST0223,14-04-2025 19:52,UPI,Canceled,Home,693724,No,Mobile App,6905,2025,2966.5
ORD0753,CUST0507,05-04-2024 22:59,COD,Shipped,Home,408259,Yes,Mobile App,2309,2024,5706
ORD0754,CUST0427,08-07-2024 02:05,Credit Card,Processing,Home,316616,Yes,Mobile App,3540,2024,3199.6
ORD0755,CUST0116,15-11-2023 03:50,Net Banking,Canceled,Office,214892,Yes,Mobile App,4791,2023,3660.9
ORD0756,CUST0398,03-07-2025 10:49,UPI,Canceled,Office,868391,No,Website,4046,2025,7486.5
ORD0757,CUST0799,19-09-2025 03:14,Debit Card,Delivered,Home,98006,No,Website,8469,2025,3540.4
ORD0758,CUST0412,08-07-2025 18:41,Debit Card,Delivered,Office,342185,Yes,Website,2361,2025,2702.4
ORD0759,CUST0495,18-02-2025 03:16,Credit Card,Canceled,Office,382010,Yes,Mobile App,1555,2025,3422.5
ORD0760,CUST0052,27-06-2024 03:21,COD,Shipped,Home,244455,Yes,Mobile App,3290,2024,2227.8
ORD0761,CUST0288,07-05-2024 10:50,COD,Delivered,Home,824420,Yes,Website,9289,2024,5104
ORD0762,CUST0668,28-10-2024 06:47,Credit Card,Canceled,Office,874736,No,Mobile App,9946,2024,4109.9
ORD0763,CUST0596,26-08-2025 00:26,Net Banking,Canceled,Home,925090,No,Website,2708,2025,1828.5
ORD0764,CUST0114,12-04-2025 02:53,UPI,Returned,Office,773671,No,Mobile App,6331,2025,1650.9
ORD0765,CUST0567,14-02-2024 21:16,Net Banking,Returned,Home,45631,Yes,Mobile App,1761,2024,4498.8
ORD0766,CUST0417,01-09-2024 09:15,Debit Card,Delivered,Office,223232,Yes,Website,3255,2024,5329.4
ORD0767,CUST0853,23-04-2025 13:03,UPI,Canceled,Home,539234,No,Website,7357,2025,5919.7
ORD0768,CUST0224,24-06-2025 00:22,COD,Returned,Home,500681,Yes,Website,9110,2025,1198.8
ORD0769,CUST0402,08-01-2025 21:21,Net Banking,Shipped,Home,503055,Yes,Website,712,2025,5982.6
ORD0770,CUST0506,20-04-2024 14:44,UPI,Shipped,Home,307965,Yes,Mobile App,4134,2024,3171.8
ORD0771,CUST0432,17-03-2024 04:36,Credit Card,Shipped,Home,457663,No,Mobile App,4886,2024,1013.9
ORD0772,CUST0318,12-08-2024 08:54,Net Banking,Delivered,Home,26121,No,Website,6353,2024,5598.6
ORD0773,CUST0529,27-09-2025 17:10,UPI,Returned,Home,429069,No,Mobile App,4340,2025,7926.3
ORD0774,CUST0777,11-10-2023 01:04,Credit Card,Shipped,Office,154930,No,Website,3025,2023,4212.7
ORD0775,CUST0796,19-12-2024 08:03,UPI,Delivered,Office,127844,No,Website,3518,2024,1217.9
ORD0776,CUST0645,15-03-2025 12:40,UPI,Canceled,Office,335346,Yes,Website,3485,2025,6013.9
ORD0777,CUST0831,25-12-2024 11:26,Credit Card,Delivered,Office,110273,Yes,Mobile App,6365,2024,2935.9
ORD0778,CUST0741,25-03-2024 11:22,Net Banking,Processing,Office,946622,Yes,Website,5643,2024,1060.3
ORD0779,CUST0618,19-07-2025 13:00,Debit Card,Delivered,Office,68509,No,Mobile App,1255,2025,6244.2
ORD0780,CUST0713,21-04-2025 12:38,UPI,Processing,Office,956232,Yes,Mobile App,1026,2025,2746.2
ORD0781,CUST0720,02-03-2024 14:30,Credit Card,Canceled,Office,291342,Yes,Mobile App,2022,2024,6917
ORD0782,CUST0066,09-08-2025 02:10,Credit Card,Shipped,Home,554985,No,Website,7525,2025,6589.4
ORD0783,CUST0710,04-05-2025 12:44,Debit Card,Delivered,Office,574515,Yes,Mobile App,683,2025,2904.9
ORD0784,CUST0313,10-08-2025 01:17,Debit Card,Shipped,Home,397042,No,Website,9105,2025,3731.4
ORD0785,CUST0831,01-09-2025 23:45,Credit Card,Canceled,Home,824139,Yes,Website,7608,2025,561.2
ORD0786,CUST0097,24-05-2025 23:42,Net Banking,Delivered,Office,988618,No,Mobile App,3255,2025,7255.9
ORD0787,CUST0894,30-04-2025 13:47,UPI,Shipped,Home,358729,Yes,Mobile App,4508,2025,5623.5
ORD0788,CUST0008,07-03-2024 12:21,Net Banking,Processing,Office,992114,No,Mobile App,1988,2024,6463.9
ORD0789,CUST0437,08-07-2025 05:10,Credit Card,Processing,Office,547646,No,Website,9936,2025,4209.7
ORD0790,CUST0507,27-09-2024 15:19,UPI,Shipped,Home,544602,Yes,Mobile App,1137,2024,2062
ORD0791,CUST0308,14-11-2023 19:25,UPI,Delivered,Home,940329,Yes,Mobile App,1746,2023,1380.2
ORD0792,CUST0028,17-08-2024 09:08,Debit Card,Processing,Office,557342,No,Mobile App,3469,2024,2867.5
ORD0793,CUST0037,31-12-2023 08:54,Debit Card,Shipped,Office,520839,No,Mobile App,7590,2023,6073.2
ORD0794,CUST0615,17-12-2024 11:59,Debit Card,Shipped,Office,488219,Yes,Website,9302,2024,7625.3
ORD0795,CUST0257,22-08-2024 23:25,Credit Card,Delivered,Home,278158,Yes,Website,5506,2024,2130.4
ORD0796,CUST0302,10-11-2024 01:43,Credit Card,Canceled,Office,732076,Yes,Website,4926,2024,2973.2
ORD0797,CUST0826,16-02-2024 09:19,UPI,Returned,Home,192131,Yes,Mobile App,3919,2024,1731.3
ORD0798,CUST0962,01-07-2025 11:07,Net Banking,Canceled,Office,638074,No,Website,8818,2025,5060
ORD0799,CUST0832,06-11-2024 21:02,UPI,Shipped,Office,843426,Yes,Website,6786,2024,2389
ORD0800,CUST0568,08-11-2023 08:28,UPI,Processing,Home,103747,No,Mobile App,3845,2023,656.6
ORD0801,CUST0592,16-03-2024 10:27,UPI,Shipped,Office,229217,No,Mobile App,635,2024,5618.6
ORD0802,CUST0827,10-08-2025 01:59,Net Banking,Canceled,Office,943009,No,Website,5787,2025,6729.6
ORD0803,CUST0415,07-11-2024 17:59,UPI,Delivered,Office,218188,No,Website,9502,2024,461.8
ORD0804,CUST0039,31-05-2025 00:31,Net Banking,Returned,Office,448540,No,Website,9519,2025,6381.8
ORD0805,CUST0218,07-08-2025 07:27,UPI,Processing,Office,278776,No,Mobile App,7540,2025,7369.9
ORD0806,CUST0626,27-11-2024 21:33,Net Banking,Processing,Office,72881,Yes,Mobile App,2244,2024,683.9
ORD0807,CUST0894,13-05-2024 16:14,COD,Returned,Home,843375,Yes,Mobile App,7714,2024,1607.2
ORD0808,CUST0027,07-04-2024 06:02,Debit Card,Returned,Office,538583,No,Website,6016,2024,4961
ORD0809,CUST0429,13-03-2024 18:04,COD,Processing,Home,522310,No,Website,9393,2024,6274.3
ORD0810,CUST0967,15-07-2024 22:36,Credit Card,Delivered,Office,426215,No,Mobile App,4772,2024,2811.6
ORD0811,CUST0210,21-11-2024 00:28,UPI,Shipped,Office,496,No,Mobile App,805,2024,4433.8
ORD0812,CUST0332,26-02-2024 13:12,Credit Card,Processing,Office,406704,No,Website,8437,2024,957.7
ORD0813,CUST0139,24-06-2025 15:06,UPI,Shipped,Office,46899,Yes,Mobile App,9299,2025,4844.1
ORD0814,CUST0821,24-03-2024 04:36,COD,Delivered,Office,27459,Yes,Website,5913,2024,3159.6
ORD0815,CUST0552,02-12-2024 20:48,UPI,Canceled,Office,244812,Yes,Mobile App,5429,2024,1339.1
ORD0816,CUST0645,29-08-2024 02:53,COD,Shipped,Office,689228,Yes,Mobile App,9663,2024,5952.1
ORD0817,CUST0201,21-12-2023 19:49,UPI,Returned,Office,56129,Yes,Website,1885,2023,1268.5
ORD0818,CUST0871,18-06-2024 16:25,Debit Card,Canceled,Office,155528,No,Website,3914,2024,3722.8
ORD0819,CUST0659,21-01-2024 12:39,Net Banking,Processing,Home,367517,No,Mobile App,6238,2024,6663.2
ORD0820,CUST0050,18-02-2024 09:47,Debit Card,Canceled,Office,774712,No,Website,1345,2024,6597.8
ORD0821,CUST0221,27-02-2025 22:24,UPI,Processing,Office,802059,Yes,Mobile App,7102,2025,5359.6
ORD0822,CUST0766,24-07-2024 12:05,Debit Card,Shipped,Home,785875,Yes,Website,3714,2024,5735.4
ORD0823,CUST0696,18-10-2023 10:20,COD,Delivered,Office,65908,Yes,Mobile App,4101,2023,6780.6
ORD0824,CUST0309,24-05-2024 13:22,UPI,Processing,Office,438184,No,Mobile App,3335,2024,2276.3
ORD0825,CUST0398,08-05-2024 15:22,Debit Card,Canceled,Office,518592,No,Website,8846,2024,7883.7
ORD0826,CUST0937,02-09-2024 23:10,Net Banking,Canceled,Office,683397,No,Mobile App,6633,2024,4277
ORD0827,CUST0666,27-02-2025 03:40,Debit Card,Processing,Office,899171,Yes,Mobile App,3617,2025,6338.3
ORD0828,CUST0807,27-06-2025 00:08,UPI,Delivered,Home,72141,No,Mobile App,8130,2025,6496.8
ORD0829,CUST0289,28-10-2023 23:54,Credit Card,Processing,Home,860479,Yes,Mobile App,7401,2023,1443.3
ORD0830,CUST0316,23-11-2024 13:38,Net Banking,Canceled,Office,545733,Yes,Mobile App,1946,2024,5878.3
ORD0831,CUST0785,31-01-2025 06:18,Debit Card,Shipped,Home,261244,Yes,Website,1262,2025,4111.7
ORD0832,CUST0757,03-02-2025 22:24,Credit Card,Canceled,Office,246113,No,Mobile App,8794,2025,3839.1
ORD0833,CUST0740,21-10-2023 12:15,UPI,Processing,Home,305939,No,Mobile App,6487,2023,2587
ORD0834,CUST0936,15-04-2024 16:11,Debit Card,Shipped,Office,894645,No,Website,720,2024,962.2
ORD0835,CUST0267,09-12-2024 12:30,COD,Delivered,Home,874620,Yes,Website,4522,2024,5544.7
ORD0836,CUST0845,03-05-2025 00:04,COD,Delivered,Home,715650,No,Mobile App,1816,2025,1554.5
ORD0837,CUST0700,23-12-2024 08:46,UPI,Returned,Home,9156,No,Mobile App,7082,2024,4406.2
ORD0838,CUST0748,05-05-2025 00:02,UPI,Canceled,Office,268369,No,Website,8867,2025,5957.4
ORD0839,CUST0524,28-09-2024 04:32,COD,Delivered,Office,343416,No,Mobile App,7051,2024,5657
ORD0840,CUST0561,04-09-2024 14:10,Debit Card,Returned,Home,749145,No,Website,6543,2024,5186.2
ORD0841,CUST0018,04-05-2024 21:29,Net Banking,Returned,Home,541684,No,Website,4312,2024,468.6
ORD0842,CUST0748,10-06-2024 18:40,Debit Card,Returned,Home,651141,No,Mobile App,5182,2024,4938.1
ORD0843,CUST0285,14-12-2023 06:34,COD,Shipped,Office,772802,Yes,Website,1599,2023,4736
ORD0844,CUST0069,07-02-2024 01:41,Debit Card,Delivered,Office,884179,No,Website,5551,2024,6287.6
ORD0845,CUST0889,31-10-2023 21:56,Debit Card,Shipped,Home,645375,No,Mobile App,8697,2023,3669.1
ORD0846,CUST0467,25-06-2025 10:31,UPI,Processing,Home,705353,Yes,Website,5862,2025,4204.2
ORD0847,CUST0106,13-01-2024 20:00,Credit Card,Shipped,Home,557311,No,Website,6354,2024,8357.1
ORD0848,CUST0938,02-08-2025 08:22,COD,Canceled,Office,516248,No,Mobile App,5455,2025,1421.7
ORD0849,CUST0993,18-06-2024 19:21,Debit Card,Processing,Home,353663,Yes,Website,2815,2024,5108.3
ORD0850,CUST0201,15-03-2024 10:32,UPI,Canceled,Office,712966,Yes,Mobile App,3941,2024,8134.4
ORD0851,CUST0795,29-06-2024 00:11,Net Banking,Processing,Home,639712,Yes,Mobile App,9517,2024,5030.3
ORD0852,CUST0898,02-10-2023 22:03,Net Banking,Returned,Home,763252,No,Website,3298,2023,8563.1
ORD0853,CUST0385,26-07-2024 22:12,UPI,Processing,Home,932590,No,Mobile App,6155,2024,2906.4
ORD0854,CUST0221,08-04-2024 05:54,Net Banking,Shipped,Home,967606,Yes,Mobile App,9224,2024,8413.6
ORD0855,CUST0094,14-06-2024 18:50,Net Banking,Delivered,Home,607260,Yes,Website,4730,2024,3141
ORD0856,CUST0266,14-06-2025 01:54,Debit Card,Returned,Home,733375,No,Website,2184,2025,5497
ORD0857,CUST0589,03-05-2025 07:26,COD,Shipped,Home,121820,Yes,Website,1537,2025,2437.1
ORD0858,CUST0484,01-10-2025 12:30,Debit Card,Processing,Home,908124,Yes,Mobile App,7079,2025,3291.7
ORD0859,CUST0086,12-04-2024 02:36,UPI,Processing,Office,519594,Yes,Website,1528,2024,869.6
ORD0860,CUST0195,16-03-2025 17:11,Credit Card,Processing,Office,403669,Yes,Mobile App,7724,2025,1722
ORD0861,CUST0916,17-09-2025 21:28,Credit Card,Returned,Office,169721,No,Mobile App,5625,2025,5473
ORD0862,CUST0760,20-06-2024 17:43,COD,Shipped,Office,238084,No,Mobile App,2460,2024,3006.7
ORD0863,CUST0612,01-11-2023 19:36,Net Banking,Delivered,Home,126484,No,Mobile App,6090,2023,5355.6
ORD0864,CUST0315,20-10-2024 10:15,Credit Card,Returned,Home,888117,Yes,Mobile App,2214,2024,5977.2
ORD0865,CUST0657,10-10-2023 01:03,COD,Returned,Home,540694,Yes,Website,9125,2023,2582.8
ORD0866,CUST0681,24-09-2025 02:46,UPI,Shipped,Home,616609,No,Website,7338,2025,2216.6
ORD0867,CUST0156,28-04-2024 01:18,Credit Card,Canceled,Office,930556,No,Website,6742,2024,8509.2
ORD0868,CUST0798,29-08-2024 06:53,COD,Shipped,Home,155753,Yes,Mobile App,8635,2024,1559.1
ORD0869,CUST0764,31-05-2025 16:35,Credit Card,Delivered,Office,54247,Yes,Website,6262,2025,2134.3
ORD0870,CUST0565,23-10-2024 17:29,COD,Delivered,Home,339581,Yes,Website,999,2024,5738.4
ORD0871,CUST0935,07-10-2024 02:22,UPI,Returned,Office,705270,No,Website,4662,2024,8280.4
ORD0872,CUST0475,28-08-2025 23:43,Credit Card,Shipped,Office,68056,Yes,Mobile App,5983,2025,908.3
ORD0873,CUST0340,05-02-2024 12:34,Net Banking,Delivered,Home,437894,No,Website,6727,2024,6768.9
ORD0874,CUST0030,24-05-2024 23:07,Debit Card,Shipped,Office,433933,Yes,Mobile App,6375,2024,7230.3
ORD0875,CUST0270,14-03-2024 18:04,COD,Canceled,Office,846984,Yes,Website,4713,2024,7635.5
ORD0876,CUST0996,07-07-2025 22:22,Net Banking,Returned,Office,543409,No,Mobile App,4753,2025,1508.4
ORD0877,CUST0923,22-10-2023 17:13,COD,Processing,Office,116512,No,Website,4113,2023,6875.8
ORD0878,CUST0544,20-10-2023 10:32,Net Banking,Returned,Office,955470,No,Mobile App,7472,2023,3687.7
ORD0879,CUST0076,18-08-2024 22:20,Debit Card,Canceled,Home,888316,No,Website,2761,2024,761.8
ORD0880,CUST0906,10-10-2024 02:37,Credit Card,Delivered,Home,335714,No,Website,5078,2024,4013.1
ORD0881,CUST0682,20-08-2025 21:22,COD,Delivered,Home,76488,Yes,Website,3896,2025,3599.5
ORD0882,CUST0878,16-02-2025 09:39,Net Banking,Returned,Office,322945,Yes,Website,9831,2025,1290.1
ORD0883,CUST0604,26-01-2024 04:45,Credit Card,Processing,Office,323127,Yes,Mobile App,4323,2024,1979.2
ORD0884,CUST0575,07-10-2023 21:30,Debit Card,Returned,Office,399685,Yes,Mobile App,8269,2023,1056.6
ORD0885,CUST0840,29-01-2024 11:58,Net Banking,Processing,Home,547561,Yes,Mobile App,8584,2024,6748.4
ORD0886,CUST0262,08-06-2025 07:00,Net Banking,Returned,Office,750935,No,Mobile App,6725,2025,2467.2
ORD0887,CUST0608,16-11-2023 14:13,Debit Card,Processing,Home,53546,Yes,Website,9290,2023,2037.7
ORD0888,CUST0540,20-06-2025 17:35,Debit Card,Shipped,Home,183720,No,Website,1183,2025,6972.1
ORD0889,CUST0527,09-06-2025 05:03,UPI,Canceled,Office,879439,No,Mobile App,7209,2025,7227.8
ORD0890,CUST0019,05-08-2024 10:58,Net Banking,Canceled,Office,992800,No,Website,8358,2024,4562.1
ORD0891,CUST0589,16-01-2025 16:43,UPI,Returned,Office,506967,No,Website,1800,2025,2825.9
ORD0892,CUST0084,30-07-2025 18:26,COD,Processing,Office,369080,No,Website,8740,2025,7143.4
ORD0893,CUST0282,21-08-2024 17:43,Net Banking,Canceled,Office,297174,Yes,Website,5269,2024,6098.1
ORD0894,CUST0701,26-01-2024 05:43,Debit Card,Canceled,Office,477649,No,Website,2430,2024,7358.9
ORD0895,CUST0435,05-04-2024 20:28,UPI,Processing,Home,199145,No,Mobile App,6326,2024,1438.8
ORD0896,CUST0786,02-01-2025 09:01,UPI,Canceled,Office,302704,Yes,Mobile App,7718,2025,6037.6
ORD0897,CUST0244,21-04-2025 17:18,Credit Card,Delivered,Home,993086,No,Website,1499,2025,6058.7
ORD0898,CUST0804,08-10-2024 05:12,Debit Card,Delivered,Home,567379,No,Mobile App,3043,2024,3746
ORD0899,CUST0149,19-07-2024 19:01,Debit Card,Returned,Office,129175,Yes,Mobile App,3242,2024,5746.5
ORD0900,CUST0567,17-06-2025 07:58,Credit Card,Returned,Office,419523,No,Website,1856,2025,7569
ORD0901,CUST0995,21-07-2025 00:27,Credit Card,Processing,Home,576187,Yes,Website,5415,2025,1361.2
ORD0902,CUST0859,29-07-2024 13:11,UPI,Shipped,Office,435736,Yes,Mobile App,9134,2024,6598.9
ORD0903,CUST0107,08-01-2025 02:36,UPI,Processing,Office,724169,No,Mobile App,758,2025,2327.8
ORD0904,CUST0914,07-11-2024 22:37,COD,Delivered,Office,998717,No,Mobile App,7101,2024,2278.9
ORD0905,CUST0508,30-07-2025 00:27,Debit Card,Delivered,Office,705928,Yes,Mobile App,5397,2025,1262.8
ORD0906,CUST0110,08-08-2025 08:37,Net Banking,Shipped,Office,932246,No,Mobile App,3015,2025,5568.1
ORD0907,CUST0756,03-07-2025 03:23,Credit Card,Shipped,Home,493220,No,Mobile App,4063,2025,666.2
ORD0908,CUST0690,22-01-2025 21:50,COD,Canceled,Office,778814,No,Website,1963,2025,6028
ORD0909,CUST0187,25-02-2024 20:16,COD,Processing,Home,510886,No,Mobile App,8326,2024,4037
ORD0910,CUST0296,27-09-2025 16:42,COD,Delivered,Office,822489,Yes,Mobile App,6126,2025,6961.6
ORD0911,CUST0714,07-10-2023 03:46,Net Banking,Delivered,Home,38654,No,Mobile App,6638,2023,2329.2
ORD0912,CUST0587,15-06-2025 11:12,UPI,Processing,Home,534097,No,Website,6055,2025,1588.4
ORD0913,CUST0440,07-01-2025 19:40,UPI,Returned,Home,405341,Yes,Mobile App,9844,2025,6129.2
ORD0914,CUST0456,01-07-2025 00:49,COD,Processing,Office,42091,No,Website,8387,2025,4112
ORD0915,CUST0311,01-05-2025 19:09,Net Banking,Processing,Home,457932,No,Website,7576,2025,6920.3
ORD0916,CUST0105,13-04-2025 08:16,UPI,Canceled,Home,484752,Yes,Website,4852,2025,1177.9
ORD0917,CUST0499,01-05-2025 12:51,COD,Shipped,Office,972861,Yes,Mobile App,3948,2025,6252.3
ORD0918,CUST0478,11-12-2024 08:17,Credit Card,Delivered,Home,889016,Yes,Website,5956,2024,6691.7
ORD0919,CUST0466,27-08-2024 13:54,Debit Card,Processing,Office,521034,Yes,Website,4799,2024,7067.3
ORD0920,CUST0137,02-04-2024 17:25,Debit Card,Processing,Office,606896,No,Mobile App,7074,2024,3121.5
ORD0921,CUST0351,26-04-2024 15:33,UPI,Canceled,Office,684123,Yes,Mobile App,9248,2024,5076.2
ORD0922,CUST0479,31-08-2025 16:56,Debit Card,Returned,Office,344429,Yes,Website,2868,2025,5335.3
ORD0923,CUST0358,13-03-2024 00:52,Net Banking,Delivered,Office,575075,No,Mobile App,8492,2024,6733.2
ORD0924,CUST0101,03-12-2024 00:18,COD,Canceled,Home,873325,Yes,Mobile App,2426,2024,6180.7
ORD0925,CUST0172,01-03-2024 05:04,Debit Card,Shipped,Office,164116,No,Website,5424,2024,1524.8
ORD0926,CUST0258,10-08-2024 21:14,COD,Returned,Office,129070,Yes,Mobile App,8572,2024,7099.7
ORD0927,CUST0738,27-02-2025 03:56,Debit Card,Processing,Home,887678,No,Mobile App,9870,2025,908.6
ORD0928,CUST0531,03-05-2025 04:44,Debit Card,Canceled,Office,310443,No,Mobile App,1107,2025,663.7
ORD0929,CUST0196,11-07-2024 18:35,Net Banking,Canceled,Home,234772,Yes,Website,8038,2024,778.1
ORD0930,CUST0675,10-08-2024 05:57,Credit Card,Delivered,Office,156860,Yes,Mobile App,8036,2024,4006
ORD0931,CUST0589,03-12-2023 02:08,Credit Card,Canceled,Office,892359,Yes,Mobile App,5641,2023,5866.9
ORD0932,CUST0926,22-02-2025 16:04,Debit Card,Delivered,Office,613367,Yes,Mobile App,7793,2025,3585.8
ORD0933,CUST0362,25-08-2024 16:43,Debit Card,Canceled,Office,399968,Yes,Mobile App,6333,2024,6032.5
ORD0934,CUST0047,20-04-2024 17:37,COD,Delivered,Office,552322,Yes,Website,9248,2024,3977.8
ORD0935,CUST0798,24-03-2024 14:43,Credit Card,Shipped,Home,395496,No,Website,3676,2024,1413.7
ORD0936,CUST0279,21-04-2024 22:05,Debit Card,Delivered,Office,331938,No,Website,8569,2024,3485.2
ORD0937,CUST0443,30-07-2025 08:26,COD,Shipped,Office,395801,No,Mobile App,7735,2025,1301.1
ORD0938,CUST0974,16-01-2025 07:45,UPI,Returned,Home,460293,Yes,Website,1344,2025,3743.2
ORD0939,CUST0824,14-05-2025 23:24,UPI,Canceled,Office,294411,Yes,Mobile App,912,2025,4907.9
ORD0940,CUST0186,06-11-2023 08:53,COD,Shipped,Office,346868,No,Website,2818,2023,7956.8
ORD0941,CUST0400,17-11-2023 14:46,COD,Returned,Home,277105,Yes,Website,2604,2023,2872.9
ORD0942,CUST0078,16-10-2024 10:18,UPI,Shipped,Office,652641,Yes,Mobile App,1853,2024,7532.8
ORD0943,CUST0809,18-06-2024 13:19,Net Banking,Returned,Home,935036,No,Mobile App,6960,2024,5118.7
ORD0944,CUST0463,20-01-2024 03:02,UPI,Processing,Office,473600,No,Website,3463,2024,4412.6
ORD0945,CUST0287,15-05-2025 06:37,UPI,Delivered,Home,463841,Yes,Mobile App,1898,2025,5849.3
ORD0946,CUST0193,08-04-2024 10:06,Net Banking,Delivered,Office,213889,Yes,Website,3876,2024,7574.3
ORD0947,CUST0103,26-03-2024 08:19,Net Banking,Shipped,Office,880398,No,Mobile App,2133,2024,4100
ORD0948,CUST0883,21-02-2025 17:28,COD,Delivered,Office,88363,No,Website,3216,2025,1213.6
ORD0949,CUST0268,20-10-2023 13:14,Net Banking,Shipped,Home,953548,Yes,Mobile App,4873,2023,1875.8
ORD0950,CUST0114,16-06-2024 02:43,Debit Card,Canceled,Home,712591,Yes,Mobile App,687,2024,6522.7
ORD0951,CUST0494,03-05-2025 23:32,COD,Processing,Office,269081,No,Website,9888,2025,5202.7
ORD0952,CUST0678,10-10-2023 02:47,COD,Canceled,Home,454082,Yes,Mobile App,6680,2023,4820.8
ORD0953,CUST0003,28-11-2024 00:31,COD,Canceled,Office,151228,Yes,Mobile App,3539,2024,7735.4
ORD0954,CUST0151,22-06-2025 23:29,Credit Card,Processing,Office,944565,Yes,Mobile App,2187,2025,7929.2
ORD0955,CUST0228,10-08-2024 10:25,Credit Card,Shipped,Home,630476,No,Mobile App,5882,2024,4042.4
ORD0956,CUST0630,27-01-2024 03:52,COD,Canceled,Office,542059,Yes,Website,7074,2024,3027
ORD0957,CUST0624,05-10-2023 22:08,Credit Card,Canceled,Office,316530,Yes,Mobile App,753,2023,1969.9
ORD0958,CUST0345,25-04-2024 12:15,Credit Card,Returned,Office,138337,Yes,Website,9549,2024,4727.7
ORD0959,CUST0573,05-06-2024 07:26,Net Banking,Delivered,Home,743595,No,Website,9995,2024,526.1
ORD0960,CUST0474,24-09-2025 03:14,UPI,Shipped,Home,365049,No,Website,1597,2025,5754.1
ORD0961,CUST0747,22-02-2024 05:44,Debit Card,Processing,Home,79146,No,Website,2803,2024,5465.1
ORD0962,CUST0586,19-06-2024 17:13,Credit Card,Returned,Office,140142,No,Mobile App,8927,2024,3018.3
ORD0963,CUST0204,13-01-2025 10:35,UPI,Returned,Home,34793,No,Website,1854,2025,4507.9
ORD0964,CUST0460,27-07-2025 15:07,Debit Card,Processing,Home,420016,No,Mobile App,6038,2025,5905.5
ORD0965,CUST0588,07-05-2024 02:27,Debit Card,Processing,Home,338281,Yes,Website,1835,2024,1482.1
ORD0966,CUST0155,21-11-2024 04:21,Net Banking,Shipped,Home,100964,Yes,Mobile App,6523,2024,6742.2
ORD0967,CUST0580,20-07-2025 06:34,Net Banking,Delivered,Home,869946,No,Mobile App,2137,2025,6848.4
ORD0968,CUST0084,03-02-2025 18:34,COD,Delivered,Home,686235,Yes,Mobile App,7230,2025,1146.5
ORD0969,CUST0915,26-07-2025 16:37,Net Banking,Processing,Home,252226,Yes,Mobile App,6758,2025,1420.9
ORD0970,CUST0987,20-05-2025 09:43,COD,Processing,Home,279061,No,Website,4416,2025,7621.6
ORD0971,CUST0266,19-01-2024 10:55,Credit Card,Returned,Office,307522,No,Mobile App,8115,2024,6667.3
ORD0972,CUST0879,03-11-2023 17:13,Credit Card,Delivered,Office,273180,No,Website,5581,2023,6084.9
ORD0973,CUST0693,29-05-2024 20:33,Debit Card,Delivered,Office,421358,Yes,Website,4229,2024,3597.6
ORD0974,CUST0595,07-01-2025 15:49,COD,Canceled,Office,484463,No,Mobile App,6075,2025,365.2
ORD0975,CUST0310,11-09-2024 00:43,Net Banking,Processing,Home,807217,No,Mobile App,4058,2024,8140.1
ORD0976,CUST0095,28-11-2023 18:15,UPI,Canceled,Home,718797,No,Mobile App,3157,2023,6337.2
ORD0977,CUST0609,12-05-2025 21:41,Net Banking,Processing,Office,914559,No,Mobile App,2422,2025,965.5
ORD0978,CUST0496,20-05-2024 20:01,Net Banking,Canceled,Office,366874,No,Mobile App,6431,2024,4738.9
ORD0979,CUST0429,29-09-2025 12:27,UPI,Canceled,Home,812692,No,Website,3226,2025,7733.6
ORD0980,CUST0216,15-11-2024 05:54,UPI,Returned,Office,764522,No,Website,3829,2024,7192.2
ORD0981,CUST0265,13-10-2023 12:47,COD,Returned,Office,287102,No,Website,7608,2023,2700.5
ORD0982,CUST0945,05-09-2025 23:04,COD,Delivered,Home,872546,Yes,Mobile App,9476,2025,6167.3
ORD0983,CUST0905,02-08-2024 23:58,COD,Canceled,Office,674412,No,Mobile App,1169,2024,3286.3
ORD0984,CUST0584,26-03-2025 15:33,Net Banking,Canceled,Home,183993,No,Website,8642,2025,2785.8
ORD0985,CUST0901,04-01-2025 07:12,COD,Delivered,Home,592759,Yes,Mobile App,4405,2025,2260.3
ORD0986,CUST0134,16-02-2024 10:50,Net Banking,Returned,Office,651681,Yes,Website,1032,2024,2540.2
ORD0987,CUST0295,24-01-2024 15:45,Debit Card,Shipped,Home,307590,Yes,Website,1350,2024,3458.5
ORD0988,CUST0632,21-12-2024 17:16,Net Banking,Shipped,Office,879158,No,Mobile App,869,2024,815.5
ORD0989,CUST0855,08-07-2024 06:29,COD,Returned,Office,841147,Yes,Website,7034,2024,2169.5
ORD0990,CUST0196,08-11-2024 17:14,UPI,Canceled,Office,222814,No,Website,5505,2024,6309.7
ORD0991,CUST0352,02-04-2025 01:27,Debit Card,Canceled,Home,104405,Yes,Mobile App,4840,2025,7210.3
ORD0992,CUST0345,09-09-2024 14:18,UPI,Returned,Office,168293,No,Website,2247,2024,7218.4
ORD0993,CUST0647,26-01-2025 17:59,Net Banking,Delivered,Office,427195,Yes,Mobile App,6235,2025,2539.5
ORD0994,CUST0543,17-01-2024 15:40,Credit Card,Processing,Home,239453,No,Mobile App,5459,2024,5795.7
ORD0995,CUST0342,25-10-2024 18:48,Credit Card,Canceled,Office,785911,No,Mobile App,949,2024,992.9
ORD0996,CUST0235,25-12-2023 20:33,Net Banking,Shipped,Home,95511,Yes,Website,1731,2023,936.4
ORD0997,CUST0924,10-10-2024 02:21,Credit Card,Returned,Office,88780,No,Mobile App,3921,2024,8856.5
ORD0998,CUST0678,18-10-2023 17:43,Debit Card,Returned,Office,237269,No,Website,9009,2023,1398.2
ORD0999,CUST0258,29-12-2023 04:54,Debit Card,Processing,Office,912284,No,Website,9941,2023,7135.9
ORD1000,CUST0938,05-04-2025 11:47,Net Banking,Canceled,Office,21499,No,Website,7497,2025,2588.5
