ProductID,CategoryID,BrandID,ProductName,Size,Color,Price,StockQty,Material,AddedDate
PROD0001,CAT0577,BR0025,Saree,L,Yellow,14389,5,Leather,20-09-2024 19:40
PROD0002,CAT0538,BR0920,Sunglasses,M,Brown,3784,107,Silk,06-04-2025 03:15
PROD0003,CAT0035,BR0286,Kurta,XL,Pink,2493,16,Cotton,23-09-2025 10:30
PROD0004,CAT0270,BR0899,Watch,M,Grey,13450,129,Polyester,06-05-2025 10:51
PROD0005,CAT0929,BR0951,Shirt,XS,Blue,5608,22,Linen,19-03-2025 01:23
PROD0006,CAT0192,BR0681,Shoes,L,Brown,12532,142,Denim,24-01-2024 00:41
PROD0007,CAT0490,BR0069,Jacket,XXL,Black,19374,105,Cotton,14-10-2024 04:35
PROD0008,CAT0574,BR0041,Shoes,S,Black,10141,34,Leather,10-09-2025 11:23
PROD0009,CAT0719,BR0401,T-Shirt,M,Blue,17018,3,Cotton,24-11-2023 05:53
PROD0010,CAT0538,BR0682,Sneakers,XL,Brown,590,77,Wool,24-06-2025 18:22
PROD0011,CAT0141,BR0328,Shoes,L,White,6482,169,Silk,04-03-2024 00:02
PROD0012,CAT0490,BR0491,Shoes,XS,Black,13009,141,Leather,03-08-2025 11:55
PROD0013,CAT0643,BR0555,Sweater,XS,Black,4460,130,Polyester,15-06-2025 23:17
PROD0014,CAT0882,BR0779,Jeans,L,Brown,2678,144,Polyester,20-10-2024 00:26
PROD0015,CAT0253,BR0642,Jacket,L,Yellow,7684,67,Silk,29-11-2024 12:08
PROD0016,CAT0062,BR0771,Kurta,XS,Yellow,13231,7,Polyester,04-04-2025 09:00
PROD0017,CAT0688,BR0744,Dress,L,Grey,7663,191,Polyester,13-10-2024 02:56
PROD0018,CAT0491,BR0630,Jacket,XL,Pink,5453,61,Linen,13-05-2024 04:15
PROD0019,CAT0534,BR0295,Saree,XS,Pink,19954,7,Silk,18-04-2025 08:50
PROD0020,CAT0068,BR0576,Jeans,XXL,Black,1609,94,Denim,24-09-2024 11:30
PROD0021,CAT0403,BR0288,Saree,XXL,Yellow,10244,137,Linen,26-10-2024 12:30
PROD0022,CAT0335,BR0942,Sneakers,L,Brown,16283,98,Wool,17-01-2024 23:08
PROD0023,CAT0893,BR0860,Sunglasses,XL,Brown,19939,169,Wool,01-07-2024 05:06
PROD0024,CAT0588,BR0141,Saree,M,Red,16345,87,Linen,15-09-2024 08:31
PROD0025,CAT0530,BR0632,Watch,XS,Green,9088,69,Wool,07-05-2025 07:37
PROD0026,CAT0296,BR0609,Top,S,Yellow,10922,61,Linen,29-04-2025 10:01
PROD0027,CAT0196,BR0357,Sneakers,S,Yellow,17263,173,Silk,31-10-2023 04:13
PROD0028,CAT0286,BR0271,Bag,L,White,4863,197,Leather,19-07-2024 12:57
PROD0029,CAT0303,BR0195,Watch,XXL,Yellow,18085,141,Denim,09-02-2024 06:30
PROD0030,CAT0210,BR0818,Saree,XL,Brown,5982,30,Leather,18-09-2025 02:01
PROD0031,CAT0741,BR0898,Sneakers,XXL,White,7041,153,Wool,20-12-2023 17:25
PROD0032,CAT0649,BR0851,Dress,S,Grey,12587,62,Silk,18-02-2025 12:39
PROD0033,CAT0496,BR0735,Sneakers,XL,Grey,17909,87,Polyester,15-03-2025 16:16
PROD0034,CAT0261,BR0621,Jeans,M,Red,12639,140,Silk,30-11-2023 08:16
PROD0035,CAT0004,BR0069,Shoes,M,Grey,15201,140,Linen,09-01-2024 07:39
PROD0036,CAT0841,BR0284,Top,XL,Pink,6827,68,Cotton,06-04-2024 01:37
PROD0037,CAT0438,BR0644,Saree,XL,Red,15909,111,Silk,18-03-2025 01:43
PROD0038,CAT0321,BR0123,Shirt,S,Red,12140,194,Wool,02-01-2025 18:27
PROD0039,CAT0056,BR0043,Sweater,XS,Green,3821,140,Linen,03-07-2024 16:19
PROD0040,CAT0275,BR0131,Jacket,XS,Pink,7013,10,Leather,20-01-2024 21:45
PROD0041,CAT0581,BR0062,T-Shirt,XS,Yellow,9382,72,Silk,22-06-2025 05:48
PROD0042,CAT0247,BR0237,Shoes,XL,Green,18408,90,Wool,18-09-2025 18:24
PROD0043,CAT0243,BR0156,T-Shirt,XL,Yellow,7504,43,Wool,01-11-2024 07:32
PROD0044,CAT0990,BR0845,Kurta,S,Brown,871,41,Cotton,22-06-2025 00:32
PROD0045,CAT0585,BR0759,Bag,M,Grey,4381,24,Polyester,06-01-2025 02:50
PROD0046,CAT0866,BR0417,Shoes,S,Grey,5727,44,Polyester,02-08-2024 08:07
PROD0047,CAT0287,BR0110,T-Shirt,S,Green,14560,148,Wool,30-07-2024 18:34
PROD0048,CAT0615,BR0870,Kurta,L,White,7908,25,Wool,11-04-2024 23:48
PROD0049,CAT0084,BR0419,Sunglasses,L,Grey,5227,189,Silk,11-05-2024 05:01
PROD0050,CAT0872,BR0630,Jacket,L,Blue,18036,195,Denim,02-06-2024 20:30
PROD0051,CAT0211,BR0903,Watch,L,Pink,17468,87,Denim,25-03-2025 00:34
PROD0052,CAT0022,BR0512,Top,XL,Pink,14789,155,Polyester,08-12-2024 07:35
PROD0053,CAT0382,BR0148,Sunglasses,XS,Pink,5817,103,Polyester,16-05-2025 10:57
PROD0054,CAT0224,BR0322,Dress,L,Green,8451,183,Denim,19-05-2024 18:16
PROD0055,CAT0921,BR0237,Kurta,XL,Grey,1095,175,Linen,20-11-2024 15:09
PROD0056,CAT0250,BR0661,Sunglasses,XS,Grey,1016,99,Linen,16-08-2025 01:27
PROD0057,CAT0354,BR0369,Kurta,XS,Grey,14596,185,Silk,28-08-2025 21:06
PROD0058,CAT0932,BR0435,Jeans,L,Green,11710,58,Denim,09-03-2025 12:40
PROD0059,CAT0376,BR0934,Sneakers,L,Black,5822,56,Wool,12-11-2023 09:43
PROD0060,CAT0600,BR0661,Top,XL,Brown,6713,9,Silk,10-01-2025 15:17
PROD0061,CAT0374,BR0050,Jacket,S,Red,5502,23,Linen,28-04-2024 19:50
PROD0062,CAT0713,BR0567,T-Shirt,M,Red,17511,65,Silk,27-05-2024 07:39
PROD0063,CAT0153,BR0301,Shirt,L,Green,6395,58,Silk,25-01-2024 23:15
PROD0064,CAT0320,BR0171,Top,XS,White,3323,158,Cotton,11-03-2025 10:45
PROD0065,CAT0587,BR0671,Jacket,XXL,Black,9745,140,Silk,06-12-2023 15:51
PROD0066,CAT0965,BR0434,Shirt,S,Blue,6702,154,Leather,22-10-2023 00:57
PROD0067,CAT0079,BR0069,Jacket,XS,Green,6156,136,Cotton,23-10-2023 14:38
PROD0068,CAT0798,BR0474,Top,M,Black,5304,136,Polyester,04-01-2024 04:10
PROD0069,CAT0252,BR0806,T-Shirt,M,Black,9223,131,Wool,22-05-2024 11:51
PROD0070,CAT0022,BR0513,Top,XS,Pink,4722,42,Cotton,31-10-2023 05:06
PROD0071,CAT0481,BR0160,Sweater,S,White,12332,146,Wool,02-03-2025 04:15
PROD0072,CAT0286,BR0474,Shoes,L,Black,3900,182,Polyester,21-09-2025 19:06
PROD0073,CAT0166,BR0656,Bag,XS,Red,12667,34,Cotton,28-03-2024 04:09
PROD0074,CAT0295,BR0472,Top,L,Pink,18332,138,Leather,05-05-2025 11:57
PROD0075,CAT0414,BR0911,Top,L,Brown,11897,155,Linen,23-08-2024 16:17
PROD0076,CAT0736,BR0858,Sunglasses,L,Green,17453,104,Polyester,19-06-2025 07:34
PROD0077,CAT0516,BR0879,Saree,S,Blue,7079,18,Linen,02-02-2025 20:24
PROD0078,CAT0377,BR0863,Sneakers,XS,Pink,12836,96,Denim,10-04-2024 14:22
PROD0079,CAT0383,BR0025,Dress,L,White,825,55,Silk,23-10-2023 13:47
PROD0080,CAT0794,BR0654,Jacket,S,Grey,19647,194,Leather,26-11-2024 08:07
PROD0081,CAT0144,BR0665,Jacket,M,Pink,8311,36,Cotton,18-10-2024 17:33
PROD0082,CAT0923,BR0233,Saree,M,Grey,13382,119,Leather,29-07-2025 10:59
PROD0083,CAT0477,BR0381,Shoes,L,Black,13924,13,Polyester,08-07-2024 23:12
PROD0084,CAT0971,BR0150,Watch,XS,Green,12556,13,Denim,05-11-2023 15:17
PROD0085,CAT0477,BR0932,Kurta,XXL,Pink,2859,153,Denim,01-08-2025 12:44
PROD0086,CAT0364,BR0841,Top,XL,Grey,1627,122,Cotton,13-08-2025 19:42
PROD0087,CAT0361,BR0340,Shoes,M,Brown,5737,2,Cotton,10-01-2025 05:13
PROD0088,CAT0150,BR0763,Sunglasses,XL,Green,2262,6,Linen,04-09-2024 15:24
PROD0089,CAT0224,BR0646,Top,M,Blue,14991,103,Denim,10-01-2025 16:00
PROD0090,CAT0818,BR0628,Saree,M,Yellow,9636,94,Cotton,05-10-2024 06:45
PROD0091,CAT0821,BR0530,Bag,XS,Grey,16274,110,Wool,24-03-2025 01:10
PROD0092,CAT0527,BR0038,Watch,XL,Brown,2504,39,Wool,18-12-2023 13:37
PROD0093,CAT0387,BR0339,Watch,XXL,Grey,9052,36,Polyester,26-04-2024 18:22
PROD0094,CAT0781,BR0937,Shoes,XS,Pink,9336,100,Polyester,02-05-2025 08:31
PROD0095,CAT0043,BR0046,Sneakers,XS,Black,6673,107,Linen,02-07-2025 08:16
PROD0096,CAT0199,BR0428,Jacket,S,Pink,18225,145,Denim,23-09-2024 04:07
PROD0097,CAT0939,BR0216,T-Shirt,XS,Black,1527,67,Leather,17-05-2024 00:58
PROD0098,CAT0495,BR0806,Jeans,S,Grey,5726,172,Silk,26-06-2025 14:25
PROD0099,CAT0117,BR0082,Watch,L,Yellow,12493,120,Denim,05-11-2023 13:23
PROD0100,CAT0591,BR0572,Top,XXL,Yellow,10999,134,Polyester,05-01-2025 21:37
PROD0101,CAT0684,BR0699,Sweater,XXL,Brown,9441,152,Wool,13-05-2025 16:48
PROD0102,CAT0919,BR0252,Shoes,XS,Pink,16139,69,Denim,27-08-2025 13:16
PROD0103,CAT0963,BR0522,Sneakers,L,Pink,1980,151,Denim,14-12-2023 08:35
PROD0104,CAT0821,BR0884,Sneakers,XS,Black,18486,57,Wool,25-06-2025 02:17
PROD0105,CAT0803,BR0225,Shoes,L,Black,3530,178,Linen,31-10-2023 22:52
PROD0106,CAT0518,BR0372,Kurta,XXL,Pink,14039,145,Denim,26-07-2024 01:41
PROD0107,CAT0307,BR0084,Shoes,S,Grey,2473,198,Denim,16-02-2025 05:36
PROD0108,CAT0949,BR0911,T-Shirt,L,Pink,14461,39,Silk,02-12-2023 23:26
PROD0109,CAT0485,BR0032,Dress,M,Red,10392,60,Silk,30-11-2023 07:42
PROD0110,CAT0901,BR0504,Kurta,XL,White,13581,110,Wool,02-02-2025 16:58
PROD0111,CAT0241,BR0294,Shoes,XL,Black,11313,40,Linen,24-10-2023 10:10
PROD0112,CAT0335,BR0608,Kurta,XS,Red,2990,21,Wool,22-08-2025 07:36
PROD0113,CAT0756,BR0009,Shirt,XL,Pink,16443,23,Wool,19-05-2025 03:23
PROD0114,CAT0828,BR0715,Watch,S,Blue,368,120,Polyester,05-03-2025 15:23
PROD0115,CAT0034,BR0137,Sneakers,M,Yellow,19043,22,Cotton,20-10-2023 23:48
PROD0116,CAT0170,BR0915,Sneakers,M,Red,1576,149,Cotton,19-10-2023 02:03
PROD0117,CAT0041,BR0630,T-Shirt,S,Black,13107,125,Cotton,28-11-2024 14:50
PROD0118,CAT0274,BR0608,Sneakers,XL,Brown,2648,156,Denim,31-01-2024 10:39
PROD0119,CAT0142,BR0067,Saree,XL,Green,5457,164,Wool,30-07-2025 03:50
PROD0120,CAT0717,BR0528,Jeans,L,White,9596,8,Silk,12-09-2025 06:21
PROD0121,CAT0873,BR0347,Watch,S,Grey,15127,91,Linen,01-06-2024 16:28
PROD0122,CAT0314,BR0301,Watch,XXL,Pink,13996,60,Wool,22-06-2024 05:41
PROD0123,CAT0868,BR0317,Watch,M,White,8186,118,Polyester,26-05-2024 05:23
PROD0124,CAT0721,BR0159,T-Shirt,XS,Blue,19557,30,Polyester,20-01-2025 19:18
PROD0125,CAT0111,BR0460,Shirt,S,Red,9556,197,Denim,30-10-2023 10:55
PROD0126,CAT0705,BR0328,Bag,S,Grey,14565,104,Cotton,22-02-2025 21:14
PROD0127,CAT0953,BR0660,Watch,XXL,Brown,19556,77,Leather,09-09-2024 17:28
PROD0128,CAT0215,BR0918,Saree,XXL,Blue,12234,40,Silk,21-06-2025 23:26
PROD0129,CAT0197,BR0354,Jeans,XS,Blue,8563,99,Polyester,27-02-2024 05:36
PROD0130,CAT0833,BR0510,Saree,XXL,Pink,10903,115,Polyester,22-06-2025 19:58
PROD0131,CAT0836,BR0335,Sunglasses,XXL,Pink,10614,192,Linen,07-12-2023 19:59
PROD0132,CAT0889,BR0717,Shirt,XS,Black,8511,106,Cotton,15-07-2024 00:16
PROD0133,CAT0499,BR0897,Dress,S,Blue,4898,61,Linen,23-07-2024 10:32
PROD0134,CAT0619,BR0508,Sneakers,S,Black,13992,9,Wool,06-12-2023 11:35
PROD0135,CAT0010,BR0647,Dress,XXL,Yellow,12523,86,Cotton,24-09-2025 01:34
PROD0136,CAT0108,BR0495,Jacket,XL,White,7216,37,Denim,04-10-2023 22:13
PROD0137,CAT0697,BR0675,Sweater,XXL,Brown,9260,135,Silk,22-10-2024 23:10
PROD0138,CAT0911,BR0542,Bag,XL,White,14552,197,Leather,29-05-2024 08:36
PROD0139,CAT0820,BR0041,Saree,XXL,Brown,9809,137,Wool,18-10-2024 06:02
PROD0140,CAT0468,BR0046,Sneakers,M,Blue,13647,150,Leather,11-07-2024 12:34
PROD0141,CAT0989,BR0811,Jeans,L,Pink,15489,155,Linen,15-08-2025 08:04
PROD0142,CAT0237,BR0946,Dress,XL,White,15021,67,Denim,28-04-2024 02:37
PROD0143,CAT0913,BR0668,Sweater,XS,White,19291,65,Silk,20-05-2024 23:40
PROD0144,CAT0272,BR0005,Top,S,Blue,7567,115,Polyester,11-11-2024 06:00
PROD0145,CAT0407,BR0003,Kurta,XS,Red,9266,137,Wool,22-02-2024 05:24
PROD0146,CAT0922,BR0560,Kurta,XS,Brown,10333,196,Linen,02-02-2024 16:21
PROD0147,CAT0680,BR0053,Saree,XL,White,17801,169,Linen,30-04-2025 10:37
PROD0148,CAT0295,BR0799,Jeans,S,Pink,18674,185,Denim,11-02-2025 03:23
PROD0149,CAT0182,BR0559,Watch,S,Blue,14373,20,Denim,14-05-2024 00:16
PROD0150,CAT0663,BR0252,Saree,XS,Red,4555,191,Leather,25-04-2024 20:32
PROD0151,CAT0265,BR0174,Watch,M,Green,13917,41,Silk,09-01-2024 03:46
PROD0152,CAT0209,BR0747,Shirt,M,Red,9762,79,Linen,07-06-2025 23:15
PROD0153,CAT0709,BR0562,Watch,XS,Red,5397,31,Wool,25-02-2025 23:25
PROD0154,CAT0960,BR0004,Shoes,XS,Green,6164,29,Wool,11-09-2024 03:17
PROD0155,CAT0463,BR0346,Jeans,XL,Brown,15546,130,Cotton,17-06-2024 17:02
PROD0156,CAT0493,BR0685,Bag,M,Red,11973,23,Denim,22-09-2025 13:59
PROD0157,CAT0181,BR0398,Jacket,S,Brown,8501,185,Cotton,22-01-2024 01:50
PROD0158,CAT0933,BR0936,Bag,XS,Red,5617,37,Denim,15-07-2024 21:12
PROD0159,CAT0165,BR0535,Sweater,XXL,Brown,6662,122,Wool,23-02-2025 09:20
PROD0160,CAT0647,BR0360,T-Shirt,M,Pink,14468,26,Wool,12-10-2023 13:38
PROD0161,CAT0525,BR0795,Jacket,L,White,5789,48,Linen,24-04-2024 04:03
PROD0162,CAT0653,BR0496,Jacket,XL,Red,7730,168,Wool,19-06-2024 21:58
PROD0163,CAT0507,BR0571,Jacket,L,Pink,10858,164,Denim,27-02-2025 08:20
PROD0164,CAT0204,BR0922,T-Shirt,XS,Grey,6463,0,Linen,28-10-2024 21:48
PROD0165,CAT0364,BR0018,Watch,M,Yellow,13916,191,Wool,05-12-2023 16:23
PROD0166,CAT0008,BR0993,Dress,L,Red,4693,24,Linen,10-04-2025 16:45
PROD0167,CAT0534,BR0575,Jacket,XS,Black,15813,126,Linen,12-11-2023 10:57
PROD0168,CAT0565,BR0744,Jacket,M,Red,1364,163,Denim,04-01-2024 17:50
PROD0169,CAT0252,BR0320,Top,L,Green,1575,27,Cotton,25-12-2023 23:54
PROD0170,CAT0962,BR0308,Watch,S,Green,12738,39,Denim,03-03-2025 07:04
PROD0171,CAT0349,BR0871,Kurta,XS,Brown,12220,19,Silk,12-02-2025 08:58
PROD0172,CAT0316,BR0757,Sneakers,L,Blue,1156,72,Denim,12-09-2024 20:07
PROD0173,CAT0190,BR0729,Jeans,S,Brown,19945,25,Denim,13-09-2024 17:10
PROD0174,CAT0117,BR0098,Sneakers,M,Yellow,4354,46,Linen,17-02-2024 14:47
PROD0175,CAT0218,BR0597,Jacket,XS,White,1908,70,Denim,14-12-2023 09:56
PROD0176,CAT0862,BR0779,Top,XL,Red,18287,147,Wool,19-03-2024 03:08
PROD0177,CAT0708,BR0560,Sneakers,XL,Green,3591,103,Wool,04-06-2024 11:21
PROD0178,CAT0954,BR0042,Sneakers,L,Red,11220,68,Leather,06-01-2024 09:56
PROD0179,CAT0054,BR0141,Jeans,XS,Blue,3800,122,Cotton,07-05-2024 17:27
PROD0180,CAT0481,BR0829,Dress,L,Brown,3802,67,Polyester,07-08-2025 23:00
PROD0181,CAT0606,BR0963,Top,S,Red,11246,43,Polyester,29-10-2024 14:29
PROD0182,CAT0665,BR0941,Bag,XXL,Red,851,120,Polyester,18-01-2025 07:01
PROD0183,CAT0747,BR0726,Shirt,S,Brown,8118,104,Cotton,11-11-2023 21:15
PROD0184,CAT0698,BR0536,Sneakers,XL,White,16443,140,Polyester,06-11-2024 07:07
PROD0185,CAT0061,BR0441,Shoes,XL,Pink,6606,135,Denim,03-11-2024 07:00
PROD0186,CAT0353,BR0140,Kurta,XL,Pink,19250,73,Denim,06-05-2025 00:09
PROD0187,CAT0256,BR0632,Sweater,XS,Pink,8655,165,Linen,21-05-2024 04:26
PROD0188,CAT0510,BR0002,Jeans,L,White,8588,176,Polyester,10-05-2024 17:49
PROD0189,CAT0591,BR0189,Sweater,XXL,Red,8452,33,Leather,16-08-2024 22:43
PROD0190,CAT0042,BR0237,Shoes,XXL,Blue,2665,175,Silk,18-11-2024 14:31
PROD0191,CAT0137,BR0989,Shoes,M,Red,19127,0,Leather,12-02-2024 21:06
PROD0192,CAT0216,BR0735,Jeans,XXL,Blue,13844,27,Denim,15-04-2024 10:05
PROD0193,CAT0212,BR0458,Shirt,S,Red,12383,83,Silk,06-05-2024 09:04
PROD0194,CAT0388,BR0676,Top,XXL,Green,14829,169,Polyester,20-05-2024 18:29
PROD0195,CAT0879,BR0651,Shirt,S,Pink,11872,48,Wool,03-08-2025 03:08
PROD0196,CAT0682,BR0879,Watch,S,Grey,16320,70,Silk,27-05-2024 13:05
PROD0197,CAT0051,BR0259,T-Shirt,L,Grey,5497,15,Wool,18-12-2024 15:57
PROD0198,CAT0911,BR0854,T-Shirt,XXL,Grey,17479,74,Polyester,05-03-2025 18:31
PROD0199,CAT0424,BR0114,Sneakers,S,Green,9453,45,Silk,24-10-2023 17:31
PROD0200,CAT0788,BR0015,Saree,XL,Red,19517,116,Denim,23-12-2024 00:49
PROD0201,CAT0311,BR0660,Shoes,L,White,9331,122,Silk,27-09-2024 19:13
PROD0202,CAT0277,BR0165,Saree,S,Grey,4674,4,Wool,28-05-2025 11:51
PROD0203,CAT0241,BR0661,Saree,L,White,18379,130,Leather,08-11-2024 06:53
PROD0204,CAT0957,BR0149,Jeans,M,Yellow,17405,65,Leather,25-08-2024 06:56
PROD0205,CAT0102,BR0279,Sweater,XXL,Brown,10465,191,Silk,12-06-2025 13:53
PROD0206,CAT0021,BR0065,Bag,XS,White,9567,64,Wool,08-09-2025 17:41
PROD0207,CAT0251,BR0776,Watch,XL,Brown,6294,160,Silk,07-05-2024 02:20
PROD0208,CAT0542,BR0004,Shirt,XS,Yellow,18449,107,Linen,25-05-2024 00:49
PROD0209,CAT0350,BR0002,Saree,S,Black,3854,187,Denim,08-05-2024 04:55
PROD0210,CAT0739,BR0783,Kurta,M,Green,19508,51,Leather,17-05-2024 23:07
PROD0211,CAT0412,BR0686,Sweater,XL,Yellow,3448,97,Silk,06-04-2024 03:29
PROD0212,CAT0640,BR0201,Shoes,M,Blue,11314,91,Silk,27-02-2025 15:25
PROD0213,CAT0778,BR0247,Top,M,Grey,7757,110,Linen,12-05-2025 10:09
PROD0214,CAT0017,BR0707,Jeans,XS,Black,7879,105,Wool,17-12-2023 23:39
PROD0215,CAT0045,BR0210,Saree,L,Brown,2679,26,Leather,10-10-2023 08:21
PROD0216,CAT1000,BR0562,Saree,XXL,Black,7532,188,Polyester,07-03-2024 14:22
PROD0217,CAT0224,BR0380,Jeans,XS,Green,683,150,Silk,25-05-2025 07:17
PROD0218,CAT0124,BR0288,Watch,XL,Grey,7151,23,Denim,03-03-2024 10:09
PROD0219,CAT0946,BR0243,Bag,XS,Red,8502,153,Linen,27-07-2025 22:18
PROD0220,CAT0765,BR0645,Jacket,S,Blue,15897,176,Denim,01-06-2025 09:48
PROD0221,CAT0555,BR0172,Watch,XXL,Blue,16341,55,Wool,25-01-2024 04:51
PROD0222,CAT0422,BR0909,Dress,XS,Red,16805,149,Polyester,22-03-2025 12:28
PROD0223,CAT0948,BR0590,Sneakers,XS,Pink,11734,91,Wool,17-11-2023 03:55
PROD0224,CAT0464,BR0570,Sunglasses,S,Blue,3495,160,Linen,12-11-2023 17:10
PROD0225,CAT0022,BR0684,Sneakers,S,Black,5443,59,Leather,30-12-2023 00:47
PROD0226,CAT0047,BR0751,Shirt,S,White,6776,33,Denim,08-09-2025 20:27
PROD0227,CAT0472,BR0063,Watch,L,White,4707,8,Cotton,01-11-2023 19:31
PROD0228,CAT0744,BR0935,Sunglasses,S,Yellow,10117,175,Silk,18-08-2025 21:23
PROD0229,CAT0158,BR0705,Jeans,S,Grey,12689,1,Polyester,10-12-2023 19:35
PROD0230,CAT0384,BR0036,Top,S,Pink,3856,21,Wool,06-10-2023 08:12
PROD0231,CAT0162,BR0217,Jeans,S,Pink,3853,111,Polyester,29-08-2025 09:25
PROD0232,CAT0717,BR0833,Shirt,M,Brown,18486,173,Linen,10-11-2023 11:40
PROD0233,CAT0973,BR0923,Bag,XL,Yellow,15145,40,Wool,09-10-2024 20:01
PROD0234,CAT0609,BR0546,Watch,XL,White,15014,108,Polyester,27-04-2025 15:50
PROD0235,CAT0626,BR0857,Jacket,L,Green,10645,66,Linen,25-10-2024 03:01
PROD0236,CAT0220,BR0949,Sunglasses,XS,White,13597,75,Silk,08-07-2024 13:32
PROD0237,CAT0792,BR0549,Saree,XS,Red,4454,13,Polyester,26-04-2025 14:06
PROD0238,CAT0755,BR0718,Top,XS,Brown,16006,101,Leather,23-05-2025 18:11
PROD0239,CAT0595,BR0730,Sunglasses,S,Blue,17272,46,Linen,06-12-2023 03:19
PROD0240,CAT0897,BR0238,Jacket,S,White,1963,130,Wool,26-03-2024 11:15
PROD0241,CAT0622,BR0557,Jeans,S,Brown,18397,21,Denim,16-03-2024 13:08
PROD0242,CAT0538,BR0551,Jeans,M,Green,11181,140,Polyester,01-02-2025 03:12
PROD0243,CAT0848,BR0183,T-Shirt,L,Grey,7027,35,Wool,30-09-2025 00:18
PROD0244,CAT0809,BR0226,Sunglasses,XXL,Red,17272,37,Linen,13-10-2024 04:44
PROD0245,CAT0453,BR0074,Kurta,XXL,Brown,2926,188,Wool,02-11-2023 19:24
PROD0246,CAT0330,BR0472,Shirt,XXL,Green,11365,7,Cotton,16-05-2025 01:03
PROD0247,CAT0784,BR0012,Jacket,XS,Blue,1294,21,Denim,26-09-2025 08:53
PROD0248,CAT0169,BR0776,Sunglasses,XXL,Red,3007,176,Polyester,25-10-2024 13:27
PROD0249,CAT0493,BR0976,Jacket,XS,Grey,17962,165,Denim,05-07-2025 04:34
PROD0250,CAT0059,BR0807,Watch,XXL,Blue,5207,90,Denim,22-10-2024 15:22
PROD0251,CAT0389,BR0689,Jeans,XL,Green,9872,66,Polyester,25-01-2025 01:04
PROD0252,CAT0088,BR0559,Sweater,S,Brown,15923,73,Silk,04-03-2025 10:37
PROD0253,CAT0535,BR0933,Jacket,XS,Black,6058,195,Denim,21-04-2024 06:05
PROD0254,CAT0514,BR0637,Jacket,XS,Yellow,12733,120,Cotton,04-08-2025 23:25
PROD0255,CAT0520,BR0446,Saree,XS,Blue,19934,12,Cotton,17-09-2025 12:56
PROD0256,CAT0678,BR0268,Shoes,L,Yellow,11489,22,Denim,18-04-2025 15:18
PROD0257,CAT0742,BR0529,Sneakers,XL,Black,13577,96,Linen,10-03-2025 19:45
PROD0258,CAT0126,BR0242,Kurta,S,Green,17066,58,Denim,30-06-2024 23:45
PROD0259,CAT0379,BR0678,T-Shirt,M,Green,5878,200,Linen,31-12-2024 20:03
PROD0260,CAT0385,BR0748,T-Shirt,XL,Blue,15693,13,Silk,29-06-2024 22:52
PROD0261,CAT0213,BR0247,Kurta,XL,Brown,15374,158,Denim,11-08-2025 23:04
PROD0262,CAT0806,BR0018,Jacket,XL,Brown,6354,32,Cotton,02-12-2024 17:18
PROD0263,CAT0063,BR0275,Jacket,XS,Red,13134,64,Wool,30-09-2025 01:43
PROD0264,CAT0542,BR0128,Top,XL,Blue,8872,160,Leather,26-03-2024 08:26
PROD0265,CAT0265,BR0986,Sweater,XXL,Black,18239,121,Silk,09-03-2025 11:53
PROD0266,CAT0902,BR0954,Shoes,XL,White,12689,183,Wool,05-05-2025 04:24
PROD0267,CAT0193,BR0542,Watch,XS,Pink,9075,62,Polyester,06-10-2023 23:39
PROD0268,CAT0690,BR0068,Shirt,XXL,Pink,9971,185,Polyester,14-12-2023 11:43
PROD0269,CAT0535,BR0586,Watch,XXL,Green,13657,76,Polyester,15-01-2025 07:52
PROD0270,CAT0022,BR0249,Kurta,XXL,Black,12367,184,Leather,11-08-2025 06:17
PROD0271,CAT0866,BR0542,Kurta,S,Red,10444,199,Denim,26-05-2024 14:54
PROD0272,CAT0085,BR0474,Sweater,XS,Pink,9855,161,Silk,13-06-2025 04:51
PROD0273,CAT0161,BR0364,Jacket,M,Green,1686,47,Silk,25-11-2023 12:24
PROD0274,CAT0808,BR0235,Sunglasses,XXL,Yellow,11438,139,Leather,02-12-2023 13:03
PROD0275,CAT0192,BR0301,Shoes,XXL,Blue,3072,120,Silk,22-09-2024 18:58
PROD0276,CAT0316,BR0422,Jacket,M,Green,17109,147,Wool,03-03-2024 01:19
PROD0277,CAT0544,BR0518,T-Shirt,S,Red,12370,61,Linen,02-07-2025 00:54
PROD0278,CAT0715,BR0513,Top,S,Green,11164,185,Polyester,10-09-2025 07:25
PROD0279,CAT0477,BR0625,Sweater,XXL,Blue,11438,9,Denim,11-02-2025 15:27
PROD0280,CAT0704,BR0655,T-Shirt,M,White,7005,55,Polyester,31-08-2025 04:16
PROD0281,CAT0994,BR0784,Sweater,M,White,17542,65,Linen,24-11-2024 19:53
PROD0282,CAT0323,BR0905,Sunglasses,XS,Pink,7570,36,Wool,21-12-2023 18:47
PROD0283,CAT0105,BR0093,Jeans,XXL,Grey,17542,119,Leather,06-08-2025 19:20
PROD0284,CAT0900,BR0807,Jeans,XL,Blue,6808,61,Linen,20-02-2025 07:08
PROD0285,CAT0094,BR0647,Watch,S,Grey,7403,34,Silk,28-02-2025 02:15
PROD0286,CAT0660,BR0331,Shoes,XS,Pink,1438,185,Cotton,24-03-2025 05:34
PROD0287,CAT0980,BR0086,Jacket,XL,Brown,16574,194,Denim,30-11-2024 15:57
PROD0288,CAT0399,BR0098,Saree,XL,Pink,18405,184,Wool,07-02-2025 00:21
PROD0289,CAT0538,BR0914,T-Shirt,XS,Black,7138,6,Wool,13-08-2024 08:13
PROD0290,CAT0031,BR0601,Jeans,M,Pink,3970,140,Polyester,01-11-2024 05:36
PROD0291,CAT0858,BR0612,Top,XS,White,12663,85,Silk,04-06-2025 01:17
PROD0292,CAT0653,BR0720,Saree,M,Green,19832,30,Leather,30-07-2025 17:36
PROD0293,CAT0930,BR0426,T-Shirt,XL,White,13137,94,Linen,17-02-2025 17:52
PROD0294,CAT0812,BR0355,Shirt,XS,Red,10498,154,Cotton,25-09-2024 04:21
PROD0295,CAT0828,BR0127,Sweater,XL,Green,3866,138,Denim,23-07-2024 23:20
PROD0296,CAT0232,BR0237,Kurta,XL,Grey,11537,6,Linen,31-08-2025 09:55
PROD0297,CAT0143,BR0775,Kurta,S,Black,5466,55,Linen,07-05-2025 01:51
PROD0298,CAT0617,BR0518,Shirt,XS,White,15087,70,Denim,19-04-2024 00:44
PROD0299,CAT0346,BR0429,Jeans,XS,Green,1495,178,Leather,17-05-2024 04:17
PROD0300,CAT0878,BR0749,Sneakers,S,Brown,17867,104,Leather,20-11-2023 16:55
PROD0301,CAT0044,BR0850,Dress,XXL,Blue,11358,60,Silk,22-03-2025 22:48
PROD0302,CAT0959,BR0405,Kurta,L,Blue,17317,177,Cotton,09-09-2025 18:28
PROD0303,CAT0120,BR0765,Shirt,L,Blue,1681,49,Wool,12-02-2024 10:00
PROD0304,CAT0057,BR0533,Shoes,M,Pink,13336,155,Cotton,08-01-2025 16:41
PROD0305,CAT0838,BR0893,Jacket,XS,Pink,5346,175,Silk,22-10-2024 15:41
PROD0306,CAT0075,BR0329,Sunglasses,S,Red,6051,196,Polyester,28-09-2024 00:50
PROD0307,CAT0261,BR0920,Dress,M,Blue,14383,130,Linen,16-09-2025 00:53
PROD0308,CAT0188,BR0447,Bag,XS,Grey,16201,108,Wool,01-10-2025 05:49
PROD0309,CAT0575,BR0660,Shirt,XL,White,17486,67,Denim,16-07-2024 09:58
PROD0310,CAT0768,BR0987,T-Shirt,XS,White,10261,141,Cotton,21-11-2023 14:51
PROD0311,CAT0813,BR0541,Saree,S,Yellow,10079,60,Silk,16-09-2024 20:31
PROD0312,CAT0884,BR0684,Top,XXL,Brown,4772,104,Cotton,01-10-2024 13:28
PROD0313,CAT0218,BR0240,Watch,M,Red,2049,26,Leather,02-02-2024 12:36
PROD0314,CAT0380,BR0463,Sunglasses,XXL,Blue,1856,129,Denim,20-05-2025 06:19
PROD0315,CAT0579,BR0595,Sunglasses,XS,Green,9663,146,Polyester,30-10-2023 11:02
PROD0316,CAT0958,BR0017,Sunglasses,L,Green,19400,42,Silk,02-06-2024 18:35
PROD0317,CAT0775,BR0613,Sunglasses,XL,Pink,19066,96,Wool,03-06-2024 07:14
PROD0318,CAT0800,BR0673,Sneakers,XL,Grey,3237,133,Denim,01-12-2024 09:18
PROD0319,CAT0149,BR0549,Jacket,M,Pink,18937,63,Polyester,03-12-2023 14:34
PROD0320,CAT0339,BR0579,Jeans,M,Blue,16698,79,Linen,18-12-2023 12:53
PROD0321,CAT0634,BR0812,Sweater,S,Black,6538,27,Polyester,28-04-2025 03:58
PROD0322,CAT0860,BR0800,Jacket,S,Green,4929,198,Silk,28-02-2024 09:15
PROD0323,CAT0414,BR0578,Top,XS,Pink,1052,142,Silk,27-02-2025 09:47
PROD0324,CAT0159,BR0408,Watch,XS,Grey,13987,7,Leather,13-05-2024 00:47
PROD0325,CAT0453,BR0179,Sunglasses,S,Green,18704,185,Polyester,25-09-2024 10:51
PROD0326,CAT0533,BR0622,Shoes,M,Yellow,8294,133,Polyester,12-08-2025 02:07
PROD0327,CAT0674,BR0919,Top,XS,Green,400,88,Silk,14-02-2024 04:55
PROD0328,CAT0909,BR0680,Jeans,S,Pink,11485,7,Linen,19-03-2024 21:50
PROD0329,CAT0824,BR0870,Jacket,S,Pink,19649,195,Denim,05-05-2025 07:43
PROD0330,CAT0558,BR0693,Shirt,L,Green,3363,200,Linen,09-06-2025 06:44
PROD0331,CAT0392,BR0587,Kurta,M,Pink,2685,55,Cotton,03-12-2024 07:46
PROD0332,CAT0576,BR0494,Jacket,L,Red,5074,196,Polyester,21-04-2024 23:27
PROD0333,CAT0827,BR0542,Dress,XL,Yellow,4238,64,Wool,06-09-2025 22:10
PROD0334,CAT0197,BR0796,Sneakers,L,Brown,5180,61,Linen,24-03-2025 08:39
PROD0335,CAT0816,BR0792,Sneakers,XL,Green,1629,7,Wool,12-06-2025 08:51
PROD0336,CAT0983,BR0169,Saree,S,Blue,513,170,Wool,04-09-2025 18:39
PROD0337,CAT0527,BR0445,Bag,L,Pink,2351,14,Cotton,01-08-2025 20:37
PROD0338,CAT0854,BR0782,Kurta,XL,White,2759,20,Leather,24-10-2024 03:45
PROD0339,CAT0198,BR0834,Bag,M,Blue,1870,16,Silk,06-07-2025 23:44
PROD0340,CAT0541,BR0058,Bag,XXL,Green,2924,75,Leather,05-03-2024 17:14
PROD0341,CAT0622,BR0075,Sweater,XXL,Yellow,2080,116,Silk,07-10-2023 20:51
PROD0342,CAT0793,BR0182,Sweater,XXL,Brown,6719,149,Silk,08-06-2024 10:51
PROD0343,CAT0658,BR0422,Watch,S,Blue,12370,56,Leather,15-10-2023 21:43
PROD0344,CAT0287,BR0277,T-Shirt,L,Grey,14806,153,Denim,01-06-2025 00:20
PROD0345,CAT0401,BR0167,T-Shirt,XXL,Grey,4878,185,Silk,31-07-2025 10:27
PROD0346,CAT0782,BR0884,Kurta,XXL,Black,19839,35,Denim,28-03-2025 00:22
PROD0347,CAT0020,BR0569,Jacket,XS,Grey,15836,98,Cotton,05-03-2025 15:41
PROD0348,CAT0165,BR0579,Sunglasses,XL,Red,8935,5,Silk,02-04-2024 20:31
PROD0349,CAT0960,BR0537,Watch,XL,Green,2500,49,Polyester,21-07-2024 14:29
PROD0350,CAT0208,BR0465,Shoes,XS,Black,10595,91,Leather,08-03-2025 02:12
PROD0351,CAT0953,BR0176,Shoes,M,Pink,3862,119,Linen,09-04-2024 03:28
PROD0352,CAT0950,BR0082,Saree,XS,White,5682,173,Cotton,05-03-2025 02:48
PROD0353,CAT0081,BR0618,Shirt,XS,Pink,3990,56,Wool,14-06-2025 14:53
PROD0354,CAT0433,BR0244,Sweater,XL,Yellow,4637,119,Silk,03-08-2025 07:23
PROD0355,CAT0560,BR0588,Dress,L,Red,6538,55,Silk,07-10-2023 10:27
PROD0356,CAT0077,BR0913,Watch,XL,Green,10362,67,Linen,17-10-2024 13:41
PROD0357,CAT0051,BR0744,Shirt,XL,Yellow,1865,36,Wool,02-11-2023 15:02
PROD0358,CAT0406,BR0302,Top,XS,Red,14428,70,Denim,28-05-2025 15:51
PROD0359,CAT0055,BR0243,Saree,S,Green,3629,101,Silk,27-12-2024 09:14
PROD0360,CAT0548,BR0111,Shirt,L,Grey,17122,43,Polyester,12-01-2025 04:35
PROD0361,CAT0077,BR0015,Sweater,S,Red,16407,150,Linen,07-03-2025 03:52
PROD0362,CAT0848,BR0187,Jeans,XXL,White,8855,132,Silk,20-09-2024 03:15
PROD0363,CAT0176,BR0587,Top,M,Grey,14650,59,Wool,25-02-2025 03:02
PROD0364,CAT0437,BR0888,Sweater,S,Brown,8263,29,Wool,26-12-2024 08:01
PROD0365,CAT0528,BR0182,Top,XXL,Yellow,13683,7,Denim,04-07-2024 06:04
PROD0366,CAT0235,BR0587,Jacket,L,Blue,16448,179,Linen,26-09-2025 17:36
PROD0367,CAT0558,BR0737,Watch,L,Pink,4199,116,Silk,25-11-2023 11:16
PROD0368,CAT0717,BR0063,Kurta,L,White,13573,132,Wool,04-01-2024 02:08
PROD0369,CAT0827,BR0151,Sweater,XS,Yellow,373,96,Linen,10-02-2024 16:58
PROD0370,CAT0148,BR0087,Watch,S,Black,7637,161,Denim,11-09-2025 05:40
PROD0371,CAT0336,BR0691,Shirt,XS,Pink,12294,3,Wool,28-09-2024 12:46
PROD0372,CAT0344,BR0553,Saree,XS,Green,13568,145,Polyester,16-05-2025 09:46
PROD0373,CAT0751,BR0075,Top,XXL,Black,2683,146,Polyester,09-08-2024 02:18
PROD0374,CAT0336,BR0582,Kurta,L,Blue,18569,151,Linen,29-12-2023 18:36
PROD0375,CAT0792,BR0699,Sneakers,S,Pink,18055,73,Wool,02-11-2023 04:41
PROD0376,CAT0560,BR0889,T-Shirt,S,Black,1538,84,Wool,03-05-2025 09:06
PROD0377,CAT0035,BR0975,Bag,XXL,White,18069,110,Leather,24-12-2024 01:38
PROD0378,CAT0613,BR0734,Sunglasses,M,Brown,9863,165,Polyester,19-06-2024 09:33
PROD0379,CAT0306,BR0904,Bag,M,Brown,18438,161,Cotton,17-01-2025 06:05
PROD0380,CAT0663,BR0087,Sneakers,M,Grey,18181,129,Silk,23-07-2024 17:51
PROD0381,CAT0986,BR0830,Jacket,XS,Grey,3303,91,Polyester,25-05-2024 20:16
PROD0382,CAT0241,BR0917,Top,L,Grey,13095,122,Polyester,21-06-2024 10:51
PROD0383,CAT0553,BR0788,Watch,S,Blue,15111,70,Silk,13-10-2023 22:07
PROD0384,CAT0799,BR0080,Bag,XS,Grey,16516,156,Linen,17-12-2023 09:21
PROD0385,CAT0505,BR0394,Top,S,Pink,16874,127,Leather,25-09-2025 16:46
PROD0386,CAT0866,BR0158,Sweater,S,Yellow,17212,147,Polyester,02-07-2024 03:44
PROD0387,CAT0506,BR0768,T-Shirt,XXL,Brown,10728,174,Linen,30-06-2025 17:28
PROD0388,CAT0001,BR0409,Watch,S,White,12380,13,Leather,22-10-2024 16:55
PROD0389,CAT0276,BR0905,T-Shirt,XXL,Yellow,13084,97,Leather,02-08-2024 08:31
PROD0390,CAT0635,BR0340,Watch,L,Blue,1303,172,Cotton,20-01-2024 08:38
PROD0391,CAT0172,BR0287,Top,S,Yellow,12572,68,Denim,25-03-2025 10:07
PROD0392,CAT0187,BR0957,Top,L,Grey,19750,100,Polyester,17-05-2025 02:05
PROD0393,CAT0144,BR0362,Sweater,XL,Green,6384,163,Polyester,19-05-2025 21:17
PROD0394,CAT0650,BR0975,Shirt,XXL,Brown,19176,68,Wool,03-10-2024 03:57
PROD0395,CAT0401,BR0851,Sweater,S,White,18197,146,Cotton,16-02-2025 04:57
PROD0396,CAT0349,BR0415,Shirt,M,Red,11043,47,Linen,02-02-2025 21:55
PROD0397,CAT0780,BR0346,Sunglasses,L,Black,11550,99,Polyester,20-10-2024 05:27
PROD0398,CAT0992,BR0590,Shirt,L,White,7583,87,Linen,13-04-2025 09:24
PROD0399,CAT0623,BR0801,Watch,M,Red,7625,129,Cotton,14-02-2024 17:25
PROD0400,CAT0574,BR0728,Kurta,M,Yellow,1140,165,Silk,10-04-2024 07:45
PROD0401,CAT0532,BR0270,Kurta,XL,Yellow,812,156,Denim,11-05-2025 19:31
PROD0402,CAT0775,BR0500,Jacket,XXL,Green,8875,57,Cotton,08-02-2024 12:49
PROD0403,CAT0199,BR0314,Watch,XL,Red,17087,147,Cotton,01-08-2024 09:24
PROD0404,CAT0949,BR0853,Jeans,L,Grey,5700,12,Polyester,08-03-2025 10:51
PROD0405,CAT0535,BR0854,Sunglasses,M,White,9118,9,Cotton,03-06-2025 09:33
PROD0406,CAT0859,BR0373,Shoes,L,Green,3190,83,Denim,07-09-2024 20:38
PROD0407,CAT0465,BR0111,Dress,M,White,3813,55,Leather,18-07-2025 01:37
PROD0408,CAT0178,BR0375,Bag,S,Pink,15892,186,Wool,18-10-2023 10:26
PROD0409,CAT0974,BR0538,Jeans,S,Pink,14958,81,Cotton,08-12-2024 19:21
PROD0410,CAT0017,BR0983,Bag,M,Black,3875,72,Wool,21-09-2025 20:00
PROD0411,CAT0812,BR0090,T-Shirt,M,Black,15262,98,Linen,24-02-2024 18:47
PROD0412,CAT0542,BR0971,Jeans,XXL,Brown,15795,143,Cotton,02-06-2024 15:20
PROD0413,CAT0620,BR0751,Sweater,S,Grey,520,69,Denim,08-03-2025 03:11
PROD0414,CAT0133,BR0241,Sweater,XL,Brown,18578,196,Denim,22-04-2024 14:15
PROD0415,CAT0412,BR0167,Shirt,M,Brown,14329,106,Cotton,22-10-2023 06:39
PROD0416,CAT0979,BR0333,Sweater,XL,Brown,13915,193,Silk,28-01-2025 23:30
PROD0417,CAT0552,BR0453,Sneakers,M,Black,4829,126,Leather,19-12-2023 12:53
PROD0418,CAT0346,BR0523,Dress,XXL,Green,18038,161,Denim,30-11-2023 10:28
PROD0419,CAT0751,BR0603,Kurta,M,Yellow,9738,45,Linen,11-12-2024 11:00
PROD0420,CAT0132,BR0312,Bag,XS,Red,14328,85,Cotton,27-02-2024 07:50
PROD0421,CAT0140,BR0955,Sweater,XS,Blue,1704,39,Wool,15-03-2024 01:00
PROD0422,CAT0315,BR0382,Watch,S,White,2683,60,Polyester,27-11-2024 20:24
PROD0423,CAT0659,BR0899,Sweater,XS,Yellow,10699,17,Polyester,25-01-2025 07:33
PROD0424,CAT0006,BR0332,Dress,L,Blue,17397,52,Leather,08-03-2025 16:33
PROD0425,CAT0649,BR0436,Top,XXL,Black,3588,72,Denim,30-07-2025 09:08
PROD0426,CAT0292,BR0872,Top,XL,Pink,12942,150,Linen,29-04-2025 19:00
PROD0427,CAT0734,BR0503,Shirt,L,White,14163,114,Leather,20-07-2024 13:58
PROD0428,CAT0808,BR0452,Sunglasses,M,Pink,5205,191,Cotton,15-02-2025 20:17
PROD0429,CAT0133,BR0376,Sweater,XL,Black,12385,73,Polyester,13-01-2024 05:10
PROD0430,CAT0973,BR0982,Jeans,XL,White,5964,181,Linen,14-03-2025 07:07
PROD0431,CAT0828,BR0836,Jeans,XXL,Black,6539,16,Polyester,11-08-2025 08:50
PROD0432,CAT0205,BR0622,Shirt,XXL,Blue,10289,159,Cotton,12-03-2025 10:22
PROD0433,CAT0061,BR0387,Sunglasses,XS,Red,17325,62,Silk,09-12-2023 14:02
PROD0434,CAT0269,BR0502,Shirt,S,Brown,15477,88,Cotton,25-10-2024 14:52
PROD0435,CAT0546,BR0170,Jacket,L,Pink,17296,180,Cotton,25-07-2025 21:17
PROD0436,CAT0682,BR0467,Shirt,S,Yellow,16031,118,Denim,30-08-2025 19:43
PROD0437,CAT0267,BR0765,Dress,XL,Green,16154,34,Silk,05-09-2025 10:26
PROD0438,CAT0159,BR0884,Bag,XS,Yellow,4967,158,Cotton,08-06-2025 02:32
PROD0439,CAT0524,BR0837,Jacket,XXL,Grey,12830,168,Linen,21-10-2023 07:45
PROD0440,CAT0247,BR0748,Jeans,L,Blue,18301,46,Leather,20-05-2025 14:16
PROD0441,CAT0451,BR0984,Jeans,XXL,Grey,6052,16,Silk,02-04-2025 18:58
PROD0442,CAT0704,BR0221,Shoes,L,White,18797,167,Linen,25-06-2025 13:28
PROD0443,CAT0990,BR0191,Sweater,XS,Yellow,6256,44,Polyester,18-08-2024 07:58
PROD0444,CAT0591,BR0979,Bag,XL,White,13798,43,Cotton,24-02-2025 23:36
PROD0445,CAT0751,BR0438,Jacket,M,Red,10235,60,Linen,26-11-2024 11:15
PROD0446,CAT0564,BR0148,Shoes,S,Yellow,12217,179,Polyester,02-09-2025 13:10
PROD0447,CAT0809,BR0592,Sweater,XL,White,10792,142,Denim,12-07-2024 14:35
PROD0448,CAT0274,BR0428,Jeans,L,Grey,16457,56,Polyester,17-08-2025 19:13
PROD0449,CAT0828,BR0403,Sneakers,S,Blue,19011,85,Denim,12-10-2023 10:55
PROD0450,CAT0887,BR0260,Bag,L,Red,6213,114,Linen,06-05-2025 21:12
PROD0451,CAT0845,BR0869,Sweater,XL,Grey,388,47,Linen,27-07-2025 15:33
PROD0452,CAT0179,BR0451,Jeans,S,Blue,11149,63,Leather,24-07-2025 21:04
PROD0453,CAT0923,BR0611,Saree,XL,Grey,3986,54,Silk,30-11-2023 02:16
PROD0454,CAT0725,BR0917,Sweater,M,Black,19291,142,Linen,12-10-2024 05:13
PROD0455,CAT0249,BR0134,Shirt,XS,Red,4714,93,Silk,28-04-2025 23:41
PROD0456,CAT0747,BR0810,Sunglasses,XS,Brown,6474,44,Cotton,14-04-2025 07:29
PROD0457,CAT0905,BR0046,Sneakers,XL,Grey,15556,132,Linen,30-09-2025 05:02
PROD0458,CAT0519,BR0885,Bag,L,Yellow,7200,177,Leather,17-06-2024 02:48
PROD0459,CAT0740,BR0722,Dress,XXL,Brown,12010,47,Polyester,19-04-2024 10:17
PROD0460,CAT0653,BR0548,Kurta,XS,Blue,6918,4,Denim,18-02-2025 23:34
PROD0461,CAT0310,BR0242,Kurta,XXL,Red,19065,146,Denim,14-01-2025 11:12
PROD0462,CAT0113,BR0472,Jeans,M,Black,7182,186,Linen,17-10-2023 05:38
PROD0463,CAT0921,BR0951,Sweater,XS,Blue,5189,164,Linen,16-11-2024 12:15
PROD0464,CAT0172,BR0798,Sunglasses,XL,Yellow,1087,23,Denim,26-05-2025 06:51
PROD0465,CAT0204,BR0490,Sneakers,XXL,Brown,6619,14,Linen,18-12-2024 23:15
PROD0466,CAT0844,BR0202,T-Shirt,XL,Pink,15704,21,Polyester,07-11-2023 15:59
PROD0467,CAT0704,BR0608,Saree,XS,Red,5057,101,Cotton,03-10-2023 04:58
PROD0468,CAT0649,BR0155,Sunglasses,S,Red,7091,40,Cotton,22-11-2024 23:36
PROD0469,CAT0888,BR0704,Sunglasses,L,Pink,15588,192,Leather,21-02-2025 08:44
PROD0470,CAT0143,BR0055,Jeans,XL,Red,4098,28,Silk,20-12-2023 09:34
PROD0471,CAT0413,BR0108,Shirt,S,Blue,4263,158,Leather,07-03-2024 04:10
PROD0472,CAT0033,BR0458,Shirt,XXL,Yellow,17639,194,Silk,04-09-2024 16:18
PROD0473,CAT0955,BR0255,Shoes,XL,White,1513,75,Linen,21-08-2025 11:13
PROD0474,CAT0198,BR0442,Kurta,M,White,17868,3,Leather,14-07-2025 20:49
PROD0475,CAT0184,BR0467,Watch,XXL,Green,17371,26,Polyester,27-08-2024 14:56
PROD0476,CAT0783,BR0804,Sneakers,S,Red,3252,72,Cotton,08-04-2025 15:28
PROD0477,CAT0809,BR0572,Watch,L,Brown,4907,86,Wool,01-09-2024 14:39
PROD0478,CAT0009,BR0591,Watch,M,Black,5219,152,Denim,04-06-2024 00:01
PROD0479,CAT0385,BR0132,T-Shirt,XL,White,12316,89,Leather,14-08-2024 13:20
PROD0480,CAT0390,BR0860,Jacket,XS,Blue,7332,183,Leather,20-09-2025 08:45
PROD0481,CAT0583,BR0611,Dress,S,Grey,859,198,Cotton,23-06-2024 15:57
PROD0482,CAT0235,BR0993,Saree,XS,Black,9326,48,Silk,15-05-2025 01:35
PROD0483,CAT0958,BR0368,Top,M,Brown,12315,99,Denim,19-10-2024 19:11
PROD0484,CAT0781,BR0947,Shirt,S,Blue,8798,19,Leather,06-12-2023 01:17
PROD0485,CAT0798,BR0160,T-Shirt,S,Grey,2063,108,Cotton,24-07-2025 10:47
PROD0486,CAT0371,BR0629,Shirt,L,White,18569,126,Denim,15-01-2024 21:56
PROD0487,CAT0062,BR0171,Bag,XL,Blue,14819,184,Leather,30-12-2023 09:57
PROD0488,CAT0988,BR0088,Kurta,L,Blue,13811,58,Polyester,22-05-2025 02:47
PROD0489,CAT0130,BR0881,Sneakers,XL,Red,11519,81,Denim,12-05-2024 08:17
PROD0490,CAT0976,BR0885,Shirt,XXL,Blue,7569,179,Leather,10-07-2025 20:48
PROD0491,CAT0888,BR0293,T-Shirt,S,Blue,4385,4,Linen,12-07-2025 19:50
PROD0492,CAT0372,BR0930,Kurta,L,Grey,12377,108,Wool,24-08-2025 00:12
PROD0493,CAT0316,BR0638,Jeans,M,Grey,19637,173,Wool,15-06-2025 00:14
PROD0494,CAT0357,BR0381,Sneakers,L,Black,8364,64,Silk,16-05-2024 03:25
PROD0495,CAT0862,BR0109,Shirt,M,Grey,14527,0,Cotton,28-04-2024 13:19
PROD0496,CAT0046,BR0569,T-Shirt,XS,Brown,4318,9,Polyester,04-07-2025 18:23
PROD0497,CAT0028,BR0826,Sunglasses,L,Brown,7831,25,Silk,10-05-2025 22:26
PROD0498,CAT0409,BR0283,Jacket,XS,Grey,5604,108,Linen,17-04-2025 07:50
PROD0499,CAT0044,BR0558,T-Shirt,XL,Red,12301,114,Cotton,27-08-2024 02:17
PROD0500,CAT0152,BR0607,T-Shirt,XXL,Red,11530,180,Cotton,18-01-2024 17:28
PROD0501,CAT0475,BR0087,Shoes,XL,Blue,13688,115,Cotton,25-08-2024 08:38
PROD0502,CAT0253,BR0056,Saree,XXL,White,11183,20,Cotton,23-05-2024 06:35
PROD0503,CAT0833,BR0892,Sneakers,M,Brown,9329,125,Denim,29-06-2025 02:08
PROD0504,CAT0205,BR0821,Kurta,S,Red,6740,6,Cotton,31-08-2025 12:58
PROD0505,CAT0579,BR0446,Shirt,M,Brown,17605,173,Denim,25-10-2024 02:50
PROD0506,CAT0458,BR0437,Sunglasses,L,Green,16558,7,Polyester,04-11-2023 21:42
PROD0507,CAT0124,BR0575,T-Shirt,M,White,6865,155,Silk,13-01-2025 14:34
PROD0508,CAT0161,BR0843,Jacket,L,Green,14635,100,Silk,07-01-2025 11:59
PROD0509,CAT0843,BR0153,Jeans,M,Red,17490,61,Wool,10-06-2024 20:34
PROD0510,CAT0142,BR0717,Sweater,L,Blue,1351,14,Denim,03-11-2023 00:33
PROD0511,CAT0413,BR0425,Kurta,XS,Green,11124,160,Linen,28-06-2024 09:46
PROD0512,CAT0026,BR0774,Jeans,XS,Blue,14945,150,Silk,30-01-2025 05:08
PROD0513,CAT0683,BR0479,Jeans,M,Blue,943,191,Leather,14-12-2023 05:21
PROD0514,CAT0269,BR0600,Shoes,XL,Brown,2526,183,Linen,04-04-2024 07:22
PROD0515,CAT0776,BR0717,Sweater,XXL,Green,19114,0,Denim,21-12-2023 11:48
PROD0516,CAT0256,BR0684,Sunglasses,XS,Yellow,5940,10,Denim,03-06-2025 04:23
PROD0517,CAT0626,BR0624,Top,XS,Green,19893,127,Silk,09-12-2023 02:31
PROD0518,CAT0803,BR0621,Top,L,White,2433,50,Silk,13-06-2024 19:17
PROD0519,CAT0605,BR0450,Watch,XS,Pink,12824,154,Linen,04-09-2025 20:41
PROD0520,CAT0768,BR0300,Jeans,L,Pink,3562,38,Polyester,12-06-2024 07:25
PROD0521,CAT0497,BR0294,T-Shirt,L,Grey,19011,68,Polyester,08-10-2024 17:43
PROD0522,CAT0239,BR0851,Shirt,M,Pink,6297,53,Leather,14-12-2023 07:11
PROD0523,CAT0706,BR0991,Top,XXL,Green,19399,145,Cotton,04-03-2025 21:42
PROD0524,CAT0626,BR0457,Jacket,XS,Red,8954,42,Silk,01-01-2024 04:32
PROD0525,CAT0869,BR0979,Watch,S,Blue,7323,119,Cotton,11-05-2025 11:53
PROD0526,CAT0528,BR0472,Sweater,XL,Black,3763,22,Silk,13-01-2024 01:52
PROD0527,CAT0057,BR0862,Shirt,XXL,Blue,8803,24,Wool,25-08-2025 02:21
PROD0528,CAT0954,BR0924,Top,XS,White,12403,175,Leather,26-08-2024 09:16
PROD0529,CAT0769,BR0630,Bag,XL,Brown,19459,114,Polyester,18-10-2024 12:24
PROD0530,CAT0919,BR0115,Jeans,L,Blue,17912,128,Leather,31-07-2024 23:35
PROD0531,CAT0602,BR0988,Sneakers,XXL,Brown,1300,18,Linen,07-06-2024 00:57
PROD0532,CAT0951,BR0409,Sneakers,M,Brown,4829,41,Wool,09-02-2025 17:39
PROD0533,CAT0124,BR0463,Dress,XL,Brown,7939,146,Silk,30-08-2024 12:08
PROD0534,CAT0996,BR0520,Dress,L,Blue,17965,44,Cotton,07-03-2025 11:24
PROD0535,CAT0832,BR0027,Sneakers,XL,Blue,14022,121,Denim,26-07-2025 02:50
PROD0536,CAT0485,BR0683,Jeans,S,White,12760,144,Cotton,26-02-2025 12:51
PROD0537,CAT0307,BR0610,Kurta,XS,Red,5471,130,Silk,31-03-2025 23:52
PROD0538,CAT0691,BR0837,Bag,M,Black,19957,171,Silk,09-02-2024 17:48
PROD0539,CAT0574,BR0926,Top,S,Grey,13148,148,Leather,25-01-2024 20:45
PROD0540,CAT0953,BR0869,Saree,XXL,Blue,9053,11,Linen,22-09-2025 22:52
PROD0541,CAT0364,BR0235,Sunglasses,XS,Green,3197,148,Silk,14-07-2025 15:34
PROD0542,CAT0116,BR0364,Kurta,XS,Grey,18382,164,Polyester,25-03-2024 21:16
PROD0543,CAT0182,BR0500,Sneakers,XXL,Brown,18590,57,Denim,25-03-2025 23:39
PROD0544,CAT0741,BR0387,Dress,XS,Grey,19339,168,Leather,13-04-2025 08:58
PROD0545,CAT0657,BR0408,Shirt,M,Blue,14116,179,Leather,07-11-2023 16:26
PROD0546,CAT0290,BR0856,Bag,L,Pink,18217,63,Leather,12-07-2025 16:26
PROD0547,CAT0272,BR0959,Bag,L,Blue,9004,115,Linen,14-07-2024 15:03
PROD0548,CAT0320,BR0156,Jeans,L,Blue,5311,143,Denim,26-09-2025 09:29
PROD0549,CAT0105,BR0396,Shirt,S,Yellow,19305,194,Polyester,21-04-2025 03:37
PROD0550,CAT0846,BR0646,Kurta,M,Brown,18214,32,Cotton,08-03-2024 06:40
PROD0551,CAT0515,BR0991,Bag,S,Green,17818,102,Linen,13-08-2025 00:22
PROD0552,CAT0714,BR0514,Shoes,XL,Blue,14583,35,Denim,25-04-2024 07:30
PROD0553,CAT0405,BR0492,Shirt,XL,Grey,19166,17,Silk,23-04-2024 02:27
PROD0554,CAT0023,BR0639,Sweater,XS,Red,10127,18,Polyester,24-10-2023 21:15
PROD0555,CAT0850,BR0116,Bag,XXL,White,12022,169,Wool,12-06-2024 16:02
PROD0556,CAT0615,BR0656,Sweater,S,White,13649,27,Polyester,17-08-2025 10:11
PROD0557,CAT0219,BR0487,Sunglasses,L,Blue,11497,47,Polyester,14-08-2024 22:07
PROD0558,CAT0045,BR0941,Sneakers,M,Brown,17045,24,Silk,15-10-2024 12:30
PROD0559,CAT0341,BR0799,Sweater,XXL,Blue,5725,92,Denim,22-05-2024 03:23
PROD0560,CAT0769,BR0310,Saree,S,Green,4381,157,Cotton,24-10-2023 15:08
PROD0561,CAT0440,BR0326,Watch,XS,White,9774,70,Cotton,05-05-2024 15:03
PROD0562,CAT0807,BR0581,Kurta,L,Red,15702,193,Leather,09-01-2025 08:47
PROD0563,CAT0496,BR0919,Sunglasses,XS,Brown,4454,179,Denim,26-03-2025 18:52
PROD0564,CAT0609,BR0552,Bag,XL,Blue,18214,138,Leather,02-06-2024 04:51
PROD0565,CAT0003,BR0888,Kurta,L,Brown,5066,24,Denim,11-02-2024 17:11
PROD0566,CAT0082,BR0454,Sneakers,L,Brown,3727,57,Wool,14-02-2024 22:32
PROD0567,CAT0335,BR0638,Shirt,L,Pink,8984,139,Silk,25-05-2025 12:37
PROD0568,CAT0632,BR0680,Top,XL,White,19363,101,Leather,11-12-2023 11:46
PROD0569,CAT0634,BR0563,Saree,M,Brown,12789,145,Denim,19-06-2024 21:31
PROD0570,CAT0706,BR0914,Sweater,XS,Yellow,11450,150,Denim,21-07-2024 01:50
PROD0571,CAT0322,BR0823,Watch,XS,Red,4367,157,Polyester,14-07-2024 21:41
PROD0572,CAT0740,BR0614,Watch,S,Blue,15955,92,Polyester,24-06-2024 15:48
PROD0573,CAT0714,BR0952,Kurta,XXL,Blue,11810,29,Cotton,11-06-2024 02:48
PROD0574,CAT0486,BR0081,Kurta,XXL,Blue,7740,152,Linen,24-12-2024 14:18
PROD0575,CAT0771,BR0790,Top,L,White,14103,80,Polyester,18-11-2024 21:09
PROD0576,CAT0421,BR1000,Sunglasses,XXL,Black,3577,131,Linen,31-05-2024 05:07
PROD0577,CAT0267,BR0336,Dress,XL,Blue,12718,124,Cotton,24-08-2024 05:06
PROD0578,CAT0051,BR0026,Bag,XXL,Green,4752,76,Linen,21-06-2024 15:10
PROD0579,CAT0995,BR0595,Sneakers,S,Blue,9911,96,Silk,28-01-2025 10:48
PROD0580,CAT0699,BR0886,Sneakers,XXL,Brown,14551,110,Silk,06-07-2025 21:44
PROD0581,CAT0421,BR0052,Dress,L,Green,5602,3,Wool,15-05-2024 06:03
PROD0582,CAT0810,BR0954,Sneakers,M,Pink,12233,125,Wool,18-06-2024 16:08
PROD0583,CAT0454,BR0349,Top,XS,Grey,10409,196,Denim,03-10-2024 02:51
PROD0584,CAT0988,BR0227,Shoes,XL,Blue,14231,33,Polyester,29-11-2023 08:33
PROD0585,CAT0878,BR0802,Dress,M,Pink,12793,200,Polyester,03-06-2024 03:11
PROD0586,CAT0875,BR0649,Shirt,L,Yellow,9776,13,Cotton,04-02-2025 07:30
PROD0587,CAT0407,BR0648,Dress,XL,Yellow,7800,13,Cotton,11-05-2025 00:05
PROD0588,CAT0712,BR0955,Watch,L,Black,6419,30,Polyester,18-09-2025 03:30
PROD0589,CAT0156,BR0302,Shirt,L,Pink,15975,177,Leather,18-06-2025 07:49
PROD0590,CAT0486,BR0319,Kurta,S,Yellow,2506,99,Cotton,04-06-2025 23:22
PROD0591,CAT0107,BR0081,Shirt,M,Red,3324,95,Wool,27-05-2024 23:58
PROD0592,CAT0516,BR0835,Sneakers,XL,Brown,13022,15,Cotton,26-10-2024 06:16
PROD0593,CAT0779,BR0927,Top,XS,Red,15851,150,Linen,18-05-2024 19:10
PROD0594,CAT0406,BR0493,Sunglasses,L,Brown,4489,50,Wool,20-12-2024 04:00
PROD0595,CAT0082,BR0178,Bag,XL,Yellow,14851,3,Wool,26-04-2025 19:43
PROD0596,CAT0280,BR0457,Shirt,XXL,Pink,8921,42,Leather,16-04-2024 08:30
PROD0597,CAT0832,BR0436,Jeans,S,Red,5694,13,Polyester,18-06-2025 05:17
PROD0598,CAT0542,BR0258,Shoes,XXL,Grey,11511,58,Silk,19-12-2024 23:19
PROD0599,CAT0355,BR0714,Bag,XXL,Pink,17742,12,Silk,19-12-2023 12:11
PROD0600,CAT0568,BR0359,Sweater,XXL,Black,12374,67,Linen,18-05-2025 05:49
PROD0601,CAT0180,BR0318,Shirt,XS,Brown,7920,128,Denim,06-09-2025 15:18
PROD0602,CAT0900,BR0260,Dress,M,Blue,1330,173,Silk,20-03-2024 06:57
PROD0603,CAT0261,BR0313,Watch,M,Green,15609,86,Leather,17-01-2025 20:37
PROD0604,CAT0150,BR0891,Shoes,XS,Red,4885,49,Polyester,17-11-2023 23:58
PROD0605,CAT0958,BR0731,Saree,M,Brown,16397,174,Linen,19-02-2024 21:00
PROD0606,CAT0752,BR0836,Jeans,L,Grey,13346,195,Polyester,05-12-2024 21:31
PROD0607,CAT0249,BR0681,Sneakers,XXL,Black,16332,43,Cotton,05-03-2025 13:05
PROD0608,CAT0197,BR0889,Sweater,XL,Brown,12735,175,Polyester,06-07-2024 20:33
PROD0609,CAT0840,BR0075,Saree,M,Blue,18089,15,Wool,27-03-2024 10:06
PROD0610,CAT0868,BR0069,Bag,L,White,1666,65,Denim,20-03-2024 00:43
PROD0611,CAT0732,BR0651,Shoes,XS,Pink,7821,83,Leather,09-06-2024 12:13
PROD0612,CAT0559,BR0516,Sweater,S,Green,7818,84,Wool,03-05-2024 07:46
PROD0613,CAT0236,BR0903,Sneakers,XS,Blue,3702,131,Cotton,03-04-2025 02:37
PROD0614,CAT0733,BR0894,Kurta,L,Grey,16852,73,Linen,02-09-2024 06:06
PROD0615,CAT0927,BR0069,Sweater,L,Yellow,5944,71,Denim,15-05-2024 09:01
PROD0616,CAT0261,BR0939,Watch,M,Green,8881,109,Cotton,15-05-2024 10:20
PROD0617,CAT0846,BR0545,Shoes,XL,Yellow,2461,121,Linen,22-05-2025 02:01
PROD0618,CAT0635,BR0223,Saree,XXL,Brown,3811,3,Leather,06-10-2024 02:11
PROD0619,CAT0703,BR0667,Jacket,XXL,Yellow,8194,164,Linen,18-07-2025 01:36
PROD0620,CAT0127,BR0151,Top,L,Brown,17093,169,Denim,08-01-2024 06:18
PROD0621,CAT0896,BR0552,Sunglasses,L,Pink,19512,135,Linen,23-07-2025 05:54
PROD0622,CAT0796,BR0159,Jacket,XXL,Blue,10329,80,Silk,20-03-2024 08:42
PROD0623,CAT0593,BR0720,Shirt,L,Red,9286,115,Leather,02-02-2024 07:33
PROD0624,CAT0141,BR0260,Kurta,S,Blue,3234,186,Linen,13-03-2024 22:48
PROD0625,CAT0554,BR0766,Kurta,XXL,Green,6035,68,Polyester,08-01-2025 10:25
PROD0626,CAT0927,BR0209,Sweater,XL,White,19711,115,Polyester,05-08-2024 22:22
PROD0627,CAT0534,BR0242,Shoes,XL,Red,5246,28,Leather,28-06-2024 04:27
PROD0628,CAT0676,BR0563,Saree,XS,Pink,5448,145,Polyester,01-04-2025 17:41
PROD0629,CAT0177,BR0530,Sweater,XL,Blue,19242,142,Polyester,22-06-2025 03:21
PROD0630,CAT0172,BR0150,Jeans,XS,Red,788,47,Polyester,19-11-2024 12:02
PROD0631,CAT0180,BR0911,T-Shirt,XS,Red,17405,98,Silk,26-03-2024 12:52
PROD0632,CAT0445,BR0389,Jeans,XS,Blue,16943,161,Linen,07-01-2024 12:56
PROD0633,CAT0688,BR0889,Top,XXL,Grey,12956,31,Cotton,03-07-2024 13:41
PROD0634,CAT0561,BR0086,Sweater,M,White,12511,98,Wool,02-02-2025 03:12
PROD0635,CAT0096,BR0296,T-Shirt,XXL,White,18421,74,Denim,21-02-2025 22:55
PROD0636,CAT0666,BR0250,Watch,XS,Brown,1852,123,Denim,24-07-2024 17:37
PROD0637,CAT0432,BR0802,Jacket,XL,Black,6689,80,Denim,16-02-2024 18:31
PROD0638,CAT0419,BR0888,Bag,M,Red,1442,0,Polyester,16-03-2024 13:42
PROD0639,CAT0751,BR0792,T-Shirt,L,Pink,6276,0,Denim,16-01-2024 12:55
PROD0640,CAT0837,BR0836,Sneakers,M,Pink,14637,19,Denim,04-06-2025 11:42
PROD0641,CAT0021,BR0925,Sunglasses,XS,Pink,14483,171,Silk,23-05-2024 04:11
PROD0642,CAT0433,BR0276,Jeans,XS,Blue,13177,94,Denim,07-09-2025 07:01
PROD0643,CAT0889,BR0089,Sunglasses,XS,White,9546,0,Wool,24-08-2024 23:24
PROD0644,CAT0458,BR0555,Dress,XS,Pink,19681,68,Wool,04-02-2025 21:41
PROD0645,CAT0634,BR0481,T-Shirt,XL,Blue,12335,197,Linen,17-01-2024 01:24
PROD0646,CAT0779,BR0200,Kurta,L,Brown,6929,75,Linen,01-07-2025 10:35
PROD0647,CAT0145,BR0387,Top,XXL,Pink,5520,99,Linen,26-02-2025 13:43
PROD0648,CAT0471,BR0804,T-Shirt,XL,White,17992,110,Linen,14-07-2024 08:24
PROD0649,CAT0569,BR0533,Watch,XL,Red,15782,135,Leather,28-03-2024 15:14
PROD0650,CAT0677,BR0657,Saree,XL,Red,12230,7,Denim,18-04-2024 05:01
PROD0651,CAT0823,BR0606,Kurta,S,Yellow,15161,19,Linen,03-04-2025 21:10
PROD0652,CAT0466,BR0919,Kurta,XS,White,4445,5,Cotton,02-01-2024 20:03
PROD0653,CAT0136,BR0442,Sunglasses,M,Grey,17404,147,Linen,14-06-2025 22:50
PROD0654,CAT0851,BR0894,Shirt,L,Blue,10219,20,Linen,20-09-2025 16:45
PROD0655,CAT0876,BR0006,Jacket,XL,Yellow,4861,18,Wool,30-08-2024 10:18
PROD0656,CAT0473,BR0370,Dress,XL,Yellow,4159,117,Silk,03-09-2024 14:19
PROD0657,CAT0468,BR0298,Sunglasses,XS,Black,16299,75,Silk,22-10-2023 10:48
PROD0658,CAT0617,BR0190,Jacket,XS,Red,18054,172,Wool,01-03-2025 09:12
PROD0659,CAT0855,BR0661,Top,S,Green,3311,155,Leather,27-02-2024 00:21
PROD0660,CAT0607,BR0413,Shirt,L,Green,6100,41,Polyester,30-07-2024 06:04
PROD0661,CAT0618,BR0966,Saree,M,Brown,19555,19,Silk,19-06-2024 05:08
PROD0662,CAT0055,BR0831,Sunglasses,M,Yellow,9029,33,Cotton,19-04-2024 05:46
PROD0663,CAT0844,BR0567,Dress,XXL,Green,12517,124,Wool,11-12-2024 04:33
PROD0664,CAT0856,BR0047,Dress,L,Brown,4442,0,Wool,11-05-2024 17:09
PROD0665,CAT0592,BR0145,Shirt,M,Grey,301,181,Linen,13-02-2024 02:52
PROD0666,CAT0019,BR0961,Sunglasses,XS,Red,13384,56,Leather,07-05-2025 00:53
PROD0667,CAT0921,BR0351,Kurta,M,Blue,15352,43,Polyester,21-02-2024 22:15
PROD0668,CAT0848,BR0140,Sneakers,L,Black,16785,41,Linen,09-03-2025 22:02
PROD0669,CAT0626,BR0336,Sunglasses,M,Blue,2214,22,Silk,11-01-2025 02:15
PROD0670,CAT0533,BR0668,Sweater,XL,Black,5572,176,Denim,02-01-2024 08:44
PROD0671,CAT0735,BR0464,Shoes,XS,Black,14052,18,Silk,17-09-2024 10:20
PROD0672,CAT0965,BR0957,Top,M,Blue,16076,16,Cotton,19-02-2025 15:59
PROD0673,CAT0806,BR0360,Top,XXL,Blue,3297,29,Linen,21-06-2024 22:31
PROD0674,CAT0381,BR0999,T-Shirt,XL,Black,15498,27,Wool,08-02-2025 12:41
PROD0675,CAT0673,BR0089,Dress,S,Pink,2949,191,Cotton,25-09-2025 08:32
PROD0676,CAT0762,BR0372,Shoes,L,Blue,18961,34,Polyester,10-03-2025 20:00
PROD0677,CAT0045,BR0034,Saree,XS,Pink,19752,80,Leather,15-04-2025 05:46
PROD0678,CAT0016,BR0005,Saree,M,Red,16820,146,Wool,09-05-2025 18:27
PROD0679,CAT0320,BR0576,Sunglasses,M,Green,7738,165,Polyester,11-10-2023 09:35
PROD0680,CAT0817,BR0582,Top,L,Pink,19734,142,Linen,03-08-2024 23:50
PROD0681,CAT0219,BR0886,Sweater,L,Yellow,4609,152,Denim,01-02-2024 11:42
PROD0682,CAT0286,BR0980,Saree,XS,Pink,3186,159,Wool,15-11-2023 07:28
PROD0683,CAT0739,BR0528,Shirt,L,White,10486,137,Cotton,10-09-2024 21:00
PROD0684,CAT0219,BR0924,Jacket,XXL,Red,1463,66,Denim,21-06-2024 11:38
PROD0685,CAT0047,BR0158,Dress,XL,Pink,7567,175,Polyester,11-03-2025 03:29
PROD0686,CAT0071,BR0480,Sneakers,S,Yellow,14647,65,Linen,20-04-2024 11:30
PROD0687,CAT0783,BR0903,Sweater,S,Yellow,5260,107,Linen,07-05-2024 21:11
PROD0688,CAT0062,BR0416,Sweater,M,Brown,14567,9,Leather,19-04-2025 12:15
PROD0689,CAT0440,BR0459,Shoes,XL,Brown,7477,183,Denim,01-02-2024 11:11
PROD0690,CAT0913,BR0307,Top,XL,White,18229,77,Polyester,15-08-2024 22:10
PROD0691,CAT0326,BR0820,Shoes,L,Green,13600,35,Linen,25-04-2025 20:43
PROD0692,CAT0049,BR0339,Dress,XS,Grey,14859,70,Leather,14-11-2023 00:14
PROD0693,CAT0052,BR0403,Dress,L,Yellow,11848,20,Denim,27-02-2025 02:51
PROD0694,CAT0984,BR0407,Shirt,S,Black,618,152,Cotton,13-04-2024 21:39
PROD0695,CAT0554,BR0960,Dress,M,Red,1692,126,Leather,11-08-2025 15:35
PROD0696,CAT0717,BR0317,Sunglasses,XS,Red,7953,25,Cotton,25-02-2024 02:56
PROD0697,CAT0103,BR0474,Jacket,XL,Pink,3404,153,Leather,25-04-2024 17:40
PROD0698,CAT0020,BR0146,Dress,M,Grey,13048,13,Leather,05-09-2025 21:37
PROD0699,CAT0720,BR0182,Shirt,XXL,Blue,13607,183,Linen,01-09-2024 18:39
PROD0700,CAT0380,BR0942,Shoes,M,Green,3024,174,Polyester,13-02-2024 10:50
PROD0701,CAT0001,BR0915,Jeans,XXL,Black,6271,112,Denim,22-05-2025 10:48
PROD0702,CAT0804,BR0813,Bag,M,Blue,646,40,Wool,08-01-2024 21:41
PROD0703,CAT0428,BR0778,Jacket,XXL,Blue,2886,81,Cotton,17-01-2025 13:14
PROD0704,CAT0346,BR0220,Sweater,XXL,Black,11671,167,Leather,17-11-2023 14:44
PROD0705,CAT0703,BR0603,Sneakers,L,Yellow,1348,112,Denim,01-02-2024 10:26
PROD0706,CAT0045,BR0979,Sweater,L,Red,14814,180,Polyester,11-08-2024 04:17
PROD0707,CAT0865,BR0133,Saree,XL,Brown,1922,90,Leather,10-10-2023 06:54
PROD0708,CAT0761,BR0605,Watch,M,Blue,7856,170,Wool,22-09-2024 04:07
PROD0709,CAT0850,BR0068,T-Shirt,XS,Pink,9732,173,Linen,24-01-2024 08:41
PROD0710,CAT0222,BR0994,Sneakers,XXL,Blue,6960,176,Linen,06-10-2023 23:03
PROD0711,CAT0122,BR0004,Sneakers,M,Black,1329,54,Silk,20-11-2024 17:38
PROD0712,CAT0047,BR0519,Bag,XXL,Green,2410,18,Linen,07-02-2024 16:18
PROD0713,CAT0308,BR0642,Bag,XS,White,11336,157,Linen,07-11-2024 02:38
PROD0714,CAT0914,BR0179,Top,M,Yellow,8283,95,Leather,08-03-2025 04:05
PROD0715,CAT0581,BR0349,Shirt,XS,Yellow,13011,18,Cotton,28-11-2023 15:01
PROD0716,CAT0061,BR0418,Saree,XL,Blue,929,101,Linen,23-08-2025 23:51
PROD0717,CAT0439,BR0966,Sweater,XL,Blue,2714,139,Silk,27-05-2025 18:07
PROD0718,CAT0735,BR0450,Saree,M,Blue,8217,122,Linen,29-04-2024 20:17
PROD0719,CAT0274,BR0712,Watch,S,White,6651,145,Wool,12-03-2024 14:24
PROD0720,CAT0296,BR0315,Bag,XXL,Yellow,7673,5,Cotton,15-07-2024 07:00
PROD0721,CAT0403,BR0503,Saree,L,Black,11250,83,Cotton,07-12-2023 22:23
PROD0722,CAT0224,BR0165,Watch,M,Blue,2688,126,Polyester,01-12-2023 18:50
PROD0723,CAT0389,BR0321,Sneakers,S,Pink,6317,73,Cotton,05-12-2024 01:51
PROD0724,CAT0471,BR0551,Sneakers,S,Blue,6420,169,Linen,04-06-2024 14:01
PROD0725,CAT0720,BR0798,Shirt,S,White,10383,84,Wool,10-08-2025 01:26
PROD0726,CAT0098,BR0072,T-Shirt,XXL,Blue,19020,10,Leather,07-10-2023 04:15
PROD0727,CAT0917,BR0914,Kurta,XXL,Blue,11970,62,Cotton,25-01-2024 00:28
PROD0728,CAT0653,BR0783,Top,XL,Pink,17025,64,Polyester,13-09-2024 09:10
PROD0729,CAT0015,BR0156,Jeans,XS,Pink,13164,113,Polyester,11-02-2024 03:28
PROD0730,CAT0814,BR0140,Bag,XS,Green,11261,116,Denim,08-04-2024 01:37
PROD0731,CAT0773,BR0898,Bag,XL,Brown,15083,82,Wool,05-01-2024 22:02
PROD0732,CAT0580,BR0882,Shirt,XS,Black,19745,188,Linen,08-10-2024 22:08
PROD0733,CAT0790,BR0434,Sneakers,S,Pink,1821,59,Wool,11-09-2024 14:14
PROD0734,CAT0247,BR0430,Watch,S,Blue,4935,117,Denim,18-10-2024 21:21
PROD0735,CAT0363,BR0534,Shirt,XS,Green,15436,118,Cotton,21-08-2025 09:04
PROD0736,CAT0712,BR0611,Shirt,XS,Grey,4053,23,Wool,17-08-2025 21:53
PROD0737,CAT0353,BR0863,Shirt,S,Brown,500,46,Polyester,03-09-2025 19:08
PROD0738,CAT0442,BR0718,Shirt,XS,Black,2512,90,Linen,16-08-2024 20:00
PROD0739,CAT0805,BR0128,Top,XL,Grey,440,175,Denim,12-03-2024 17:54
PROD0740,CAT0580,BR0097,Kurta,XS,Red,16786,111,Polyester,05-08-2024 02:41
PROD0741,CAT0549,BR0381,Dress,XL,Brown,2972,186,Linen,30-01-2024 05:49
PROD0742,CAT0902,BR0321,Bag,XXL,Grey,15715,42,Leather,05-06-2025 23:38
PROD0743,CAT0708,BR0097,Kurta,XL,Brown,1756,181,Cotton,26-03-2025 03:55
PROD0744,CAT0769,BR0792,Dress,S,Grey,17830,195,Wool,06-03-2024 07:30
PROD0745,CAT0717,BR0619,Sweater,S,Red,18240,96,Linen,15-11-2023 23:33
PROD0746,CAT0966,BR0159,Top,XL,Grey,5948,130,Denim,07-07-2024 17:00
PROD0747,CAT0340,BR0985,Sneakers,XS,Red,17139,35,Polyester,06-08-2025 17:14
PROD0748,CAT0740,BR0773,Saree,S,Blue,2068,45,Linen,25-04-2025 11:31
PROD0749,CAT0219,BR0630,Sneakers,XL,Black,7792,34,Leather,28-08-2025 03:43
PROD0750,CAT0969,BR0160,T-Shirt,M,Red,9390,71,Silk,21-07-2024 13:58
PROD0751,CAT0286,BR0671,Shoes,XXL,Black,17499,191,Cotton,22-12-2023 05:29
PROD0752,CAT0068,BR0432,Dress,XL,White,634,172,Polyester,01-11-2023 10:41
PROD0753,CAT0754,BR0643,Sunglasses,XS,Black,1483,162,Polyester,22-05-2024 03:25
PROD0754,CAT0052,BR0284,Sunglasses,XXL,Black,7476,33,Polyester,08-04-2025 14:43
PROD0755,CAT0735,BR0450,Saree,M,Black,3682,62,Denim,22-05-2025 20:02
PROD0756,CAT0736,BR0199,T-Shirt,S,Brown,3365,106,Denim,05-11-2023 07:23
PROD0757,CAT0908,BR0049,Kurta,M,Pink,6756,0,Leather,05-09-2025 01:48
PROD0758,CAT0845,BR0059,Dress,XXL,White,14716,116,Silk,16-07-2025 02:37
PROD0759,CAT0365,BR0408,Bag,XS,Brown,7648,33,Wool,16-11-2023 11:14
PROD0760,CAT0073,BR0701,T-Shirt,XXL,Black,19902,22,Silk,28-06-2024 15:47
PROD0761,CAT0700,BR0905,Sweater,XXL,Red,15690,76,Silk,05-03-2024 19:42
PROD0762,CAT0886,BR0623,T-Shirt,S,Brown,7448,30,Wool,12-10-2024 03:02
PROD0763,CAT0030,BR0270,Shoes,XXL,Brown,9340,17,Linen,14-12-2023 10:15
PROD0764,CAT0397,BR0402,Shirt,S,Red,6952,30,Silk,22-03-2025 09:33
PROD0765,CAT0499,BR0015,Top,XS,Yellow,13599,142,Denim,06-12-2023 12:32
PROD0766,CAT0993,BR0862,Kurta,L,Grey,1629,98,Polyester,13-02-2025 21:51
PROD0767,CAT0718,BR0404,Shirt,XS,Brown,13201,92,Denim,09-10-2024 11:01
PROD0768,CAT0062,BR0311,Bag,M,Green,10146,167,Cotton,25-08-2024 03:19
PROD0769,CAT0452,BR0989,Kurta,L,White,10332,154,Wool,23-09-2025 23:46
PROD0770,CAT0194,BR0735,Shoes,XL,Pink,11565,2,Denim,05-09-2025 03:08
PROD0771,CAT0663,BR0620,Kurta,S,Grey,6518,33,Wool,03-02-2024 09:49
PROD0772,CAT0173,BR0395,Shirt,L,Red,3198,75,Polyester,29-01-2025 12:04
PROD0773,CAT0262,BR0222,Jacket,L,Black,11556,167,Linen,17-04-2024 05:49
PROD0774,CAT0713,BR0329,Sneakers,XXL,Black,3623,173,Linen,23-12-2023 07:47
PROD0775,CAT0871,BR0526,Watch,XS,Brown,16454,152,Leather,15-10-2023 19:13
PROD0776,CAT0633,BR0101,Sunglasses,XL,Pink,5133,163,Polyester,30-05-2024 21:34
PROD0777,CAT0742,BR0319,Sweater,XXL,Red,19986,146,Leather,07-04-2024 07:35
PROD0778,CAT0390,BR0270,Shoes,S,Brown,11402,61,Polyester,28-03-2024 01:32
PROD0779,CAT0738,BR0989,Sneakers,L,Black,12281,170,Cotton,24-06-2024 03:19
PROD0780,CAT0374,BR0545,Shoes,S,White,8843,51,Wool,03-04-2025 02:04
PROD0781,CAT0036,BR0829,Sunglasses,S,Red,2878,180,Wool,09-09-2025 03:35
PROD0782,CAT0375,BR0869,Watch,XL,Grey,13592,7,Denim,04-11-2024 00:16
PROD0783,CAT0737,BR0274,Dress,L,Pink,18771,172,Denim,27-10-2023 13:28
PROD0784,CAT0512,BR0339,Jacket,L,Pink,19529,182,Leather,20-08-2024 06:58
PROD0785,CAT0817,BR0275,Sunglasses,XXL,Yellow,6832,92,Polyester,06-05-2025 16:02
PROD0786,CAT0448,BR0380,Bag,L,Green,13178,98,Leather,25-11-2023 09:42
PROD0787,CAT0609,BR0796,Top,L,Red,14419,53,Denim,27-06-2025 01:33
PROD0788,CAT0130,BR0081,Shirt,M,Green,12422,5,Linen,06-09-2024 21:23
PROD0789,CAT0715,BR0931,T-Shirt,XL,Yellow,10338,130,Cotton,18-02-2024 08:26
PROD0790,CAT0835,BR0350,Shirt,L,Black,10887,95,Linen,06-11-2023 18:38
PROD0791,CAT0391,BR0407,Sneakers,L,Black,3997,61,Cotton,28-12-2024 21:38
PROD0792,CAT0465,BR0891,Sneakers,S,White,12356,198,Leather,09-07-2024 13:53
PROD0793,CAT0603,BR0122,Sneakers,S,Pink,4315,73,Cotton,05-06-2025 18:40
PROD0794,CAT0684,BR0977,Sneakers,XXL,Brown,19420,50,Polyester,06-11-2024 17:38
PROD0795,CAT0812,BR0919,Shirt,L,Red,10163,198,Denim,24-12-2023 11:13
PROD0796,CAT0908,BR0317,Shoes,XXL,Blue,15137,145,Silk,26-11-2023 09:03
PROD0797,CAT0226,BR0674,Jacket,L,White,3716,174,Cotton,09-09-2024 19:38
PROD0798,CAT0031,BR0547,Watch,XXL,Red,16542,135,Wool,05-11-2023 04:17
PROD0799,CAT0365,BR0942,Shirt,S,Red,2901,94,Leather,28-06-2025 22:17
PROD0800,CAT0563,BR0458,Jeans,XL,Green,10731,40,Polyester,18-03-2024 14:06
PROD0801,CAT0372,BR0836,Watch,M,Black,14486,129,Wool,19-02-2025 14:16
PROD0802,CAT0472,BR0266,Sneakers,XXL,Grey,1892,28,Silk,03-05-2024 14:20
PROD0803,CAT0199,BR0659,Shirt,XXL,Blue,17635,105,Wool,16-02-2025 05:01
PROD0804,CAT0350,BR0897,Sunglasses,S,White,14872,118,Silk,26-07-2024 22:58
PROD0805,CAT0136,BR0592,Kurta,L,Yellow,13627,48,Polyester,06-12-2024 18:49
PROD0806,CAT0480,BR0004,Jeans,M,Blue,1828,195,Leather,21-06-2024 17:51
PROD0807,CAT0718,BR0366,Sweater,S,Grey,17896,16,Cotton,05-01-2024 10:32
PROD0808,CAT0950,BR0959,Dress,M,Brown,1795,9,Cotton,12-06-2024 11:35
PROD0809,CAT0943,BR0156,Saree,XXL,Black,4495,16,Denim,26-08-2025 23:58
PROD0810,CAT0191,BR0328,Saree,XXL,White,4229,108,Cotton,14-02-2025 20:54
PROD0811,CAT0619,BR0309,Shoes,XL,Red,7430,195,Silk,28-10-2024 14:12
PROD0812,CAT0542,BR0826,Watch,XXL,Red,16499,42,Cotton,28-04-2024 22:29
PROD0813,CAT0204,BR0125,Shoes,L,Yellow,11803,181,Polyester,26-03-2024 03:45
PROD0814,CAT0531,BR0795,Kurta,S,Blue,19991,165,Polyester,17-04-2025 23:01
PROD0815,CAT0590,BR0744,Watch,L,White,11571,32,Leather,18-08-2025 16:25
PROD0816,CAT0383,BR0990,Bag,M,White,7988,37,Polyester,17-07-2024 12:08
PROD0817,CAT0155,BR0656,Sunglasses,L,White,6529,133,Linen,22-10-2024 05:34
PROD0818,CAT0623,BR0179,T-Shirt,M,Yellow,15821,176,Leather,13-08-2025 17:14
PROD0819,CAT0849,BR0916,Jacket,S,Yellow,7689,33,Polyester,19-07-2025 20:56
PROD0820,CAT0434,BR0438,Jeans,XL,Yellow,1438,120,Silk,05-04-2024 00:17
PROD0821,CAT0094,BR0930,T-Shirt,XL,Grey,1792,130,Polyester,15-04-2025 18:57
PROD0822,CAT0399,BR0622,Saree,XS,Brown,5490,51,Silk,12-05-2025 18:09
PROD0823,CAT0040,BR0102,T-Shirt,L,Red,5410,101,Cotton,12-02-2025 03:05
PROD0824,CAT0363,BR0661,Sweater,XL,White,18593,173,Linen,17-11-2023 05:06
PROD0825,CAT0648,BR0985,Shirt,XXL,Red,16454,170,Wool,17-02-2025 18:12
PROD0826,CAT0863,BR0646,Kurta,XXL,Green,17802,66,Wool,11-08-2024 07:44
PROD0827,CAT0413,BR0490,Shoes,M,Grey,8906,33,Polyester,23-06-2025 13:09
PROD0828,CAT0215,BR0994,Shoes,XXL,Black,4941,41,Leather,20-07-2025 09:58
PROD0829,CAT0521,BR0018,Watch,XS,Green,8615,39,Denim,19-08-2024 13:35
PROD0830,CAT0574,BR0687,Sweater,XXL,Black,6333,45,Leather,07-03-2025 00:13
PROD0831,CAT0982,BR0363,Kurta,XS,Pink,6297,158,Denim,05-09-2025 03:36
PROD0832,CAT0217,BR0381,Watch,XS,Pink,8237,162,Wool,17-06-2025 08:27
PROD0833,CAT0740,BR0491,Sweater,S,Red,4059,136,Cotton,22-05-2024 21:00
PROD0834,CAT0279,BR0407,Watch,L,Green,3725,60,Cotton,12-06-2024 05:40
PROD0835,CAT0498,BR0686,Dress,S,Brown,10290,197,Cotton,19-01-2024 20:47
PROD0836,CAT0669,BR0576,Dress,S,Blue,2650,56,Wool,06-06-2025 09:14
PROD0837,CAT0395,BR0179,Kurta,XXL,Blue,16969,200,Denim,02-01-2024 22:09
PROD0838,CAT0680,BR0409,Shoes,XL,Grey,12272,98,Cotton,13-05-2025 12:23
PROD0839,CAT0322,BR0749,Sneakers,L,Blue,12146,81,Denim,21-08-2025 07:03
PROD0840,CAT0583,BR0075,Jacket,S,Red,12368,22,Silk,13-09-2025 01:55
PROD0841,CAT0738,BR0275,Jeans,XS,Yellow,11111,109,Denim,05-05-2024 16:02
PROD0842,CAT0018,BR0584,Watch,XS,Pink,19712,54,Linen,26-04-2025 06:54
PROD0843,CAT0329,BR0462,Top,L,Yellow,6357,15,Silk,18-01-2025 04:44
PROD0844,CAT0823,BR0001,Jacket,S,Blue,8610,43,Silk,01-09-2024 17:53
PROD0845,CAT1000,BR0163,Watch,XS,Red,16557,24,Polyester,06-12-2023 20:06
PROD0846,CAT0747,BR0678,Jeans,S,Green,2701,51,Linen,16-01-2025 07:10
PROD0847,CAT0250,BR0770,Sunglasses,L,Pink,15463,136,Linen,04-10-2024 05:23
PROD0848,CAT0663,BR0465,Kurta,XS,Brown,15850,55,Cotton,28-05-2025 18:48
PROD0849,CAT0169,BR0437,Saree,L,White,2918,154,Wool,01-10-2024 23:50
PROD0850,CAT0190,BR0136,Saree,XXL,Pink,1227,117,Denim,03-04-2024 16:40
PROD0851,CAT0713,BR0591,Top,XL,Grey,18148,107,Denim,02-02-2025 07:56
PROD0852,CAT0243,BR0861,Watch,S,Green,6952,29,Linen,17-12-2024 01:51
PROD0853,CAT0094,BR0646,Jacket,L,Yellow,10417,48,Cotton,02-11-2024 20:25
PROD0854,CAT0977,BR0525,Watch,XXL,Yellow,6253,59,Cotton,24-05-2025 04:47
PROD0855,CAT0149,BR0047,Shirt,XS,Red,11833,6,Wool,03-09-2024 20:42
PROD0856,CAT0358,BR0498,Jacket,L,Green,9566,144,Leather,22-09-2024 02:52
PROD0857,CAT0468,BR0819,Sneakers,L,Blue,1936,0,Polyester,15-04-2024 17:54
PROD0858,CAT0431,BR0992,Top,L,Pink,10332,79,Linen,06-06-2025 01:48
PROD0859,CAT0682,BR0781,Kurta,L,Pink,10056,146,Silk,27-08-2024 12:27
PROD0860,CAT0608,BR0461,Sneakers,XS,Pink,6896,98,Denim,04-05-2025 04:50
PROD0861,CAT0437,BR0708,T-Shirt,M,Yellow,1382,5,Silk,08-03-2025 09:52
PROD0862,CAT0251,BR0362,Dress,XXL,White,15709,50,Cotton,15-07-2025 18:38
PROD0863,CAT0603,BR0757,Kurta,M,Pink,6410,118,Silk,26-11-2024 05:40
PROD0864,CAT0081,BR0113,Watch,XL,Yellow,4800,145,Leather,08-11-2023 22:18
PROD0865,CAT0390,BR0229,Dress,S,Blue,12455,151,Silk,14-01-2024 16:51
PROD0866,CAT0737,BR0009,Shirt,M,Yellow,3908,41,Linen,01-04-2024 04:34
PROD0867,CAT0165,BR0474,Kurta,XXL,White,14277,76,Polyester,06-02-2024 09:08
PROD0868,CAT0081,BR0874,Dress,XL,Green,17487,158,Wool,10-03-2024 17:37
PROD0869,CAT0574,BR0861,Bag,M,Pink,11725,72,Silk,07-01-2025 20:28
PROD0870,CAT0674,BR0446,Shoes,M,Yellow,8876,74,Leather,12-07-2024 03:01
PROD0871,CAT0227,BR0315,Sunglasses,M,Red,10305,156,Cotton,30-04-2024 13:53
PROD0872,CAT0406,BR0584,Bag,XL,White,8244,180,Wool,06-04-2025 02:38
PROD0873,CAT0265,BR0283,Bag,L,Green,7719,147,Denim,27-01-2024 02:04
PROD0874,CAT0899,BR0420,Sneakers,XS,Brown,18694,43,Polyester,19-07-2024 05:58
PROD0875,CAT0230,BR0049,Bag,M,Brown,14066,32,Linen,30-11-2023 17:54
PROD0876,CAT0741,BR0489,Sunglasses,S,Brown,17417,149,Wool,22-07-2025 17:51
PROD0877,CAT0957,BR0277,Jeans,S,Black,3695,2,Wool,16-07-2024 09:45
PROD0878,CAT0585,BR0457,Shirt,XS,Black,4073,122,Wool,13-06-2024 14:11
PROD0879,CAT0045,BR0491,Dress,M,Brown,11694,49,Denim,28-06-2024 22:46
PROD0880,CAT0646,BR0727,Jacket,L,Yellow,11332,120,Wool,11-10-2024 11:36
PROD0881,CAT0600,BR0136,Sweater,S,Blue,8309,2,Cotton,26-10-2024 05:46
PROD0882,CAT0310,BR0285,Bag,L,Green,12801,16,Polyester,05-05-2025 19:49
PROD0883,CAT0741,BR0626,Shoes,XL,Blue,1197,36,Leather,28-07-2024 21:24
PROD0884,CAT0896,BR0365,Jeans,S,Red,6985,187,Wool,15-09-2024 01:23
PROD0885,CAT0473,BR0342,Sweater,L,Yellow,17626,180,Linen,30-10-2023 02:55
PROD0886,CAT0402,BR0195,Dress,XL,Yellow,15745,0,Linen,21-02-2024 10:56
PROD0887,CAT0963,BR0441,Jacket,XS,White,2553,66,Leather,06-04-2025 00:40
PROD0888,CAT0370,BR0566,Sneakers,S,Green,11023,101,Silk,25-11-2024 23:02
PROD0889,CAT0227,BR0087,Jeans,S,Brown,18346,94,Cotton,27-12-2024 18:47
PROD0890,CAT0907,BR0210,Sneakers,S,White,13649,40,Leather,05-03-2024 00:35
PROD0891,CAT0759,BR0139,T-Shirt,S,White,10458,117,Denim,29-12-2023 12:25
PROD0892,CAT0188,BR0272,Kurta,S,Red,913,77,Polyester,27-10-2023 20:18
PROD0893,CAT0680,BR0462,Sunglasses,XL,Pink,16829,189,Leather,18-09-2024 16:31
PROD0894,CAT0691,BR0821,Watch,L,Brown,1218,8,Linen,26-03-2025 15:19
PROD0895,CAT0811,BR0924,Watch,M,Black,18947,71,Silk,11-02-2025 05:02
PROD0896,CAT0772,BR0597,T-Shirt,S,Red,16267,112,Denim,17-01-2024 06:36
PROD0897,CAT0066,BR0477,Sneakers,S,Blue,10199,53,Wool,22-10-2023 01:04
PROD0898,CAT0327,BR0060,Shirt,S,Brown,12313,12,Polyester,31-07-2025 13:25
PROD0899,CAT0166,BR0835,Top,XL,Green,14132,100,Denim,20-07-2024 13:33
PROD0900,CAT0186,BR0460,Jacket,M,Black,6819,51,Polyester,03-05-2025 08:51
PROD0901,CAT0533,BR0157,Bag,S,Blue,4766,4,Polyester,23-04-2025 19:27
PROD0902,CAT0339,BR0411,Bag,XS,White,6998,2,Polyester,12-06-2025 05:05
PROD0903,CAT0023,BR0225,Shoes,M,Pink,15650,112,Cotton,07-05-2025 21:01
PROD0904,CAT0752,BR0709,Jeans,XXL,Pink,15251,93,Wool,25-02-2025 05:11
PROD0905,CAT0011,BR0449,Sweater,L,Black,15975,156,Linen,07-01-2024 10:52
PROD0906,CAT0356,BR0769,Sweater,M,White,2156,44,Denim,25-09-2025 14:45
PROD0907,CAT0658,BR0380,Shoes,XS,Red,5970,59,Leather,06-12-2024 14:34
PROD0908,CAT0596,BR0570,Jacket,M,Grey,5891,60,Cotton,12-11-2023 20:18
PROD0909,CAT0222,BR0278,Sunglasses,S,Blue,4463,138,Denim,11-09-2025 10:27
PROD0910,CAT0470,BR0070,Jacket,XL,Blue,3277,116,Leather,23-08-2024 10:50
PROD0911,CAT0167,BR0981,Shirt,XXL,Black,9890,13,Denim,01-07-2024 08:09
PROD0912,CAT0060,BR0450,Sweater,XXL,Pink,8785,169,Linen,15-10-2023 15:37
PROD0913,CAT0474,BR0748,Jacket,XS,Grey,16526,82,Wool,04-09-2024 15:46
PROD0914,CAT0267,BR0424,Jeans,XL,Black,8941,12,Silk,07-04-2024 16:45
PROD0915,CAT0369,BR0656,Top,S,Brown,14741,39,Wool,29-04-2024 13:00
PROD0916,CAT0694,BR0481,Watch,S,Yellow,16873,16,Polyester,22-10-2024 01:27
PROD0917,CAT0160,BR0325,Bag,XS,Yellow,12924,100,Wool,28-06-2024 12:39
PROD0918,CAT0547,BR0289,Sunglasses,M,Brown,5131,63,Silk,24-03-2024 16:49
PROD0919,CAT0256,BR0643,Shoes,L,Red,6404,25,Polyester,21-07-2024 09:40
PROD0920,CAT0087,BR0089,T-Shirt,XS,Brown,15304,131,Cotton,05-10-2024 18:11
PROD0921,CAT0242,BR0714,Dress,XXL,Brown,13929,190,Linen,16-09-2024 17:11
PROD0922,CAT0052,BR0686,Jeans,L,Blue,16183,74,Leather,26-10-2023 20:37
PROD0923,CAT0037,BR0818,Watch,S,Black,11851,26,Linen,29-10-2023 01:07
PROD0924,CAT0995,BR0635,Bag,M,Yellow,6139,153,Denim,09-02-2024 13:57
PROD0925,CAT0753,BR0908,Jacket,XS,Grey,3643,44,Polyester,24-04-2025 15:08
PROD0926,CAT0146,BR0928,Saree,L,Green,8484,56,Linen,24-12-2024 12:12
PROD0927,CAT0466,BR0187,Shirt,XS,Yellow,9778,38,Polyester,02-09-2024 18:29
PROD0928,CAT0116,BR0385,Shirt,L,Yellow,8841,151,Leather,20-01-2024 19:55
PROD0929,CAT0392,BR0871,Shoes,S,Blue,17980,50,Polyester,21-12-2023 02:43
PROD0930,CAT1000,BR0297,Sneakers,M,Grey,906,78,Linen,24-09-2025 18:24
PROD0931,CAT0861,BR0532,Saree,XL,Yellow,684,69,Silk,08-01-2024 18:37
PROD0932,CAT0022,BR0824,Shirt,XS,Yellow,12670,196,Linen,18-09-2024 10:06
PROD0933,CAT0701,BR0358,Jeans,XL,Yellow,6508,174,Silk,18-07-2024 19:06
PROD0934,CAT0509,BR0264,Bag,XXL,Black,13317,109,Leather,10-07-2025 01:36
PROD0935,CAT0674,BR0215,Shirt,XL,Yellow,13869,59,Denim,16-10-2024 11:35
PROD0936,CAT0190,BR0464,Saree,L,Yellow,5886,40,Denim,16-03-2025 08:02
PROD0937,CAT0581,BR0158,T-Shirt,L,Red,13386,89,Linen,02-12-2024 13:35
PROD0938,CAT0086,BR0146,Jacket,XL,Black,1210,167,Denim,30-05-2025 00:24
PROD0939,CAT0587,BR0743,Shirt,S,Green,4134,18,Denim,06-09-2025 01:53
PROD0940,CAT0947,BR0886,Jacket,L,White,1677,38,Linen,07-02-2025 17:27
PROD0941,CAT0326,BR0324,Jacket,XXL,Pink,7921,111,Polyester,21-12-2023 12:18
PROD0942,CAT0475,BR0685,Sunglasses,S,Pink,5947,159,Leather,19-09-2025 10:02
PROD0943,CAT0304,BR0681,Jacket,S,Blue,14438,96,Cotton,04-01-2024 17:58
PROD0944,CAT0344,BR0680,Sneakers,XL,Brown,1186,165,Leather,22-08-2024 18:25
PROD0945,CAT0565,BR0348,Jeans,S,White,3805,57,Leather,25-02-2024 23:42
PROD0946,CAT0552,BR0779,Sweater,XS,Blue,9232,146,Linen,20-02-2024 16:55
PROD0947,CAT0873,BR0872,Shoes,XXL,Black,2404,164,Cotton,15-09-2024 08:03
PROD0948,CAT0182,BR0871,Shirt,XS,Black,2799,95,Leather,20-04-2024 20:56
PROD0949,CAT0304,BR0524,Watch,XS,Yellow,17939,39,Wool,13-06-2025 10:48
PROD0950,CAT0446,BR0557,Kurta,XL,Grey,13455,76,Cotton,01-03-2025 13:50
PROD0951,CAT0107,BR0782,Bag,XS,Brown,11005,67,Linen,17-04-2024 21:17
PROD0952,CAT0551,BR0060,Kurta,M,Green,4676,172,Cotton,14-08-2024 07:57
PROD0953,CAT0044,BR0814,Kurta,S,Brown,16612,113,Leather,16-09-2024 03:35
PROD0954,CAT0538,BR0492,Shoes,M,Brown,11024,198,Leather,06-01-2024 14:50
PROD0955,CAT0983,BR0398,Watch,L,Green,13384,191,Denim,19-10-2023 13:26
PROD0956,CAT0794,BR0764,Jeans,XL,Pink,4536,55,Denim,03-12-2023 10:15
PROD0957,CAT0675,BR0185,Jeans,XL,Black,14590,37,Polyester,01-11-2024 15:08
PROD0958,CAT0077,BR0198,Shirt,XS,Green,2395,11,Denim,21-06-2025 01:19
PROD0959,CAT0168,BR0627,Sneakers,XL,White,3995,72,Leather,14-01-2025 03:40
PROD0960,CAT0498,BR0961,Top,XL,Red,3250,120,Wool,03-04-2024 21:07
PROD0961,CAT0630,BR0458,Shirt,L,Green,19153,176,Linen,08-11-2024 06:09
PROD0962,CAT0099,BR0668,Shirt,XL,White,3933,188,Linen,11-09-2025 13:06
PROD0963,CAT0021,BR0059,Shoes,L,Pink,13729,5,Leather,18-05-2024 13:15
PROD0964,CAT0705,BR0764,Shirt,XXL,Blue,2344,1,Denim,29-06-2024 03:54
PROD0965,CAT0959,BR0202,Sunglasses,S,Brown,11331,49,Linen,27-08-2024 21:28
PROD0966,CAT0406,BR0194,Sweater,XS,Blue,10843,161,Cotton,13-01-2025 19:38
PROD0967,CAT0335,BR0830,Shirt,M,White,17649,60,Linen,30-09-2025 17:50
PROD0968,CAT0727,BR0002,Dress,XL,Black,13994,157,Polyester,11-09-2025 07:55
PROD0969,CAT0676,BR0798,Bag,XL,Blue,2254,115,Silk,20-06-2024 13:07
PROD0970,CAT0547,BR0715,Kurta,S,Grey,14591,62,Wool,07-02-2025 05:45
PROD0971,CAT0233,BR0182,Sweater,XL,White,16736,156,Silk,20-10-2024 04:04
PROD0972,CAT0690,BR0809,Shoes,S,Grey,13653,191,Cotton,04-04-2024 02:36
PROD0973,CAT0518,BR0345,Watch,XS,Brown,13488,45,Silk,28-05-2024 00:50
PROD0974,CAT0466,BR0108,Shoes,L,Brown,10284,198,Cotton,16-01-2024 10:07
PROD0975,CAT0001,BR0997,Jeans,S,Black,16875,40,Polyester,25-10-2023 16:12
PROD0976,CAT0922,BR0232,Sunglasses,XL,Black,3548,172,Linen,08-07-2025 13:27
PROD0977,CAT0870,BR0521,Sunglasses,S,Yellow,6422,118,Leather,27-11-2024 06:40
PROD0978,CAT0615,BR0746,Sweater,XS,Brown,15926,83,Leather,10-02-2025 00:13
PROD0979,CAT0961,BR0783,Sunglasses,XXL,Blue,13605,123,Silk,12-05-2025 07:35
PROD0980,CAT0395,BR0098,Watch,XS,Pink,12431,148,Polyester,05-07-2025 02:15
PROD0981,CAT0007,BR0651,Top,XL,Red,9029,63,Wool,11-05-2024 21:19
PROD0982,CAT0077,BR0637,Shirt,L,Grey,13726,29,Silk,27-10-2024 23:31
PROD0983,CAT0941,BR0516,Sunglasses,XS,Yellow,19745,107,Linen,09-01-2024 10:44
PROD0984,CAT0874,BR0547,Watch,S,Brown,10094,89,Leather,25-11-2023 13:59
PROD0985,CAT0510,BR0183,Sunglasses,XXL,Blue,5237,179,Silk,29-03-2024 16:26
PROD0986,CAT0386,BR0378,Sunglasses,L,Brown,12898,195,Polyester,05-07-2025 01:58
PROD0987,CAT0627,BR0891,Dress,XL,Red,4833,82,Silk,18-06-2025 00:54
PROD0988,CAT0210,BR0316,Bag,XL,Black,11553,83,Polyester,24-03-2024 08:16
PROD0989,CAT0617,BR0280,Watch,L,Blue,14860,188,Denim,26-10-2023 10:34
PROD0990,CAT0908,BR0140,Bag,XL,Blue,14883,68,Leather,11-02-2024 17:11
PROD0991,CAT0487,BR0147,Jacket,XL,Pink,14162,151,Denim,15-10-2023 21:41
PROD0992,CAT0065,BR0783,Saree,XL,Pink,16173,5,Linen,14-10-2023 22:08
PROD0993,CAT0004,BR0567,Jacket,XL,Grey,10359,175,Leather,20-03-2024 15:50
PROD0994,CAT0510,BR0262,Top,M,Green,13591,70,Cotton,16-09-2025 14:41
PROD0995,CAT0977,BR0522,Shoes,XL,Brown,10204,28,Silk,06-11-2023 21:12
PROD0996,CAT0474,BR0249,Sneakers,L,Brown,11551,52,Silk,26-02-2025 07:39
PROD0997,CAT0751,BR0596,Top,XL,Red,12778,74,Wool,14-01-2024 20:29
PROD0998,CAT0599,BR0547,T-Shirt,M,Green,10655,2,Wool,06-12-2024 13:34
PROD0999,CAT0620,BR0171,Watch,XXL,Brown,13226,2,Denim,13-07-2025 16:18
PROD1000,CAT0989,BR0176,Jeans,XS,Black,13357,35,Silk,09-10-2024 13:05
