SalesID,OrderID,ProductID,BrandID,Quantity,Discount,NetPrice,Tax,TotalSale,Currency,SalesChannel,SalesRegion
SAL1,ORD0779,PROD0188,BR0001,3,32,9914,504.26,10419,INR,Online,North
SAL2,ORD0332,PROD0081,BR0002,3,11,1703,201.89,1905,INR,Offline,East
SAL3,ORD0702,PROD0082,BR0003,1,9,430,59.63,490,INR,Online,North
SAL4,ORD0741,PROD0909,BR0004,2,19,5275,515.1,5790,INR,Offline,North
SAL5,ORD0408,PROD0283,BR0005,3,39,8017,544.16,8561,INR,Online,North
SAL6,ORD0890,PROD0910,BR0006,2,26,5364,359.94,5723,INR,Offline,East
SAL7,ORD0666,PROD0758,BR0007,1,22,858,61.99,920,INR,Offline,East
SAL8,ORD0283,PROD0175,BR0008,1,46,1178,119.92,1298,INR,Offline,East
SAL9,ORD0300,PROD0753,BR0009,3,12,4871,252.02,5123,INR,Offline,West
SAL10,ORD0146,PROD0924,BR0010,1,13,4219,429.15,4648,INR,Online,West
SAL11,ORD0051,PROD0815,BR0011,1,21,1917,206.81,2123,INR,Online,South
SAL12,ORD0138,PROD0411,BR0012,2,17,1524,223.09,1747,INR,Offline,North
SAL13,ORD0636,PROD0650,BR0013,2,6,671,65.4,737,INR,Online,West
SAL14,ORD0509,PROD0624,BR0014,2,1,2738,356.71,3095,INR,Offline,North
SAL15,ORD0586,PROD0134,BR0015,1,35,829,58.15,888,INR,Offline,South
SAL16,ORD0244,PROD0233,BR0016,3,36,2924,317.26,3241,INR,Online,East
SAL17,ORD0590,PROD0663,BR0017,1,37,2649,249.65,2898,INR,Online,North
SAL18,ORD0352,PROD0549,BR0018,3,20,8033,1248.07,9281,INR,Online,West
SAL19,ORD0863,PROD0217,BR0019,3,5,11212,972.24,12184,INR,Online,North
SAL20,ORD0926,PROD0807,BR0020,2,29,4314,385.46,4699,INR,Online,East
SAL21,ORD0937,PROD0188,BR0021,2,29,6955,1095.26,8050,INR,Offline,South
SAL22,ORD0395,PROD0134,BR0022,2,33,1277,217.52,1495,INR,Online,North
SAL23,ORD0183,PROD0308,BR0023,3,46,6720,728.68,7448,INR,Offline,West
SAL24,ORD0492,PROD0176,BR0024,2,12,4810,637.8,5448,INR,Online,East
SAL25,ORD0881,PROD0312,BR0025,3,33,8217,940.04,9157,INR,Offline,East
SAL26,ORD0488,PROD0113,BR0026,2,48,3771,537.11,4308,INR,Offline,South
SAL27,ORD0916,PROD0531,BR0027,3,10,1760,228.39,1989,INR,Online,South
SAL28,ORD0277,PROD0951,BR0028,3,41,802,71.03,873,INR,Offline,West
SAL29,ORD0596,PROD0885,BR0029,2,40,857,46.25,903,INR,Online,East
SAL30,ORD0010,PROD0616,BR0030,1,44,2090,200.77,2291,INR,Online,West
SAL31,ORD0426,PROD0131,BR0031,2,25,2511,250.23,2761,INR,Online,South
SAL32,ORD0375,PROD0268,BR0032,3,2,4583,360.75,4944,INR,Online,North
SAL33,ORD0610,PROD0779,BR0033,1,40,1499,264.82,1764,INR,Online,East
SAL34,ORD0152,PROD0478,BR0034,1,45,654,42.39,697,INR,Offline,South
SAL35,ORD0840,PROD0187,BR0035,2,4,5462,456.77,5919,INR,Offline,West
SAL36,ORD0586,PROD0993,BR0036,1,40,236,13.84,250,INR,Offline,South
SAL37,ORD0941,PROD0626,BR0037,1,21,1644,212.74,1857,INR,Offline,West
SAL38,ORD0821,PROD0314,BR0038,1,36,1020,122.37,1142,INR,Online,East
SAL39,ORD0632,PROD0428,BR0039,3,44,6221,700.3,6921,INR,Offline,North
SAL40,ORD0362,PROD0256,BR0040,3,50,693,49.86,743,INR,Offline,South
SAL41,ORD0760,PROD0309,BR0041,2,25,3352,309.03,3662,INR,Online,South
SAL42,ORD0147,PROD0620,BR0042,3,36,826,45.35,871,INR,Online,West
SAL43,ORD0308,PROD0863,BR0043,2,4,6970,1131.91,8102,INR,Offline,East
SAL44,ORD0150,PROD0463,BR0044,3,15,10975,1750.15,12725,INR,Offline,East
SAL45,ORD0267,PROD0675,BR0045,1,11,2338,311.82,2650,INR,Online,West
SAL46,ORD0635,PROD0505,BR0046,3,46,2391,338.8,2730,INR,Online,West
SAL47,ORD0454,PROD0974,BR0047,2,36,3190,252.64,3442,INR,Online,East
SAL48,ORD0979,PROD0237,BR0048,3,37,6762,355.02,7117,INR,Offline,South
SAL49,ORD0758,PROD0797,BR0049,3,50,2700,482.96,3183,INR,Offline,South
SAL50,ORD0526,PROD0481,BR0050,3,21,5029,550.02,5579,INR,Online,North
SAL51,ORD0914,PROD0227,BR0051,1,30,323,25.89,349,INR,Offline,South
SAL52,ORD0645,PROD0920,BR0052,3,3,5835,428.85,6263,INR,Online,West
SAL53,ORD0318,PROD0104,BR0053,1,18,1270,188.7,1459,INR,Offline,North
SAL54,ORD0649,PROD0584,BR0054,3,12,8886,1269.8,10156,INR,Offline,South
SAL55,ORD0057,PROD0248,BR0055,1,2,3078,283.64,3362,INR,Online,West
SAL56,ORD0050,PROD0129,BR0056,1,20,1105,69,1174,INR,Online,West
SAL57,ORD0726,PROD0092,BR0057,2,20,5152,615.47,5767,INR,Offline,North
SAL58,ORD0824,PROD0602,BR0058,2,17,1208,84.29,1293,INR,Offline,East
SAL59,ORD0403,PROD0313,BR0059,1,37,595,77.72,672,INR,Offline,East
SAL60,ORD0877,PROD0090,BR0060,1,14,2517,292.98,2810,INR,Online,West
SAL61,ORD0790,PROD0530,BR0061,1,15,889,139.5,1029,INR,Offline,North
SAL62,ORD0358,PROD0733,BR0062,3,46,3447,480.96,3928,INR,Offline,North
SAL63,ORD0632,PROD0731,BR0063,2,21,1898,265.59,2163,INR,Offline,East
SAL64,ORD0509,PROD0973,BR0064,1,27,2564,394.11,2959,INR,Online,South
SAL65,ORD0285,PROD0420,BR0065,1,50,221,23.42,244,INR,Offline,South
SAL66,ORD0866,PROD0873,BR0066,1,42,2723,265.2,2988,INR,Offline,South
SAL67,ORD0324,PROD0135,BR0067,1,29,217,23.17,240,INR,Online,East
SAL68,ORD0043,PROD0297,BR0068,1,20,598,77.15,676,INR,Offline,East
SAL69,ORD0684,PROD0668,BR0069,2,29,5606,919.66,6526,INR,Offline,South
SAL70,ORD0703,PROD0221,BR0070,3,1,11167,1883.66,13051,INR,Online,North
SAL71,ORD0112,PROD0046,BR0071,1,48,1368,202.49,1570,INR,Online,North
SAL72,ORD0751,PROD0222,BR0072,3,31,3142,496.6,3639,INR,Online,South
SAL73,ORD0040,PROD0288,BR0073,2,24,1882,323.62,2205,INR,Online,West
SAL74,ORD0991,PROD0521,BR0074,2,46,5063,485.04,5548,INR,Offline,West
SAL75,ORD0954,PROD0611,BR0075,1,40,1903,103.83,2006,INR,Offline,East
SAL76,ORD0410,PROD0777,BR0076,3,48,7321,518.63,7840,INR,Offline,South
SAL77,ORD0537,PROD0036,BR0077,1,9,3845,549.37,4394,INR,Online,North
SAL78,ORD0742,PROD0654,BR0078,3,43,2084,285.45,2370,INR,Offline,West
SAL79,ORD0159,PROD0648,BR0079,1,13,3525,337.44,3863,INR,Offline,North
SAL80,ORD0478,PROD0529,BR0080,1,34,353,27.84,381,INR,Offline,West
SAL81,ORD0976,PROD0906,BR0081,3,23,11471,727.53,12199,INR,Offline,East
SAL82,ORD0291,PROD0623,BR0082,3,26,4382,482,4864,INR,Online,East
SAL83,ORD0397,PROD0493,BR0083,2,2,9647,1666.02,11313,INR,Offline,West
SAL84,ORD0461,PROD0382,BR0084,1,21,3869,577.09,4446,INR,Online,North
SAL85,ORD0436,PROD0312,BR0085,2,2,7509,718.15,8227,INR,Offline,West
SAL86,ORD0213,PROD0311,BR0086,1,32,702,39.54,741,INR,Offline,South
SAL87,ORD0603,PROD0955,BR0087,1,46,234,12.68,247,INR,Offline,East
SAL88,ORD0439,PROD0340,BR0088,1,49,1156,128.41,1285,INR,Offline,West
SAL89,ORD0814,PROD0248,BR0089,1,6,1822,180.73,2002,INR,Offline,North
SAL90,ORD0607,PROD0802,BR0090,1,6,3483,342.19,3825,INR,Offline,South
SAL91,ORD0013,PROD0873,BR0091,1,16,1240,169.14,1409,INR,Online,East
SAL92,ORD0979,PROD0838,BR0092,2,20,4896,259.93,5156,INR,Online,East
SAL93,ORD0303,PROD0605,BR0093,1,47,2361,339.04,2700,INR,Online,West
SAL94,ORD0412,PROD0647,BR0094,2,33,3002,349.09,3351,INR,Online,East
SAL95,ORD0387,PROD0100,BR0095,2,0,4114,313.84,4428,INR,Offline,South
SAL96,ORD0539,PROD0226,BR0096,3,1,2334,125.8,2460,INR,Online,East
SAL97,ORD0229,PROD0321,BR0097,1,39,1718,295.09,2013,INR,Online,West
SAL98,ORD0709,PROD0998,BR0098,3,6,7267,776.85,8044,INR,Offline,East
SAL99,ORD0278,PROD0424,BR0099,2,32,2108,275.08,2383,INR,Online,East
SAL100,ORD0103,PROD0535,BR0100,3,10,9161,631.07,9792,INR,Online,West
SAL101,ORD0797,PROD0336,BR0101,3,3,10508,531.11,11039,INR,Online,South
SAL102,ORD0039,PROD0133,BR0102,1,2,2597,255.54,2853,INR,Offline,West
SAL103,ORD0874,PROD0869,BR0103,1,23,1394,84.01,1478,INR,Offline,North
SAL104,ORD0846,PROD0269,BR0104,1,40,2719,194.6,2913,INR,Online,East
SAL105,ORD0072,PROD0423,BR0105,2,2,7513,1068.7,8581,INR,Online,South
SAL106,ORD0223,PROD0594,BR0106,1,33,2878,350.96,3229,INR,Offline,West
SAL107,ORD0651,PROD0629,BR0107,1,24,3694,568.77,4263,INR,Offline,North
SAL108,ORD0335,PROD0144,BR0108,2,39,4272,393,4665,INR,Offline,East
SAL109,ORD0311,PROD0160,BR0109,1,10,1336,205.69,1542,INR,Offline,South
SAL110,ORD0258,PROD0550,BR0110,3,12,9288,1338.74,10626,INR,Online,West
SAL111,ORD0241,PROD0474,BR0111,1,23,2124,117.7,2242,INR,Online,North
SAL112,ORD0936,PROD0546,BR0112,1,24,1177,162.78,1340,INR,Online,East
SAL113,ORD0807,PROD0125,BR0113,3,42,4065,506.41,4571,INR,Online,West
SAL114,ORD0088,PROD0026,BR0114,2,50,4020,612.79,4633,INR,Online,North
SAL115,ORD0835,PROD0595,BR0115,3,46,2146,195.32,2342,INR,Offline,South
SAL116,ORD0910,PROD0312,BR0116,3,26,9506,1167.59,10674,INR,Online,East
SAL117,ORD0065,PROD0993,BR0117,1,16,1768,106.45,1875,INR,Online,South
SAL118,ORD0774,PROD0072,BR0118,3,7,3206,553.64,3759,INR,Online,East
SAL119,ORD0010,PROD0972,BR0119,2,44,1123,158.96,1282,INR,Online,East
SAL120,ORD0652,PROD0119,BR0120,2,19,515,46.64,562,INR,Online,East
SAL121,ORD0425,PROD0002,BR0121,3,50,3826,215.09,4042,INR,Offline,West
SAL122,ORD0103,PROD0304,BR0122,3,29,9421,1115.95,10537,INR,Online,North
SAL123,ORD0203,PROD0108,BR0123,2,48,3325,559.76,3885,INR,Offline,East
SAL124,ORD0486,PROD0129,BR0124,1,20,3239,440.47,3680,INR,Offline,East
SAL125,ORD0810,PROD0056,BR0125,2,1,4936,389.57,5326,INR,Offline,East
SAL126,ORD0265,PROD0634,BR0126,3,28,9940,501.81,10442,INR,Online,South
SAL127,ORD0624,PROD0110,BR0127,3,25,4889,719.76,5609,INR,Offline,North
SAL128,ORD0191,PROD0836,BR0128,3,19,8780,519.8,9299,INR,Offline,North
SAL129,ORD0230,PROD0172,BR0129,2,22,6229,500.73,6730,INR,Online,North
SAL130,ORD0357,PROD0501,BR0130,2,5,4326,601.82,4928,INR,Online,North
SAL131,ORD0028,PROD0547,BR0131,3,41,6418,598.14,7016,INR,Offline,North
SAL132,ORD0170,PROD0330,BR0132,1,2,3474,349.16,3823,INR,Offline,North
SAL133,ORD0063,PROD0288,BR0133,2,33,3591,366.31,3958,INR,Offline,West
SAL134,ORD0794,PROD0651,BR0134,3,37,8600,733.63,9333,INR,Offline,North
SAL135,ORD0479,PROD0013,BR0135,3,25,5216,808.69,6024,INR,Online,North
SAL136,ORD0944,PROD0914,BR0136,2,0,8276,1224.47,9500,INR,Offline,West
SAL137,ORD0973,PROD0979,BR0137,1,20,3389,422.37,3811,INR,Offline,South
SAL138,ORD0829,PROD0207,BR0138,1,33,2638,167.34,2806,INR,Online,West
SAL139,ORD0110,PROD0588,BR0139,3,3,10959,1962.23,12921,INR,Offline,North
SAL140,ORD0175,PROD0945,BR0140,1,18,2046,180.42,2226,INR,Offline,East
SAL141,ORD0870,PROD0607,BR0141,2,17,6585,523.98,7109,INR,Online,East
SAL142,ORD0680,PROD0579,BR0142,3,44,6107,1040.17,7147,INR,Offline,South
SAL143,ORD0235,PROD0582,BR0143,1,49,2158,298.63,2457,INR,Online,South
SAL144,ORD0369,PROD0250,BR0144,1,19,610,79.43,689,INR,Online,West
SAL145,ORD0642,PROD0414,BR0145,2,46,2220,222.42,2443,INR,Online,West
SAL146,ORD0664,PROD0852,BR0146,2,6,4189,750.93,4940,INR,Online,East
SAL147,ORD0782,PROD0438,BR0147,3,17,3902,452.04,4354,INR,Online,South
SAL148,ORD0812,PROD0765,BR0148,3,33,6348,627.74,6975,INR,Offline,South
SAL149,ORD0856,PROD0637,BR0149,1,42,2451,381.22,2832,INR,Offline,North
SAL150,ORD0268,PROD0719,BR0150,1,17,1890,236.14,2126,INR,Online,West
SAL151,ORD0940,PROD0624,BR0151,2,2,7658,811.37,8469,INR,Offline,East
SAL152,ORD0573,PROD0657,BR0152,1,14,3623,569.63,4193,INR,Offline,South
SAL153,ORD0122,PROD0902,BR0153,3,24,2950,199.77,3150,INR,Online,West
SAL154,ORD0715,PROD0831,BR0154,3,39,8903,662.71,9566,INR,Offline,East
SAL155,ORD0403,PROD0310,BR0155,2,37,2531,302.66,2834,INR,Offline,North
SAL156,ORD0105,PROD0962,BR0156,2,23,4595,520.1,5115,INR,Online,South
SAL157,ORD0257,PROD0678,BR0157,1,44,2349,373.88,2723,INR,Online,West
SAL158,ORD0408,PROD0977,BR0158,3,23,3548,326.01,3874,INR,Online,East
SAL159,ORD0025,PROD0637,BR0159,1,3,3385,172.38,3558,INR,Online,North
SAL160,ORD0684,PROD0790,BR0160,3,5,2146,335.51,2482,INR,Offline,North
SAL161,ORD0426,PROD0073,BR0161,3,12,10732,1320.42,12052,INR,Offline,North
SAL162,ORD0143,PROD0971,BR0162,1,0,2192,122.96,2315,INR,Online,South
SAL163,ORD0544,PROD0875,BR0163,2,36,4320,566.72,4887,INR,Offline,West
SAL164,ORD0131,PROD0202,BR0164,3,4,6008,348.31,6356,INR,Offline,North
SAL165,ORD0506,PROD0693,BR0165,2,40,2768,495.38,3264,INR,Offline,East
SAL166,ORD0743,PROD0430,BR0166,1,8,1319,235.38,1555,INR,Online,South
SAL167,ORD0022,PROD0421,BR0167,1,33,649,93.74,742,INR,Offline,East
SAL168,ORD0125,PROD0493,BR0168,2,40,980,129.28,1110,INR,Online,North
SAL169,ORD0160,PROD0195,BR0169,2,48,2542,165.54,2707,INR,Offline,South
SAL170,ORD0434,PROD0519,BR0170,1,40,1737,224.48,1961,INR,Online,West
SAL171,ORD0868,PROD0474,BR0171,2,0,5086,807.44,5893,INR,Online,South
SAL172,ORD0801,PROD0592,BR0172,3,45,1409,175.16,1584,INR,Online,South
SAL173,ORD0352,PROD0144,BR0173,3,40,2740,423.69,3163,INR,Offline,North
SAL174,ORD0180,PROD0390,BR0174,3,29,4833,608.05,5441,INR,Offline,South
SAL175,ORD0959,PROD0191,BR0175,2,39,2214,230.03,2444,INR,Offline,East
SAL176,ORD0309,PROD0701,BR0176,3,48,4025,704.29,4729,INR,Offline,West
SAL177,ORD0520,PROD0116,BR0177,1,19,736,111.78,848,INR,Online,South
SAL178,ORD0048,PROD0437,BR0178,2,38,619,87.85,707,INR,Online,East
SAL179,ORD0576,PROD0512,BR0179,2,21,1575,143.73,1719,INR,Offline,North
SAL180,ORD0790,PROD0656,BR0180,2,49,1700,191.45,1892,INR,Offline,North
SAL181,ORD0176,PROD0945,BR0181,2,44,1234,86.09,1320,INR,Offline,West
SAL182,ORD0977,PROD0242,BR0182,2,7,3121,323.4,3444,INR,Offline,West
SAL183,ORD0743,PROD0024,BR0183,1,12,1315,121.11,1436,INR,Offline,North
SAL184,ORD0549,PROD0816,BR0184,1,39,1058,96.87,1155,INR,Offline,West
SAL185,ORD0789,PROD0233,BR0185,3,50,6045,751.17,6796,INR,Offline,West
SAL186,ORD0874,PROD0593,BR0186,2,4,6021,742.78,6764,INR,Online,East
SAL187,ORD0738,PROD0463,BR0187,2,4,1918,111.96,2030,INR,Online,West
SAL188,ORD0987,PROD0945,BR0188,2,13,691,98.34,789,INR,Offline,South
SAL189,ORD0985,PROD0364,BR0189,2,27,5976,379.64,6355,INR,Online,East
SAL190,ORD0971,PROD0569,BR0190,2,13,2807,216.22,3023,INR,Online,North
SAL191,ORD0371,PROD0408,BR0191,1,47,298,51.59,349,INR,Online,South
SAL192,ORD0644,PROD0259,BR0192,3,8,13458,1567.37,15025,INR,Online,South
SAL193,ORD0819,PROD0114,BR0193,1,43,2373,339.63,2713,INR,Online,North
SAL194,ORD0176,PROD0652,BR0194,2,45,2398,252.94,2651,INR,Offline,East
SAL195,ORD0558,PROD0358,BR0195,1,0,1806,201.1,2007,INR,Online,North
SAL196,ORD0632,PROD0460,BR0196,1,18,3943,267.72,4210,INR,Offline,East
SAL197,ORD0850,PROD0690,BR0197,1,43,2210,316.41,2527,INR,Offline,West
SAL198,ORD0781,PROD0910,BR0198,1,20,2832,165.98,2998,INR,Offline,East
SAL199,ORD0340,PROD0094,BR0199,3,1,1363,237.76,1601,INR,Online,North
SAL200,ORD0526,PROD0118,BR0200,3,44,4680,561.23,5242,INR,Offline,South
SAL201,ORD0132,PROD0440,BR0201,1,44,1122,63.03,1185,INR,Online,West
SAL202,ORD0011,PROD0463,BR0202,1,15,1153,105.91,1259,INR,Online,South
SAL203,ORD0003,PROD0723,BR0203,1,43,1439,98.6,1538,INR,Offline,South
SAL204,ORD0468,PROD0339,BR0204,1,27,904,135.47,1040,INR,Online,North
SAL205,ORD0886,PROD0621,BR0205,1,45,2037,206.84,2244,INR,Online,West
SAL206,ORD0861,PROD0922,BR0206,2,35,4495,500.17,4996,INR,Offline,North
SAL207,ORD0255,PROD0212,BR0207,1,23,1834,158.1,1992,INR,Offline,North
SAL208,ORD0966,PROD0020,BR0208,2,27,1628,164.13,1792,INR,Offline,North
SAL209,ORD0032,PROD0703,BR0209,3,18,6529,995.92,7525,INR,Offline,North
SAL210,ORD0103,PROD0338,BR0210,3,31,2231,229.7,2461,INR,Online,West
SAL211,ORD0851,PROD0710,BR0211,1,0,4524,571.04,5095,INR,Offline,North
SAL212,ORD0122,PROD0368,BR0212,1,1,2874,388.12,3262,INR,Offline,West
SAL213,ORD0102,PROD0749,BR0213,3,7,5295,491.87,5787,INR,Online,East
SAL214,ORD0382,PROD0164,BR0214,3,44,3869,275.26,4144,INR,Online,East
SAL215,ORD0516,PROD0858,BR0215,3,29,4007,537.8,4544,INR,Offline,South
SAL216,ORD0359,PROD0944,BR0216,2,44,861,138.33,1000,INR,Offline,West
SAL217,ORD0415,PROD0179,BR0217,2,38,2387,232.34,2619,INR,Online,North
SAL218,ORD0119,PROD0937,BR0218,2,20,2565,234.72,2800,INR,Offline,South
SAL219,ORD0475,PROD0457,BR0219,3,35,9262,1111.31,10374,INR,Offline,North
SAL220,ORD0227,PROD0085,BR0220,2,34,3383,427.57,3811,INR,Online,North
SAL221,ORD0261,PROD0931,BR0221,2,32,6353,323.4,6676,INR,Offline,North
SAL222,ORD0857,PROD0557,BR0222,2,19,1380,217.37,1598,INR,Online,South
SAL223,ORD0624,PROD0915,BR0223,1,44,1856,172.04,2028,INR,Offline,East
SAL224,ORD0611,PROD0901,BR0224,1,20,536,78.12,614,INR,Offline,West
SAL225,ORD0454,PROD0329,BR0225,2,38,5409,697.45,6106,INR,Online,North
SAL226,ORD0697,PROD0193,BR0226,2,14,8241,431.65,8672,INR,Offline,East
SAL227,ORD0479,PROD0422,BR0227,1,16,3294,303.98,3598,INR,Online,North
SAL228,ORD0399,PROD0001,BR0228,3,22,11627,2044.54,13672,INR,Offline,North
SAL229,ORD0818,PROD0775,BR0229,1,42,1830,312.34,2142,INR,Online,South
SAL230,ORD0120,PROD0796,BR0230,1,24,1482,210.76,1693,INR,Offline,North
SAL231,ORD0008,PROD0938,BR0231,3,17,4738,519.36,5258,INR,Online,South
SAL232,ORD0688,PROD0520,BR0232,3,37,8558,1114.8,9673,INR,Online,North
SAL233,ORD0704,PROD0943,BR0233,2,24,3952,661.27,4613,INR,Online,South
SAL234,ORD0749,PROD0858,BR0234,3,36,8112,1337.68,9450,INR,Online,West
SAL235,ORD0108,PROD0649,BR0235,2,3,6842,1153.68,7996,INR,Online,South
SAL236,ORD0534,PROD0694,BR0236,2,33,6340,874.61,7214,INR,Online,East
SAL237,ORD0752,PROD0659,BR0237,3,25,10114,1179.55,11293,INR,Online,East
SAL238,ORD0795,PROD0241,BR0238,3,25,9290,1305.91,10596,INR,Online,North
SAL239,ORD0661,PROD0005,BR0239,2,31,3095,391.13,3486,INR,Offline,East
SAL240,ORD0321,PROD0474,BR0240,3,19,5757,495.21,6252,INR,Online,West
SAL241,ORD0413,PROD0596,BR0241,1,8,3487,349.13,3836,INR,Offline,East
SAL242,ORD0670,PROD0238,BR0242,2,22,6243,1118.5,7362,INR,Online,West
SAL243,ORD0032,PROD0960,BR0243,3,15,6176,582.5,6759,INR,Online,East
SAL244,ORD0978,PROD0642,BR0244,3,47,7870,448.97,8319,INR,Offline,East
SAL245,ORD0519,PROD0876,BR0245,2,32,5426,804.86,6231,INR,Offline,East
SAL246,ORD0427,PROD0682,BR0246,3,24,2029,227.28,2256,INR,Offline,South
SAL247,ORD0314,PROD0694,BR0247,1,44,2410,186.47,2597,INR,Offline,North
SAL248,ORD0826,PROD0704,BR0248,2,24,6253,389.01,6642,INR,Online,East
SAL249,ORD0674,PROD0027,BR0249,3,31,664,77.09,742,INR,Online,West
SAL250,ORD0598,PROD0161,BR0250,1,12,1639,234.34,1873,INR,Offline,East
SAL251,ORD0014,PROD0242,BR0251,1,37,2298,290.55,2589,INR,Offline,South
SAL252,ORD0977,PROD0568,BR0252,2,46,706,52.51,759,INR,Online,South
SAL253,ORD0953,PROD0842,BR0253,3,20,8438,636.46,9075,INR,Offline,South
SAL254,ORD0322,PROD0712,BR0254,3,7,8401,731,9132,INR,Offline,South
SAL255,ORD0269,PROD0609,BR0255,3,12,1951,132.97,2084,INR,Online,South
SAL256,ORD0275,PROD0494,BR0256,2,18,1497,157.38,1655,INR,Offline,North
SAL257,ORD0600,PROD0249,BR0257,3,20,7738,757.19,8495,INR,Offline,North
SAL258,ORD0936,PROD0153,BR0258,1,26,470,30.43,500,INR,Offline,North
SAL259,ORD0200,PROD0429,BR0259,2,50,2474,239.63,2714,INR,Offline,West
SAL260,ORD0819,PROD0402,BR0260,1,6,1514,184.19,1699,INR,Online,North
SAL261,ORD0980,PROD0651,BR0261,1,43,2401,348.64,2749,INR,Online,West
SAL262,ORD0333,PROD0031,BR0262,2,6,6804,1141.64,7945,INR,Online,South
SAL263,ORD0929,PROD0555,BR0263,3,41,3965,564.23,4529,INR,Online,East
SAL264,ORD0396,PROD0304,BR0264,2,35,4854,681.27,5535,INR,Online,North
SAL265,ORD0960,PROD0263,BR0265,2,20,5325,827.83,6153,INR,Offline,East
SAL266,ORD0053,PROD0130,BR0266,2,45,2242,209.09,2451,INR,Online,West
SAL267,ORD0511,PROD0499,BR0267,3,50,4278,334.24,4612,INR,Online,West
SAL268,ORD0420,PROD0879,BR0268,1,16,676,93.44,770,INR,Offline,North
SAL269,ORD0030,PROD0533,BR0269,1,25,1725,213.08,1938,INR,Online,West
SAL270,ORD0912,PROD0952,BR0270,3,11,1180,204.29,1384,INR,Online,South
SAL271,ORD0064,PROD0578,BR0271,2,21,5321,734.09,6056,INR,Offline,North
SAL272,ORD0469,PROD0792,BR0272,3,27,1323,176.76,1500,INR,Offline,North
SAL273,ORD0940,PROD0739,BR0273,1,43,1762,112.79,1875,INR,Online,North
SAL274,ORD0213,PROD0599,BR0274,1,19,1921,248.72,2169,INR,Offline,West
SAL275,ORD0614,PROD0488,BR0275,1,24,941,69.34,1010,INR,Online,South
SAL276,ORD0703,PROD0244,BR0276,3,37,4147,603.38,4750,INR,Online,South
SAL277,ORD0592,PROD0942,BR0277,2,7,2792,140.48,2932,INR,Offline,South
SAL278,ORD0026,PROD0492,BR0278,1,11,1430,242.5,1673,INR,Online,North
SAL279,ORD0920,PROD0573,BR0279,1,32,1013,81.37,1095,INR,Offline,West
SAL280,ORD0767,PROD0287,BR0280,1,49,2050,116.91,2167,INR,Offline,East
SAL281,ORD0503,PROD0753,BR0281,3,28,10122,1544.65,11666,INR,Online,North
SAL282,ORD0410,PROD0199,BR0282,1,44,896,121.7,1018,INR,Online,North
SAL283,ORD0172,PROD0432,BR0283,3,3,14064,2351.5,16416,INR,Offline,West
SAL284,ORD0721,PROD0430,BR0284,2,37,5572,513.3,6085,INR,Offline,West
SAL285,ORD0419,PROD0014,BR0285,3,44,6241,978.93,7220,INR,Offline,East
SAL286,ORD0451,PROD0160,BR0286,3,21,5700,416.06,6116,INR,Offline,South
SAL287,ORD0464,PROD0564,BR0287,2,30,3293,376.45,3669,INR,Offline,North
SAL288,ORD0453,PROD0004,BR0288,3,26,5623,513.69,6137,INR,Offline,West
SAL289,ORD0795,PROD0889,BR0289,1,5,3662,250.85,3913,INR,Offline,South
SAL290,ORD0559,PROD0314,BR0290,1,33,2390,138.54,2528,INR,Online,South
SAL291,ORD0916,PROD0411,BR0291,3,45,1457,194.8,1652,INR,Offline,East
SAL292,ORD0123,PROD0449,BR0292,1,21,245,18.48,263,INR,Offline,North
SAL293,ORD0661,PROD0529,BR0293,2,21,904,90.68,994,INR,Offline,North
SAL294,ORD0814,PROD0207,BR0294,1,24,2727,244.68,2972,INR,Offline,East
SAL295,ORD0652,PROD0066,BR0295,1,37,2595,306.42,2901,INR,Online,South
SAL296,ORD0780,PROD0781,BR0296,2,35,1811,251.74,2063,INR,Online,East
SAL297,ORD0689,PROD0703,BR0297,2,25,1472,225.04,1697,INR,Online,North
SAL298,ORD0632,PROD0570,BR0298,3,35,4764,250.41,5014,INR,Offline,North
SAL299,ORD0954,PROD0720,BR0299,1,0,4160,582.31,4742,INR,Offline,West
SAL300,ORD0894,PROD0920,BR0300,1,10,2975,164.01,3139,INR,Offline,North
SAL301,ORD0742,PROD0972,BR0301,1,18,3411,196.38,3608,INR,Online,South
SAL302,ORD0435,PROD0999,BR0302,3,46,5435,584.5,6020,INR,Offline,West
SAL303,ORD0717,PROD0156,BR0303,3,26,6005,365.24,6370,INR,Online,East
SAL304,ORD0998,PROD0069,BR0304,1,36,375,63.86,439,INR,Online,West
SAL305,ORD0053,PROD0835,BR0305,1,35,2838,413.76,3252,INR,Online,South
SAL306,ORD0013,PROD0382,BR0306,1,22,1183,161.47,1345,INR,Offline,South
SAL307,ORD0703,PROD0781,BR0307,3,45,3599,499.31,4098,INR,Online,North
SAL308,ORD0084,PROD0013,BR0308,3,39,3129,523.09,3652,INR,Offline,East
SAL309,ORD0927,PROD0640,BR0309,3,17,10401,1396.76,11797,INR,Offline,South
SAL310,ORD0889,PROD0614,BR0310,2,38,3636,591.59,4227,INR,Offline,East
SAL311,ORD0261,PROD0852,BR0311,1,9,2856,285.17,3141,INR,Offline,South
SAL312,ORD0058,PROD0289,BR0312,1,18,2963,191.66,3154,INR,Online,West
SAL313,ORD0299,PROD0041,BR0313,3,5,9408,1571.67,10980,INR,Online,South
SAL314,ORD0470,PROD0960,BR0314,3,28,4713,719.33,5432,INR,Offline,West
SAL315,ORD0389,PROD0547,BR0315,1,49,1727,292.25,2019,INR,Offline,East
SAL316,ORD0509,PROD0786,BR0316,1,19,3280,419.35,3700,INR,Online,East
SAL317,ORD0534,PROD0306,BR0317,3,33,7039,817.85,7857,INR,Offline,East
SAL318,ORD0603,PROD0627,BR0318,1,3,4387,339.96,4727,INR,Offline,West
SAL319,ORD0176,PROD0291,BR0319,3,43,1144,110.07,1254,INR,Offline,East
SAL320,ORD0339,PROD0028,BR0320,3,27,10663,823.01,11486,INR,Offline,East
SAL321,ORD0784,PROD0250,BR0321,2,28,2146,312.75,2458,INR,Online,North
SAL322,ORD0923,PROD0120,BR0322,1,44,428,50.21,478,INR,Online,East
SAL323,ORD0421,PROD0694,BR0323,2,39,5479,668.48,6148,INR,Offline,South
SAL324,ORD0839,PROD0170,BR0324,1,22,1785,281.04,2066,INR,Offline,North
SAL325,ORD0513,PROD0682,BR0325,1,42,422,46.03,468,INR,Online,East
SAL326,ORD0710,PROD0960,BR0326,3,48,574,31.68,606,INR,Online,South
SAL327,ORD0673,PROD0880,BR0327,2,9,4492,426.72,4918,INR,Offline,South
SAL328,ORD0009,PROD0343,BR0328,2,34,3601,566.83,4168,INR,Offline,North
SAL329,ORD0736,PROD0625,BR0329,1,48,430,66.39,496,INR,Offline,East
SAL330,ORD0624,PROD0747,BR0330,3,28,5603,502.35,6105,INR,Online,East
SAL331,ORD0179,PROD0598,BR0331,1,6,3790,426.88,4217,INR,Offline,West
SAL332,ORD0814,PROD0901,BR0332,1,16,806,85.37,892,INR,Offline,South
SAL333,ORD0512,PROD0345,BR0333,3,17,1713,162.3,1875,INR,Online,South
SAL334,ORD0434,PROD0457,BR0334,2,33,5928,796.61,6725,INR,Offline,West
SAL335,ORD0964,PROD0482,BR0335,2,17,4484,416.18,4900,INR,Offline,West
SAL336,ORD0777,PROD0302,BR0336,1,17,1851,93.57,1944,INR,Online,South
SAL337,ORD0426,PROD0912,BR0337,1,38,1853,197.45,2051,INR,Offline,East
SAL338,ORD0680,PROD0066,BR0338,3,16,5065,501.42,5567,INR,Online,North
SAL339,ORD0114,PROD0157,BR0339,2,18,7585,1155.89,8741,INR,Offline,South
SAL340,ORD0433,PROD0737,BR0340,3,26,7020,459.42,7479,INR,Online,East
SAL341,ORD0420,PROD0568,BR0341,2,45,1555,104.52,1660,INR,Online,North
SAL342,ORD0990,PROD0965,BR0342,2,42,616,64.34,680,INR,Offline,North
SAL343,ORD0888,PROD0324,BR0343,1,24,863,47.11,910,INR,Online,West
SAL344,ORD0651,PROD0946,BR0344,2,15,3869,220.05,4089,INR,Offline,South
SAL345,ORD0828,PROD0907,BR0345,3,4,12470,1493.91,13964,INR,Online,East
SAL346,ORD0306,PROD0468,BR0346,2,12,6560,1062.68,7622,INR,Online,South
SAL347,ORD0641,PROD0079,BR0347,1,44,2662,138.04,2800,INR,Online,West
SAL348,ORD0553,PROD0777,BR0348,1,26,2617,157.22,2774,INR,Offline,East
SAL349,ORD0638,PROD0883,BR0349,3,32,6149,628.22,6777,INR,Online,East
SAL350,ORD0444,PROD0334,BR0350,3,5,7775,917.23,8692,INR,Online,South
SAL351,ORD0644,PROD0876,BR0351,3,11,12223,1149.19,13372,INR,Online,South
SAL352,ORD0937,PROD0679,BR0352,3,24,10775,1145.01,11920,INR,Online,East
SAL353,ORD0855,PROD0976,BR0353,3,24,5773,730.93,6504,INR,Offline,South
SAL354,ORD0550,PROD0514,BR0354,1,18,3824,414.37,4238,INR,Online,East
SAL355,ORD0158,PROD0046,BR0355,1,42,550,43.28,594,INR,Online,West
SAL356,ORD0094,PROD0812,BR0356,3,13,4364,641.29,5005,INR,Online,South
SAL357,ORD0889,PROD0443,BR0357,2,27,6693,1187.42,7880,INR,Online,West
SAL358,ORD0952,PROD0894,BR0358,3,34,8387,843.73,9231,INR,Offline,East
SAL359,ORD0191,PROD0483,BR0359,1,29,3291,480.6,3771,INR,Online,South
SAL360,ORD0154,PROD0007,BR0360,3,28,9195,1130.4,10326,INR,Offline,West
SAL361,ORD0994,PROD0082,BR0361,3,26,797,58.71,856,INR,Online,South
SAL362,ORD0273,PROD0654,BR0362,3,48,4902,727.27,5629,INR,Offline,West
SAL363,ORD0249,PROD0351,BR0363,2,12,3029,527.12,3556,INR,Online,West
SAL364,ORD0512,PROD0660,BR0364,3,3,1743,144.87,1888,INR,Online,East
SAL365,ORD0544,PROD0366,BR0365,3,13,10826,627.02,11453,INR,Online,West
SAL366,ORD0226,PROD0764,BR0366,3,10,3607,438.63,4046,INR,Offline,North
SAL367,ORD0320,PROD0727,BR0367,1,2,2337,348.79,2686,INR,Online,East
SAL368,ORD0351,PROD0346,BR0368,2,33,4908,630.59,5539,INR,Online,West
SAL369,ORD0914,PROD0938,BR0369,2,18,1010,64.2,1074,INR,Offline,West
SAL370,ORD0995,PROD0572,BR0370,3,23,2000,305.14,2306,INR,Offline,East
SAL371,ORD0410,PROD0891,BR0371,3,14,10501,1245.3,11746,INR,Offline,West
SAL372,ORD0624,PROD0011,BR0372,2,32,3510,481.79,3992,INR,Offline,West
SAL373,ORD0512,PROD0765,BR0373,1,11,1777,253.3,2031,INR,Online,South
SAL374,ORD0291,PROD0558,BR0374,3,22,7032,840.33,7872,INR,Offline,North
SAL375,ORD0011,PROD0676,BR0375,2,15,2761,381.16,3142,INR,Offline,East
SAL376,ORD0597,PROD0861,BR0376,3,10,6980,731.64,7711,INR,Online,West
SAL377,ORD0423,PROD0025,BR0377,3,38,9015,829.36,9845,INR,Online,North
SAL378,ORD0132,PROD0967,BR0378,3,14,1770,286.24,2056,INR,Online,North
SAL379,ORD0711,PROD0121,BR0379,1,31,3059,189.17,3248,INR,Offline,South
SAL380,ORD0558,PROD0230,BR0380,1,27,2347,285.07,2632,INR,Online,East
SAL381,ORD0913,PROD0909,BR0381,3,2,2705,325.41,3030,INR,Online,North
SAL382,ORD0375,PROD0839,BR0382,1,29,1415,122.3,1537,INR,Online,East
SAL383,ORD0414,PROD0470,BR0383,1,40,815,110.3,926,INR,Offline,South
SAL384,ORD0524,PROD0786,BR0384,2,20,1408,239.9,1648,INR,Offline,West
SAL385,ORD0676,PROD0636,BR0385,2,44,4581,774.83,5356,INR,Offline,East
SAL386,ORD0984,PROD0507,BR0386,2,21,7829,1013.91,8843,INR,Offline,East
SAL387,ORD0027,PROD0913,BR0387,2,41,3487,283.13,3770,INR,Offline,South
SAL388,ORD0577,PROD0728,BR0388,3,28,2115,137.27,2252,INR,Offline,East
SAL389,ORD0920,PROD0077,BR0389,3,39,3911,370.92,4282,INR,Online,East
SAL390,ORD0135,PROD0757,BR0390,3,9,9025,1400.47,10426,INR,Online,West
SAL391,ORD0916,PROD0685,BR0391,3,10,11883,1791.07,13674,INR,Online,West
SAL392,ORD0666,PROD0321,BR0392,1,39,518,68.25,586,INR,Online,North
SAL393,ORD0307,PROD0853,BR0393,2,18,7093,1009.82,8103,INR,Offline,South
SAL394,ORD0062,PROD0824,BR0394,1,50,315,48.79,364,INR,Online,West
SAL395,ORD0646,PROD0395,BR0395,3,29,5210,397.64,5608,INR,Online,East
SAL396,ORD0974,PROD0059,BR0396,1,43,1863,300.97,2164,INR,Online,North
SAL397,ORD0805,PROD0173,BR0397,3,18,6470,331.57,6801,INR,Online,South
SAL398,ORD0792,PROD0447,BR0398,1,41,1576,250.05,1827,INR,Online,East
SAL399,ORD0093,PROD0181,BR0399,3,35,1999,334.1,2333,INR,Offline,South
SAL400,ORD0363,PROD0490,BR0400,3,37,5473,677.96,6151,INR,Online,East
SAL401,ORD0948,PROD0837,BR0401,2,5,4505,305.06,4810,INR,Online,South
SAL402,ORD0333,PROD0310,BR0402,2,5,695,84.82,780,INR,Online,North
SAL403,ORD0209,PROD0820,BR0403,2,16,3713,572.28,4285,INR,Offline,West
SAL404,ORD0071,PROD0207,BR0404,1,44,2152,156.77,2308,INR,Offline,West
SAL405,ORD0560,PROD0426,BR0405,1,31,1256,101.84,1358,INR,Online,North
SAL406,ORD0787,PROD0120,BR0406,1,49,261,18.67,280,INR,Online,South
SAL407,ORD0515,PROD0086,BR0407,1,5,592,51.91,644,INR,Offline,North
SAL408,ORD0167,PROD0633,BR0408,3,35,1394,168.5,1563,INR,Online,West
SAL409,ORD0694,PROD0423,BR0409,2,10,5854,435.94,6290,INR,Online,North
SAL410,ORD0526,PROD0158,BR0410,1,12,1828,167.64,1995,INR,Online,North
SAL411,ORD0453,PROD0983,BR0411,1,48,1150,121.97,1272,INR,Offline,West
SAL412,ORD0056,PROD0308,BR0412,3,30,1819,111.04,1930,INR,Online,North
SAL413,ORD0634,PROD0118,BR0413,3,18,10394,568,10962,INR,Online,North
SAL414,ORD0245,PROD0740,BR0414,1,1,1585,236.56,1822,INR,Online,East
SAL415,ORD0976,PROD0819,BR0415,2,27,4837,259.34,5096,INR,Offline,North
SAL416,ORD0263,PROD0916,BR0416,3,49,6409,646.1,7055,INR,Online,West
SAL417,ORD0465,PROD0356,BR0417,3,22,3643,517.26,4161,INR,Offline,South
SAL418,ORD0232,PROD0078,BR0418,2,7,3740,378.79,4119,INR,Online,West
SAL419,ORD0983,PROD0658,BR0419,3,5,2648,356.91,3005,INR,Online,East
SAL420,ORD0790,PROD0911,BR0420,3,1,11583,2015.83,13599,INR,Offline,South
SAL421,ORD0062,PROD0435,BR0421,2,1,8080,418.37,8499,INR,Offline,West
SAL422,ORD0936,PROD0612,BR0422,2,43,4050,520.87,4571,INR,Online,South
SAL423,ORD0224,PROD0707,BR0423,2,1,1554,177.36,1732,INR,Offline,North
SAL424,ORD0801,PROD0028,BR0424,3,4,12551,1075.19,13626,INR,Online,West
SAL425,ORD0203,PROD0256,BR0425,1,19,1678,130.87,1808,INR,Online,West
SAL426,ORD0346,PROD0911,BR0426,3,18,10630,925.75,11555,INR,Online,South
SAL427,ORD0250,PROD0480,BR0427,2,36,438,49.94,488,INR,Online,East
SAL428,ORD0936,PROD0555,BR0428,3,43,2493,245.82,2739,INR,Offline,East
SAL429,ORD0365,PROD0324,BR0429,1,39,1240,186.03,1426,INR,Offline,North
SAL430,ORD0987,PROD0220,BR0430,2,10,8197,1239.23,9436,INR,Online,West
SAL431,ORD0508,PROD0556,BR0431,3,35,3879,552.14,4431,INR,Online,West
SAL432,ORD0900,PROD0577,BR0432,3,9,5124,890.95,6015,INR,Online,North
SAL433,ORD0265,PROD0712,BR0433,1,16,3081,329.89,3411,INR,Offline,West
SAL434,ORD0432,PROD0921,BR0434,2,27,6624,966.76,7591,INR,Offline,North
SAL435,ORD0403,PROD0237,BR0435,2,8,1882,103.56,1986,INR,Online,North
SAL436,ORD0469,PROD0341,BR0436,2,36,2152,231.29,2383,INR,Offline,North
SAL437,ORD0125,PROD0267,BR0437,2,19,7298,369.53,7668,INR,Online,North
SAL438,ORD0768,PROD0795,BR0438,2,5,4509,442.23,4951,INR,Online,North
SAL439,ORD0724,PROD0320,BR0439,3,44,3451,342.66,3793,INR,Online,North
SAL440,ORD0425,PROD0552,BR0440,2,6,2384,214.3,2598,INR,Online,South
SAL441,ORD0899,PROD0385,BR0441,1,33,691,89.1,780,INR,Offline,North
SAL442,ORD0802,PROD0341,BR0442,2,45,3391,447.57,3839,INR,Offline,East
SAL443,ORD0932,PROD0265,BR0443,1,32,2422,426.47,2849,INR,Offline,East
SAL444,ORD0948,PROD0870,BR0444,1,28,3164,195,3359,INR,Offline,North
SAL445,ORD0204,PROD0298,BR0445,3,40,4559,634.57,5194,INR,Offline,East
SAL446,ORD0868,PROD0581,BR0446,2,50,3660,384.74,4045,INR,Online,South
SAL447,ORD0008,PROD0872,BR0447,1,38,657,114.37,771,INR,Online,South
SAL448,ORD0509,PROD0795,BR0448,1,33,1411,139.6,1551,INR,Offline,East
SAL449,ORD0704,PROD0129,BR0449,3,41,1965,317.18,2282,INR,Offline,South
SAL450,ORD0400,PROD0817,BR0450,3,34,4352,425.61,4778,INR,Online,East
SAL451,ORD0858,PROD0696,BR0451,3,1,11862,2104.1,13966,INR,Online,East
SAL452,ORD0031,PROD0800,BR0452,3,5,14244,1464.75,15709,INR,Offline,North
SAL453,ORD0557,PROD0117,BR0453,1,26,1368,211.23,1579,INR,Offline,North
SAL454,ORD0247,PROD0282,BR0454,3,35,4608,393.33,5001,INR,Offline,West
SAL455,ORD0035,PROD0016,BR0455,3,11,9986,1551.41,11537,INR,Offline,East
SAL456,ORD0898,PROD0727,BR0456,1,11,2489,316.67,2806,INR,Offline,East
SAL457,ORD0292,PROD0628,BR0457,3,27,7601,949.35,8551,INR,Offline,South
SAL458,ORD0856,PROD0087,BR0458,3,44,7054,992.98,8047,INR,Offline,West
SAL459,ORD0134,PROD0487,BR0459,2,32,2285,116.54,2401,INR,Online,North
SAL460,ORD0425,PROD0991,BR0460,3,41,1499,268.46,1768,INR,Online,East
SAL461,ORD0314,PROD0473,BR0461,3,44,4420,652.69,5073,INR,Online,South
SAL462,ORD0321,PROD0691,BR0462,1,45,2009,156.01,2165,INR,Online,South
SAL463,ORD0433,PROD0286,BR0463,3,38,8394,950.5,9345,INR,Online,North
SAL464,ORD0055,PROD0093,BR0464,2,29,574,70.16,644,INR,Online,South
SAL465,ORD0700,PROD0730,BR0465,3,40,4725,639.27,5364,INR,Offline,West
SAL466,ORD0975,PROD0077,BR0466,3,2,6647,1072.46,7720,INR,Offline,East
SAL467,ORD0093,PROD0716,BR0467,2,40,2068,293.04,2361,INR,Online,East
SAL468,ORD0731,PROD0360,BR0468,1,12,4169,555.32,4725,INR,Offline,South
SAL469,ORD0691,PROD0548,BR0469,2,25,4863,659.41,5522,INR,Online,South
SAL470,ORD0050,PROD0941,BR0470,1,20,2957,293.27,3250,INR,Offline,West
SAL471,ORD0099,PROD0848,BR0471,1,33,2076,254.99,2331,INR,Online,West
SAL472,ORD0983,PROD0039,BR0472,3,50,6861,873.32,7734,INR,Online,North
SAL473,ORD0500,PROD0746,BR0473,3,7,3596,642.12,4238,INR,Online,North
SAL474,ORD0308,PROD0956,BR0474,2,16,4050,403.58,4454,INR,Online,North
SAL475,ORD0597,PROD0877,BR0475,3,3,6620,983.59,7604,INR,Offline,East
SAL476,ORD0820,PROD0311,BR0476,1,31,1913,148.62,2062,INR,Offline,South
SAL477,ORD0247,PROD0509,BR0477,3,18,10467,1284.8,11752,INR,Offline,West
SAL478,ORD0005,PROD0058,BR0478,2,35,6357,1051.17,7408,INR,Online,East
SAL479,ORD0249,PROD0177,BR0479,2,10,1937,118.63,2055,INR,Online,South
SAL480,ORD0774,PROD0170,BR0480,2,36,5449,960.69,6410,INR,Online,West
SAL481,ORD0682,PROD0416,BR0481,2,9,835,100.54,936,INR,Offline,South
SAL482,ORD0563,PROD0221,BR0482,3,29,6937,403.85,7341,INR,Offline,West
SAL483,ORD0777,PROD0846,BR0483,3,8,12801,2262.71,15064,INR,Online,North
SAL484,ORD0194,PROD0700,BR0484,3,0,12507,1978.05,14485,INR,Online,West
SAL485,ORD0048,PROD0831,BR0485,1,33,2876,434.14,3310,INR,Offline,West
SAL486,ORD0770,PROD0827,BR0486,3,10,5781,316.53,6097,INR,Online,South
SAL487,ORD0280,PROD0517,BR0487,2,43,1785,250.62,2036,INR,Offline,West
SAL488,ORD0740,PROD0312,BR0488,3,26,8671,1486.29,10158,INR,Online,West
SAL489,ORD0356,PROD0061,BR0489,2,43,3016,489.43,3506,INR,Offline,West
SAL490,ORD0325,PROD0453,BR0490,1,30,2659,269.51,2928,INR,Offline,North
SAL491,ORD0792,PROD0613,BR0491,3,32,3288,208.44,3497,INR,Offline,West
SAL492,ORD0489,PROD0592,BR0492,2,2,643,48.34,691,INR,Offline,South
SAL493,ORD0773,PROD0153,BR0493,1,27,1330,235.08,1565,INR,Offline,South
SAL494,ORD0060,PROD0222,BR0494,1,42,2022,351.33,2373,INR,Offline,East
SAL495,ORD0176,PROD0976,BR0495,2,14,6761,550.36,7312,INR,Online,West
SAL496,ORD0772,PROD0794,BR0496,2,46,671,66.76,737,INR,Offline,North
SAL497,ORD0444,PROD0528,BR0497,2,41,1771,122.75,1894,INR,Offline,West
SAL498,ORD0763,PROD0491,BR0498,2,8,2392,226.13,2618,INR,Online,West
SAL499,ORD0779,PROD0649,BR0499,3,3,1461,209.8,1671,INR,Offline,South
SAL500,ORD0410,PROD0741,BR0500,2,12,3539,239.55,3779,INR,Offline,South
SAL501,ORD0223,PROD0265,BR0501,1,34,1006,173.69,1180,INR,Offline,South
SAL502,ORD0792,PROD0970,BR0502,3,29,4667,318.16,4985,INR,Online,West
SAL503,ORD0691,PROD0181,BR0503,1,48,1591,199.48,1791,INR,Online,North
SAL504,ORD0239,PROD0830,BR0504,1,49,2123,308.49,2431,INR,Online,North
SAL505,ORD0557,PROD0710,BR0505,3,9,7800,1054.1,8854,INR,Offline,North
SAL506,ORD0210,PROD0761,BR0506,2,17,649,49.12,698,INR,Online,South
SAL507,ORD0700,PROD0127,BR0507,3,32,9592,742.14,10334,INR,Offline,East
SAL508,ORD0409,PROD0650,BR0508,1,23,1037,138.92,1176,INR,Online,East
SAL509,ORD0476,PROD0225,BR0509,2,37,1420,167.69,1588,INR,Offline,North
SAL510,ORD0489,PROD0973,BR0510,2,42,5777,578.45,6355,INR,Online,West
SAL511,ORD0303,PROD0379,BR0511,3,19,7825,698.88,8523,INR,Online,North
SAL512,ORD0377,PROD0502,BR0512,3,50,7077,558.51,7636,INR,Online,West
SAL513,ORD0297,PROD0031,BR0513,2,45,2188,150.77,2339,INR,Offline,South
SAL514,ORD0664,PROD0993,BR0514,3,33,7660,910.11,8570,INR,Online,East
SAL515,ORD0744,PROD0985,BR0515,1,35,2996,232.95,3229,INR,Online,South
SAL516,ORD0618,PROD0468,BR0516,3,43,7078,972.31,8050,INR,Online,South
SAL517,ORD0083,PROD0711,BR0517,2,15,828,59.15,887,INR,Offline,West
SAL518,ORD0988,PROD0354,BR0518,2,43,1096,152.33,1248,INR,Online,South
SAL519,ORD0340,PROD0012,BR0519,2,27,5650,926.65,6577,INR,Offline,North
SAL520,ORD0413,PROD0662,BR0520,2,19,3447,393.85,3841,INR,Offline,North
SAL521,ORD0892,PROD0305,BR0521,3,27,10199,836.91,11036,INR,Offline,North
SAL522,ORD0912,PROD0749,BR0522,1,33,1469,137.44,1607,INR,Offline,South
SAL523,ORD0878,PROD0481,BR0523,2,9,3063,194.23,3257,INR,Offline,West
SAL524,ORD0248,PROD0930,BR0524,3,18,9638,739.9,10378,INR,Offline,South
SAL525,ORD0611,PROD0619,BR0525,2,38,3793,332.18,4125,INR,Online,East
SAL526,ORD0329,PROD0807,BR0526,3,26,5865,569.5,6435,INR,Offline,South
SAL527,ORD0077,PROD0482,BR0527,1,31,3109,243.25,3352,INR,Online,South
SAL528,ORD0757,PROD0873,BR0528,1,42,248,17.14,265,INR,Offline,South
SAL529,ORD0390,PROD0688,BR0529,2,43,2410,353.25,2763,INR,Online,East
SAL530,ORD0754,PROD0400,BR0530,3,13,10644,1528.16,12172,INR,Online,South
SAL531,ORD0970,PROD0748,BR0531,1,32,1792,194.88,1987,INR,Online,North
SAL532,ORD0437,PROD0684,BR0532,2,6,641,80.41,721,INR,Online,North
SAL533,ORD0310,PROD0562,BR0533,3,25,8615,1237.15,9852,INR,Online,West
SAL534,ORD0213,PROD1000,BR0534,3,26,3470,313.12,3783,INR,Offline,South
SAL535,ORD0681,PROD0481,BR0535,3,39,5905,574,6479,INR,Offline,North
SAL536,ORD0496,PROD0442,BR0536,1,38,304,23,327,INR,Online,West
SAL537,ORD0300,PROD0938,BR0537,3,40,5933,1029.02,6962,INR,Online,North
SAL538,ORD0293,PROD0359,BR0538,2,45,2554,217.99,2772,INR,Offline,East
SAL539,ORD0262,PROD0937,BR0539,2,44,2294,401.07,2695,INR,Online,West
SAL540,ORD0787,PROD0563,BR0540,1,8,2730,314.33,3044,INR,Online,East
SAL541,ORD0399,PROD0448,BR0541,2,35,1325,99.19,1424,INR,Offline,West
SAL542,ORD0454,PROD0093,BR0542,3,48,7223,867.94,8091,INR,Online,West
SAL543,ORD0281,PROD0252,BR0543,2,2,6284,809.41,7093,INR,Offline,East
SAL544,ORD0634,PROD0220,BR0544,3,25,1422,100.26,1522,INR,Offline,North
SAL545,ORD0154,PROD0246,BR0545,1,36,2874,384.6,3258,INR,Offline,East
SAL546,ORD0403,PROD0822,BR0546,3,16,4168,712.51,4881,INR,Offline,South
SAL547,ORD0367,PROD0258,BR0547,3,38,6739,626.01,7365,INR,Online,South
SAL548,ORD0840,PROD0105,BR0548,3,24,7326,396.94,7723,INR,Online,West
SAL549,ORD0066,PROD0006,BR0549,3,2,14030,1083.72,15113,INR,Offline,West
SAL550,ORD0637,PROD0298,BR0550,2,0,7598,1273.52,8872,INR,Online,South
SAL551,ORD0489,PROD0413,BR0551,2,17,6499,713.2,7212,INR,Online,North
SAL552,ORD0437,PROD0084,BR0552,1,7,1630,253.71,1884,INR,Online,South
SAL553,ORD0745,PROD0589,BR0553,3,44,6078,551.24,6629,INR,Offline,West
SAL554,ORD0728,PROD0515,BR0554,3,40,1573,193.81,1767,INR,Online,North
SAL555,ORD0807,PROD0849,BR0555,2,20,2086,245.67,2332,INR,Online,South
SAL556,ORD0222,PROD0382,BR0556,1,26,3518,502.73,4021,INR,Offline,North
SAL557,ORD0103,PROD0835,BR0557,1,20,3618,329.4,3948,INR,Online,North
SAL558,ORD0172,PROD0601,BR0558,2,12,7475,1141.21,8616,INR,Online,North
SAL559,ORD0897,PROD0906,BR0559,1,11,766,123.54,890,INR,Offline,West
SAL560,ORD0097,PROD0987,BR0560,3,23,2444,299.78,2744,INR,Offline,North
SAL561,ORD0613,PROD0303,BR0561,3,49,7580,948.91,8529,INR,Online,West
SAL562,ORD0641,PROD0804,BR0562,3,2,9881,1620.75,11502,INR,Offline,North
SAL563,ORD0590,PROD0098,BR0563,3,36,4076,422.01,4498,INR,Offline,North
SAL564,ORD0514,PROD0444,BR0564,3,4,12482,1407.88,13890,INR,Online,East
SAL565,ORD0625,PROD0971,BR0565,1,45,1084,77.16,1161,INR,Offline,North
SAL566,ORD0503,PROD0941,BR0566,3,38,2102,220.55,2322,INR,Online,South
SAL567,ORD0213,PROD0833,BR0567,1,48,472,35.56,508,INR,Offline,South
SAL568,ORD0985,PROD0139,BR0568,1,49,2503,388.2,2891,INR,Online,North
SAL569,ORD0967,PROD0847,BR0569,1,43,2403,142.94,2545,INR,Offline,West
SAL570,ORD0372,PROD0535,BR0570,3,24,7198,504.47,7702,INR,Offline,East
SAL571,ORD0554,PROD0008,BR0571,2,6,6715,395.39,7111,INR,Online,West
SAL572,ORD0808,PROD1000,BR0572,3,46,2228,120.88,2348,INR,Online,North
SAL573,ORD0398,PROD0607,BR0573,2,27,1315,120.15,1436,INR,Online,South
SAL574,ORD0113,PROD0121,BR0574,3,3,11160,1764.26,12924,INR,Online,North
SAL575,ORD0921,PROD0125,BR0575,3,42,2399,341.59,2741,INR,Online,South
SAL576,ORD0201,PROD0061,BR0576,1,22,2307,290.44,2598,INR,Offline,South
SAL577,ORD0061,PROD0440,BR0577,1,7,1963,299.97,2263,INR,Offline,West
SAL578,ORD0569,PROD0674,BR0578,3,44,7452,959.05,8412,INR,Online,North
SAL579,ORD0903,PROD0597,BR0579,3,40,6244,399.67,6644,INR,Offline,North
SAL580,ORD0991,PROD0296,BR0580,2,22,861,61.33,922,INR,Online,South
SAL581,ORD0773,PROD0051,BR0581,1,0,3758,441.39,4199,INR,Offline,East
SAL582,ORD0795,PROD0106,BR0582,3,49,7437,384.75,7822,INR,Offline,West
SAL583,ORD0860,PROD0044,BR0583,3,44,1541,199.43,1740,INR,Online,East
SAL584,ORD0040,PROD0824,BR0584,3,17,5563,585.36,6148,INR,Offline,East
SAL585,ORD0288,PROD0580,BR0585,2,25,816,42.03,858,INR,Offline,North
SAL586,ORD0424,PROD0848,BR0586,1,16,3394,319.97,3714,INR,Offline,South
SAL587,ORD0701,PROD0634,BR0587,3,22,11174,1388.81,12562,INR,Online,West
SAL588,ORD0265,PROD0146,BR0588,3,5,7256,650.56,7907,INR,Online,East
SAL589,ORD0636,PROD0368,BR0589,2,27,5736,420.41,6157,INR,Online,East
SAL590,ORD0466,PROD0416,BR0590,2,38,1241,192.19,1433,INR,Online,North
SAL591,ORD0099,PROD0401,BR0591,2,8,8019,947.63,8966,INR,Offline,North
SAL592,ORD0481,PROD0301,BR0592,3,33,6782,621.36,7403,INR,Online,South
SAL593,ORD0990,PROD0802,BR0593,3,8,9585,1237.85,10823,INR,Offline,West
SAL594,ORD0087,PROD0124,BR0594,2,8,6383,957.03,7340,INR,Offline,West
SAL595,ORD0009,PROD0787,BR0595,1,38,1752,206.53,1959,INR,Offline,West
SAL596,ORD0898,PROD0562,BR0596,3,30,7734,1040.73,8775,INR,Online,West
SAL597,ORD0379,PROD0388,BR0597,1,47,2319,264.03,2583,INR,Offline,North
SAL598,ORD0162,PROD0065,BR0598,2,8,8046,618.09,8664,INR,Online,East
SAL599,ORD0152,PROD0281,BR0599,1,21,1551,108.06,1659,INR,Offline,North
SAL600,ORD0001,PROD0534,BR0600,2,39,5588,503.76,6091,INR,Offline,North
SAL601,ORD0464,PROD0185,BR0601,1,3,3167,298.12,3465,INR,Online,North
SAL602,ORD0641,PROD0369,BR0602,3,21,5131,389.44,5520,INR,Online,South
SAL603,ORD0737,PROD0122,BR0603,3,23,5842,989.69,6832,INR,Online,East
SAL604,ORD0628,PROD0984,BR0604,3,18,5370,731.98,6102,INR,Online,South
SAL605,ORD0130,PROD0744,BR0605,3,0,3936,506.13,4442,INR,Online,East
SAL606,ORD0939,PROD0265,BR0606,3,46,3488,223.82,3712,INR,Offline,North
SAL607,ORD0288,PROD0883,BR0607,1,50,2354,266.32,2621,INR,Online,East
SAL608,ORD0712,PROD0929,BR0608,1,30,2880,365.52,3245,INR,Online,East
SAL609,ORD0047,PROD0775,BR0609,1,7,1015,107.06,1122,INR,Online,South
SAL610,ORD0095,PROD0223,BR0610,2,43,5626,940.4,6566,INR,Online,North
SAL611,ORD0669,PROD0016,BR0611,1,24,3757,261.38,4018,INR,Offline,South
SAL612,ORD0997,PROD0419,BR0612,2,33,5486,825.12,6311,INR,Offline,South
SAL613,ORD0696,PROD0341,BR0613,2,30,6199,673.95,6873,INR,Offline,East
SAL614,ORD0888,PROD0131,BR0614,2,49,2087,294.87,2382,INR,Online,South
SAL615,ORD0767,PROD0776,BR0615,2,20,2434,220.01,2654,INR,Online,South
SAL616,ORD0655,PROD0330,BR0616,1,7,2770,162.82,2932,INR,Offline,South
SAL617,ORD0567,PROD0026,BR0617,2,15,1151,95.21,1246,INR,Offline,South
SAL618,ORD0568,PROD0754,BR0618,3,32,3731,653.27,4384,INR,Online,North
SAL619,ORD0269,PROD0452,BR0619,2,27,6093,605.36,6698,INR,Offline,North
SAL620,ORD0546,PROD0132,BR0620,3,31,9878,878.15,10756,INR,Offline,North
SAL621,ORD0741,PROD0682,BR0621,1,40,453,50.48,503,INR,Online,North
SAL622,ORD0701,PROD0863,BR0622,1,35,2272,219.88,2492,INR,Online,North
SAL623,ORD0381,PROD0796,BR0623,3,25,3186,212.48,3398,INR,Online,West
SAL624,ORD0862,PROD0303,BR0624,3,16,2452,374.53,2826,INR,Offline,South
SAL625,ORD0004,PROD0651,BR0625,1,24,322,19.53,342,INR,Offline,East
SAL626,ORD0146,PROD0606,BR0626,3,19,8330,798.26,9128,INR,Offline,East
SAL627,ORD0278,PROD0954,BR0627,1,4,1967,250.54,2218,INR,Offline,North
SAL628,ORD0831,PROD0126,BR0628,3,14,8431,670.47,9102,INR,Online,East
SAL629,ORD0805,PROD0595,BR0629,2,39,2011,213.48,2224,INR,Offline,North
SAL630,ORD0095,PROD0026,BR0630,1,50,994,131.45,1125,INR,Online,East
SAL631,ORD0309,PROD0615,BR0631,3,23,10083,1472.71,11556,INR,Offline,West
SAL632,ORD0642,PROD0071,BR0632,3,33,9340,1082.15,10423,INR,Offline,West
SAL633,ORD0055,PROD0971,BR0633,3,7,3825,373.43,4199,INR,Online,West
SAL634,ORD0622,PROD0262,BR0634,1,27,2948,522.02,3470,INR,Online,South
SAL635,ORD0503,PROD0925,BR0635,2,13,1162,90.51,1253,INR,Online,South
SAL636,ORD0191,PROD0235,BR0636,3,16,7391,904.51,8296,INR,Offline,North
SAL637,ORD0297,PROD0462,BR0637,1,19,1023,148.48,1172,INR,Online,West
SAL638,ORD0569,PROD0475,BR0638,2,30,5692,819.69,6512,INR,Offline,East
SAL639,ORD0007,PROD0471,BR0639,1,25,1583,158.4,1742,INR,Offline,West
SAL640,ORD0013,PROD0004,BR0640,3,24,9074,1588.98,10663,INR,Online,South
SAL641,ORD0876,PROD0563,BR0641,1,11,1143,174.12,1317,INR,Online,North
SAL642,ORD0595,PROD0849,BR0642,1,26,3274,531.91,3806,INR,Online,West
SAL643,ORD0569,PROD0810,BR0643,2,8,7189,758.18,7947,INR,Online,South
SAL644,ORD0203,PROD0871,BR0644,1,46,1486,224.85,1711,INR,Offline,South
SAL645,ORD0679,PROD0779,BR0645,1,25,2696,366.2,3062,INR,Offline,North
SAL646,ORD0909,PROD0280,BR0646,3,14,8220,511.98,8732,INR,Online,East
SAL647,ORD0670,PROD0937,BR0647,2,21,3135,369.07,3504,INR,Offline,North
SAL648,ORD0116,PROD0990,BR0648,3,27,6204,593.7,6798,INR,Online,East
SAL649,ORD0186,PROD0122,BR0649,1,47,1847,148.79,1996,INR,Online,West
SAL650,ORD0776,PROD0725,BR0650,1,35,1829,260.36,2089,INR,Online,West
SAL651,ORD0259,PROD0641,BR0651,3,5,3067,428.12,3495,INR,Offline,East
SAL652,ORD0948,PROD0371,BR0652,3,40,8685,1235.59,9921,INR,Offline,South
SAL653,ORD0076,PROD0638,BR0653,1,36,2812,416.42,3228,INR,Online,South
SAL654,ORD0782,PROD0874,BR0654,2,44,2110,213.55,2324,INR,Offline,South
SAL655,ORD0501,PROD0410,BR0655,2,33,5096,580.99,5677,INR,Offline,East
SAL656,ORD0582,PROD0215,BR0656,2,27,7123,422.75,7546,INR,Offline,North
SAL657,ORD0498,PROD0264,BR0657,3,37,1695,161.03,1856,INR,Online,East
SAL658,ORD0184,PROD0443,BR0658,2,12,2406,183,2589,INR,Online,West
SAL659,ORD0870,PROD0416,BR0659,1,1,3243,176.14,3419,INR,Online,North
SAL660,ORD0230,PROD0625,BR0660,1,19,2461,291.21,2752,INR,Online,East
SAL661,ORD0290,PROD0188,BR0661,3,26,4280,754.75,5035,INR,Offline,South
SAL662,ORD0777,PROD0077,BR0662,2,5,768,38.63,806,INR,Offline,North
SAL663,ORD0820,PROD0957,BR0663,2,29,3334,471.87,3806,INR,Online,East
SAL664,ORD0860,PROD0644,BR0664,3,5,14179,1340.48,15519,INR,Offline,South
SAL665,ORD0544,PROD0678,BR0665,1,29,2431,315.31,2746,INR,Offline,West
SAL666,ORD0683,PROD0237,BR0666,2,11,7125,1262.01,8387,INR,Offline,North
SAL667,ORD0047,PROD0821,BR0667,1,29,1339,98.5,1438,INR,Offline,South
SAL668,ORD0691,PROD0178,BR0668,1,32,2230,343.03,2573,INR,Offline,South
SAL669,ORD0918,PROD0274,BR0669,2,6,7785,1061.84,8847,INR,Offline,East
SAL670,ORD0937,PROD0699,BR0670,2,10,3422,512.82,3935,INR,Offline,West
SAL671,ORD0008,PROD0122,BR0671,1,19,2470,341.11,2811,INR,Online,West
SAL672,ORD0693,PROD0512,BR0672,1,46,971,154.15,1125,INR,Offline,North
SAL673,ORD0837,PROD0990,BR0673,3,32,7697,725.38,8422,INR,Offline,North
SAL674,ORD0036,PROD0951,BR0674,3,43,5318,684.14,6002,INR,Online,East
SAL675,ORD0513,PROD0388,BR0675,2,13,4703,815.33,5519,INR,Online,West
SAL676,ORD0281,PROD0279,BR0676,2,10,1292,128.91,1421,INR,Online,West
SAL677,ORD0406,PROD0860,BR0677,2,48,3926,642.63,4569,INR,Offline,East
SAL678,ORD0754,PROD0343,BR0678,3,41,6974,1020.85,7995,INR,Offline,East
SAL679,ORD0839,PROD0598,BR0679,3,28,5337,783.5,6121,INR,Offline,East
SAL680,ORD0863,PROD0644,BR0680,3,17,5612,903.48,6516,INR,Offline,East
SAL681,ORD0664,PROD0037,BR0681,3,16,3432,182.11,3614,INR,Offline,South
SAL682,ORD0454,PROD0508,BR0682,1,35,224,32.35,257,INR,Offline,East
SAL683,ORD0900,PROD0233,BR0683,3,21,5733,940.67,6674,INR,Online,West
SAL684,ORD0825,PROD0835,BR0684,2,35,3367,547.8,3915,INR,Online,West
SAL685,ORD0538,PROD0008,BR0685,2,34,2878,224.65,3102,INR,Offline,West
SAL686,ORD0595,PROD0194,BR0686,1,15,1096,112.85,1209,INR,Offline,East
SAL687,ORD1000,PROD0759,BR0687,3,44,1094,185.32,1279,INR,Online,West
SAL688,ORD0227,PROD0470,BR0688,1,17,625,38.35,663,INR,Online,West
SAL689,ORD0224,PROD0181,BR0689,3,1,7155,650,7805,INR,Online,South
SAL690,ORD0418,PROD0370,BR0690,3,34,4330,470.93,4801,INR,Offline,South
SAL691,ORD0207,PROD0913,BR0691,2,29,5015,434.07,5450,INR,Offline,East
SAL692,ORD0709,PROD0808,BR0692,2,47,4067,223.11,4290,INR,Online,South
SAL693,ORD0926,PROD0498,BR0693,1,39,3033,338.75,3372,INR,Online,East
SAL694,ORD0609,PROD0151,BR0694,1,4,2518,143.38,2661,INR,Online,North
SAL695,ORD0184,PROD0644,BR0695,2,2,7591,856.14,8447,INR,Online,East
SAL696,ORD0118,PROD0402,BR0696,2,16,7629,968.46,8597,INR,Offline,West
SAL697,ORD0580,PROD0650,BR0697,2,33,2621,197.94,2819,INR,Online,North
SAL698,ORD0438,PROD0090,BR0698,2,13,4108,680.42,4789,INR,Offline,East
SAL699,ORD0277,PROD0723,BR0699,2,37,5829,450.85,6280,INR,Offline,North
SAL700,ORD0969,PROD0828,BR0700,2,26,2667,144.34,2811,INR,Offline,North
SAL701,ORD0744,PROD0414,BR0701,3,21,9843,1045.8,10888,INR,Offline,North
SAL702,ORD0493,PROD0088,BR0702,3,43,8102,1397.62,9500,INR,Online,South
SAL703,ORD0245,PROD0905,BR0703,3,6,10065,1631.98,11697,INR,Online,South
SAL704,ORD0193,PROD0504,BR0704,2,23,3661,467.71,4128,INR,Offline,North
SAL705,ORD0717,PROD0755,BR0705,1,31,1611,166.69,1778,INR,Offline,North
SAL706,ORD0343,PROD0939,BR0706,3,49,6789,1203.6,7992,INR,Offline,North
SAL707,ORD0777,PROD0046,BR0707,3,41,6395,621.83,7017,INR,Online,West
SAL708,ORD0274,PROD0042,BR0708,2,29,842,99.87,942,INR,Offline,West
SAL709,ORD0544,PROD0749,BR0709,2,12,7913,1224.29,9137,INR,Online,East
SAL710,ORD0530,PROD0862,BR0710,2,13,7113,755.92,7869,INR,Offline,East
SAL711,ORD0707,PROD0695,BR0711,1,16,2255,294.5,2549,INR,Offline,South
SAL712,ORD0527,PROD0060,BR0712,3,12,1006,65.68,1072,INR,Offline,South
SAL713,ORD0811,PROD0680,BR0713,2,15,4078,595.91,4674,INR,Online,West
SAL714,ORD0505,PROD0763,BR0714,3,47,4718,618.67,5336,INR,Offline,East
SAL715,ORD0274,PROD0911,BR0715,1,35,3128,424.34,3552,INR,Offline,South
SAL716,ORD0025,PROD0205,BR0716,1,29,408,53.65,462,INR,Offline,West
SAL717,ORD0006,PROD0866,BR0717,3,9,8471,889.75,9361,INR,Online,North
SAL718,ORD0762,PROD0371,BR0718,1,41,1176,64.57,1240,INR,Online,West
SAL719,ORD0391,PROD0201,BR0719,1,38,294,46.12,340,INR,Online,South
SAL720,ORD0367,PROD0871,BR0720,2,16,5356,942.5,6298,INR,Online,North
SAL721,ORD0451,PROD0612,BR0721,3,22,2951,253.09,3204,INR,Online,South
SAL722,ORD0700,PROD0475,BR0722,1,1,1622,105.85,1727,INR,Offline,South
SAL723,ORD0096,PROD0572,BR0723,2,1,663,58.36,722,INR,Online,North
SAL724,ORD0681,PROD0971,BR0724,3,44,2431,133.87,2565,INR,Offline,South
SAL725,ORD0828,PROD0931,BR0725,1,33,1853,303.23,2156,INR,Online,South
SAL726,ORD0932,PROD0991,BR0726,1,19,2543,302.54,2845,INR,Offline,South
SAL727,ORD0938,PROD0529,BR0727,2,48,4089,642.8,4732,INR,Offline,South
SAL728,ORD0601,PROD0831,BR0728,3,17,3812,602.45,4415,INR,Offline,East
SAL729,ORD0243,PROD0539,BR0729,1,5,3201,382.95,3583,INR,Offline,South
SAL730,ORD0881,PROD0695,BR0730,1,8,4158,443.94,4602,INR,Offline,South
SAL731,ORD0601,PROD0364,BR0731,1,21,3501,259.12,3760,INR,Offline,East
SAL732,ORD0663,PROD0479,BR0732,3,49,5707,676.97,6384,INR,Online,East
SAL733,ORD0927,PROD0347,BR0733,3,15,1622,92.4,1714,INR,Online,West
SAL734,ORD0746,PROD0745,BR0734,3,19,7263,610.36,7874,INR,Offline,West
SAL735,ORD0106,PROD0692,BR0735,2,45,464,69.21,533,INR,Offline,North
SAL736,ORD0907,PROD0731,BR0736,2,32,747,92.86,840,INR,Offline,East
SAL737,ORD0417,PROD0729,BR0737,2,15,1081,183.01,1264,INR,Online,West
SAL738,ORD0956,PROD0872,BR0738,2,22,5082,772.03,5855,INR,Online,East
SAL739,ORD0882,PROD0341,BR0739,3,4,12914,2087.46,15001,INR,Online,South
SAL740,ORD0458,PROD0450,BR0740,2,28,3970,594.69,4565,INR,Offline,West
SAL741,ORD0957,PROD0505,BR0741,2,36,4285,701.12,4987,INR,Offline,East
SAL742,ORD0901,PROD0726,BR0742,1,13,1160,135.52,1295,INR,Online,East
SAL743,ORD0755,PROD0601,BR0743,1,38,2636,292.86,2929,INR,Online,North
SAL744,ORD0506,PROD0064,BR0744,3,21,6243,1036.59,7279,INR,Offline,East
SAL745,ORD0583,PROD0705,BR0745,3,29,7898,1315.26,9213,INR,Online,West
SAL746,ORD0437,PROD0136,BR0746,1,21,3884,592.19,4477,INR,Offline,North
SAL747,ORD0158,PROD0338,BR0747,2,21,3334,557.45,3891,INR,Online,West
SAL748,ORD0442,PROD0458,BR0748,2,24,714,63.69,778,INR,Online,South
SAL749,ORD0503,PROD0152,BR0749,3,25,9572,927.08,10499,INR,Online,East
SAL750,ORD0837,PROD0377,BR0750,1,17,1622,102.85,1725,INR,Online,North
SAL751,ORD0348,PROD0290,BR0751,2,35,3972,322.83,4294,INR,Offline,East
SAL752,ORD0365,PROD0638,BR0752,2,27,4786,737.91,5524,INR,Online,West
SAL753,ORD0572,PROD0980,BR0753,3,13,5371,529.04,5900,INR,Offline,West
SAL754,ORD0425,PROD0522,BR0754,1,50,2446,317.08,2763,INR,Online,East
SAL755,ORD0823,PROD0762,BR0755,3,1,3118,359.74,3478,INR,Online,East
SAL756,ORD0206,PROD0082,BR0756,2,23,1582,266.33,1848,INR,Offline,East
SAL757,ORD0785,PROD0163,BR0757,1,37,2546,203.96,2750,INR,Offline,West
SAL758,ORD0909,PROD0048,BR0758,3,4,6587,901.5,7488,INR,Offline,North
SAL759,ORD0537,PROD0590,BR0759,3,34,8803,840.99,9644,INR,Online,North
SAL760,ORD0035,PROD0378,BR0760,2,12,8483,1082.78,9566,INR,Online,North
SAL761,ORD0379,PROD0862,BR0761,1,2,1684,119.59,1803,INR,Offline,North
SAL762,ORD0034,PROD0626,BR0762,3,43,3172,438.13,3610,INR,Online,South
SAL763,ORD0964,PROD0585,BR0763,2,31,3160,399.34,3560,INR,Online,North
SAL764,ORD0682,PROD0686,BR0764,1,35,3088,409.85,3498,INR,Online,North
SAL765,ORD0574,PROD0546,BR0765,3,33,4080,361.64,4442,INR,Offline,North
SAL766,ORD0771,PROD0775,BR0766,2,27,5853,600.2,6453,INR,Offline,South
SAL767,ORD0757,PROD0009,BR0767,3,19,5358,624.9,5983,INR,Online,South
SAL768,ORD0302,PROD0191,BR0768,3,27,7917,696.47,8613,INR,Offline,South
SAL769,ORD0746,PROD0836,BR0769,2,17,4671,748.66,5420,INR,Offline,West
SAL770,ORD0664,PROD0573,BR0770,1,48,865,98.87,964,INR,Offline,West
SAL771,ORD0246,PROD0453,BR0771,3,33,5990,371.85,6362,INR,Offline,West
SAL772,ORD0845,PROD0876,BR0772,2,39,3090,382.09,3472,INR,Offline,West
SAL773,ORD0540,PROD0457,BR0773,3,19,2486,425.57,2911,INR,Offline,West
SAL774,ORD0836,PROD0625,BR0774,1,39,3026,427.93,3454,INR,Online,North
SAL775,ORD0830,PROD0335,BR0775,2,25,5822,526.4,6348,INR,Online,South
SAL776,ORD0630,PROD0286,BR0776,1,40,930,92.3,1022,INR,Online,West
SAL777,ORD0275,PROD0785,BR0777,3,24,7941,828.9,8770,INR,Online,North
SAL778,ORD0678,PROD0551,BR0778,1,36,921,139.61,1061,INR,Online,South
SAL779,ORD0681,PROD0791,BR0779,3,17,3528,352.42,3881,INR,Offline,South
SAL780,ORD0191,PROD0925,BR0780,1,29,1530,117.83,1648,INR,Offline,East
SAL781,ORD0055,PROD0397,BR0781,3,13,2156,252.04,2408,INR,Offline,East
SAL782,ORD0724,PROD0905,BR0782,3,31,6160,709.59,6870,INR,Online,East
SAL783,ORD0807,PROD0338,BR0783,2,43,3938,606.43,4544,INR,Offline,West
SAL784,ORD0679,PROD0409,BR0784,3,29,7127,821.84,7949,INR,Online,North
SAL785,ORD0908,PROD0362,BR0785,2,47,900,60.41,960,INR,Offline,West
SAL786,ORD0668,PROD0435,BR0786,2,38,2966,250.09,3216,INR,Offline,South
SAL787,ORD0170,PROD0479,BR0787,1,26,2450,156.71,2607,INR,Offline,East
SAL788,ORD0198,PROD0904,BR0788,2,11,4226,234.53,4460,INR,Offline,South
SAL789,ORD0090,PROD0702,BR0789,3,28,8279,683.11,8962,INR,Online,East
SAL790,ORD0141,PROD0052,BR0790,1,5,2820,372.48,3192,INR,Online,East
SAL791,ORD0687,PROD0967,BR0791,3,21,1130,116.61,1247,INR,Online,South
SAL792,ORD0230,PROD0325,BR0792,3,3,8488,1024.09,9513,INR,Offline,South
SAL793,ORD0935,PROD0191,BR0793,1,32,3338,543.59,3882,INR,Offline,West
SAL794,ORD0421,PROD0728,BR0794,1,31,1259,172.91,1432,INR,Online,East
SAL795,ORD0132,PROD0213,BR0795,1,6,4501,225.95,4727,INR,Online,North
SAL796,ORD0755,PROD0844,BR0796,2,2,1282,124.69,1407,INR,Online,North
SAL797,ORD0542,PROD0274,BR0797,2,41,4792,724.58,5517,INR,Offline,West
SAL798,ORD0371,PROD0633,BR0798,3,21,1116,178.76,1295,INR,Offline,North
SAL799,ORD0721,PROD0185,BR0799,2,6,7174,1251.68,8426,INR,Offline,South
SAL800,ORD0325,PROD0926,BR0800,3,2,5548,502.49,6050,INR,Online,West
SAL801,ORD0491,PROD0750,BR0801,3,7,9207,724.66,9932,INR,Offline,North
SAL802,ORD0012,PROD0610,BR0802,1,6,1359,138.9,1498,INR,Offline,East
SAL803,ORD0348,PROD0823,BR0803,1,7,3782,328.03,4110,INR,Offline,South
SAL804,ORD0990,PROD0855,BR0804,1,18,540,44.22,584,INR,Online,West
SAL805,ORD0289,PROD0255,BR0805,1,26,1311,137.93,1448,INR,Offline,West
SAL806,ORD0877,PROD0045,BR0806,1,12,1861,190.26,2051,INR,Offline,East
SAL807,ORD0348,PROD0523,BR0807,1,48,1939,133.61,2072,INR,Offline,East
SAL808,ORD0340,PROD0347,BR0808,1,29,2661,458.3,3119,INR,Online,South
SAL809,ORD0415,PROD0645,BR0809,2,9,1401,152.91,1554,INR,Offline,North
SAL810,ORD0008,PROD0008,BR0810,2,35,5039,571.23,5610,INR,Offline,North
SAL811,ORD0327,PROD0474,BR0811,1,11,784,47.69,832,INR,Online,West
SAL812,ORD0465,PROD0891,BR0812,3,11,5231,922.35,6153,INR,Offline,South
SAL813,ORD0589,PROD0823,BR0813,1,1,2173,286.52,2460,INR,Offline,East
SAL814,ORD0543,PROD0289,BR0814,3,5,8316,1357.33,9674,INR,Offline,East
SAL815,ORD0485,PROD0838,BR0815,1,37,2471,218.93,2690,INR,Online,North
SAL816,ORD0724,PROD0541,BR0816,1,9,511,43.62,555,INR,Offline,East
SAL817,ORD0423,PROD0768,BR0817,3,40,5468,933.73,6402,INR,Offline,North
SAL818,ORD0588,PROD0026,BR0818,1,19,471,27.79,499,INR,Online,East
SAL819,ORD0728,PROD0313,BR0819,3,2,13030,1971.16,15001,INR,Online,North
SAL820,ORD0622,PROD0227,BR0820,1,25,1972,297.27,2270,INR,Online,South
SAL821,ORD0427,PROD0208,BR0821,1,20,282,31.81,314,INR,Offline,East
SAL822,ORD0199,PROD0477,BR0822,3,0,2199,275.08,2474,INR,Offline,North
SAL823,ORD0416,PROD0790,BR0823,2,28,3184,543.74,3728,INR,Online,South
SAL824,ORD0099,PROD0806,BR0824,2,47,410,34.89,445,INR,Online,North
SAL825,ORD0839,PROD0189,BR0825,2,35,2196,366.26,2562,INR,Online,South
SAL826,ORD0943,PROD0934,BR0826,3,47,7840,871.77,8712,INR,Offline,East
SAL827,ORD0390,PROD0542,BR0827,1,24,3054,393.01,3447,INR,Offline,North
SAL828,ORD0364,PROD0619,BR0828,1,47,2302,185.93,2488,INR,Online,North
SAL829,ORD0782,PROD0719,BR0829,1,43,438,41.64,479,INR,Offline,North
SAL830,ORD0794,PROD0388,BR0830,3,12,12646,1038.9,13684,INR,Online,West
SAL831,ORD0603,PROD0217,BR0831,2,41,3133,360.11,3493,INR,Offline,East
SAL832,ORD0045,PROD0395,BR0832,2,22,4249,669.9,4919,INR,Offline,South
SAL833,ORD0954,PROD0862,BR0833,2,1,8169,1113.61,9283,INR,Offline,East
SAL834,ORD0007,PROD0591,BR0834,2,11,6248,1018.49,7266,INR,Offline,East
SAL835,ORD0436,PROD0151,BR0835,3,28,3873,249.36,4122,INR,Online,West
SAL836,ORD0027,PROD0779,BR0836,1,50,1718,251.16,1970,INR,Online,North
SAL837,ORD0575,PROD0447,BR0837,3,47,736,48.06,784,INR,Online,West
SAL838,ORD0859,PROD0004,BR0838,3,37,1620,139.59,1759,INR,Online,North
SAL839,ORD0670,PROD0479,BR0839,1,12,617,110.61,727,INR,Offline,West
SAL840,ORD0683,PROD0173,BR0840,3,22,1163,198.61,1362,INR,Offline,West
SAL841,ORD0844,PROD0503,BR0841,2,5,1343,115.63,1459,INR,Offline,South
SAL842,ORD0715,PROD0395,BR0842,3,6,3835,244.2,4079,INR,Offline,West
SAL843,ORD0664,PROD0672,BR0843,3,19,8714,927.36,9641,INR,Offline,West
SAL844,ORD0208,PROD0651,BR0844,2,24,4963,696.76,5660,INR,Online,South
SAL845,ORD0153,PROD0038,BR0845,2,13,2234,218.7,2453,INR,Online,West
SAL846,ORD0817,PROD0290,BR0846,3,50,6970,955.85,7926,INR,Online,East
SAL847,ORD0046,PROD0050,BR0847,2,6,6059,637.27,6697,INR,Offline,West
SAL848,ORD0655,PROD0485,BR0848,1,34,2161,141.93,2303,INR,Online,North
SAL849,ORD0502,PROD0745,BR0849,2,32,3328,360.77,3689,INR,Offline,West
SAL850,ORD0462,PROD0622,BR0850,1,39,2051,350.09,2401,INR,Offline,East
SAL851,ORD0222,PROD0550,BR0851,1,24,2549,327.74,2877,INR,Offline,North
SAL852,ORD0182,PROD0360,BR0852,1,5,565,73.21,638,INR,Online,West
SAL853,ORD0914,PROD0261,BR0853,2,9,2381,237.1,2618,INR,Offline,North
SAL854,ORD0592,PROD0092,BR0854,3,37,7072,882.46,7955,INR,Online,East
SAL855,ORD0245,PROD0695,BR0855,1,40,1226,73.45,1299,INR,Offline,South
SAL856,ORD0041,PROD0329,BR0856,3,33,7079,476,7555,INR,Offline,East
SAL857,ORD0238,PROD0242,BR0857,2,11,5367,563.82,5931,INR,Online,North
SAL858,ORD0140,PROD0613,BR0858,3,49,3928,476.61,4404,INR,Offline,East
SAL859,ORD0492,PROD0517,BR0859,1,11,1096,134.33,1230,INR,Offline,South
SAL860,ORD0298,PROD0764,BR0860,2,28,1873,149.87,2023,INR,Online,South
SAL861,ORD0141,PROD0593,BR0861,1,28,703,94.14,798,INR,Offline,East
SAL862,ORD0928,PROD0956,BR0862,1,36,1473,198.27,1671,INR,Offline,East
SAL863,ORD0857,PROD0777,BR0863,3,20,1810,167.09,1977,INR,Offline,West
SAL864,ORD0743,PROD0495,BR0864,3,29,2015,179.5,2194,INR,Online,South
SAL865,ORD0686,PROD0309,BR0865,1,41,1635,149.65,1785,INR,Offline,South
SAL866,ORD0515,PROD0948,BR0866,3,4,2667,372.54,3039,INR,Offline,East
SAL867,ORD0033,PROD0878,BR0867,3,29,3093,218.13,3311,INR,Offline,North
SAL868,ORD0751,PROD0807,BR0868,1,37,2153,304.04,2457,INR,Offline,West
SAL869,ORD0660,PROD0361,BR0869,2,39,2229,185.79,2415,INR,Online,North
SAL870,ORD0417,PROD0549,BR0870,2,0,8146,1261.46,9407,INR,Offline,East
SAL871,ORD0017,PROD0410,BR0871,3,14,6527,983.17,7511,INR,Offline,East
SAL872,ORD0822,PROD0109,BR0872,1,1,843,75.05,919,INR,Offline,West
SAL873,ORD0267,PROD0638,BR0873,1,17,2620,417.66,3038,INR,Online,North
SAL874,ORD0943,PROD0981,BR0874,1,33,787,121.1,908,INR,Offline,North
SAL875,ORD0220,PROD0983,BR0875,1,23,1779,192.6,1971,INR,Offline,South
SAL876,ORD0542,PROD0315,BR0876,3,6,2637,162.39,2799,INR,Offline,North
SAL877,ORD0876,PROD0194,BR0877,2,23,6240,632.94,6873,INR,Online,West
SAL878,ORD0294,PROD0862,BR0878,3,24,3696,274.82,3971,INR,Offline,East
SAL879,ORD0291,PROD0427,BR0879,1,11,290,50.77,341,INR,Online,East
SAL880,ORD0727,PROD0257,BR0880,2,9,3074,418.89,3493,INR,Offline,North
SAL881,ORD0502,PROD0857,BR0881,1,15,3352,457.93,3809,INR,Online,East
SAL882,ORD0395,PROD0393,BR0882,1,16,2595,289.05,2884,INR,Online,North
SAL883,ORD0428,PROD0052,BR0883,1,33,3333,536.39,3870,INR,Online,North
SAL884,ORD0453,PROD0592,BR0884,2,25,1780,132.98,1913,INR,Online,North
SAL885,ORD0266,PROD0648,BR0885,3,47,1588,116.04,1704,INR,Online,South
SAL886,ORD0299,PROD0649,BR0886,1,21,3392,345.73,3738,INR,Offline,North
SAL887,ORD0928,PROD0622,BR0887,2,16,6505,887.14,7392,INR,Online,East
SAL888,ORD0277,PROD0125,BR0888,1,43,1190,90,1280,INR,Offline,East
SAL889,ORD0749,PROD0823,BR0889,1,33,971,91.58,1063,INR,Online,East
SAL890,ORD0927,PROD0442,BR0890,3,35,5688,370.61,6059,INR,Online,East
SAL891,ORD0745,PROD0485,BR0891,3,36,3256,188.02,3444,INR,Offline,South
SAL892,ORD0756,PROD0823,BR0892,2,10,3168,193.67,3362,INR,Online,North
SAL893,ORD0667,PROD0290,BR0893,1,37,3132,527.38,3660,INR,Offline,North
SAL894,ORD0298,PROD0113,BR0894,2,48,370,22.56,393,INR,Offline,West
SAL895,ORD0923,PROD0592,BR0895,3,37,3500,230.07,3730,INR,Online,West
SAL896,ORD0330,PROD0158,BR0896,1,10,1159,181.65,1341,INR,Online,North
SAL897,ORD0462,PROD0310,BR0897,1,3,1500,195.71,1695,INR,Offline,East
SAL898,ORD0447,PROD0634,BR0898,3,33,9057,913.23,9970,INR,Offline,East
SAL899,ORD0557,PROD0076,BR0899,3,9,12948,1427.37,14376,INR,Online,South
SAL900,ORD0678,PROD0395,BR0900,2,38,3693,641.48,4334,INR,Offline,East
SAL901,ORD0980,PROD0280,BR0901,3,20,3151,235.96,3387,INR,Online,North
SAL902,ORD0574,PROD0671,BR0902,1,6,1014,75.86,1090,INR,Offline,South
SAL903,ORD0223,PROD0105,BR0903,2,34,4749,711.34,5461,INR,Online,East
SAL904,ORD0188,PROD0557,BR0904,2,46,433,28.71,462,INR,Offline,West
SAL905,ORD0179,PROD0966,BR0905,2,5,7988,1053.29,9041,INR,Online,North
SAL906,ORD0143,PROD0321,BR0906,1,10,2136,173.9,2310,INR,Offline,West
SAL907,ORD0820,PROD0041,BR0907,2,24,6358,342.41,6701,INR,Online,South
SAL908,ORD0668,PROD0650,BR0908,3,31,9696,1291.23,10987,INR,Offline,West
SAL909,ORD0932,PROD0482,BR0909,2,34,956,134.85,1091,INR,Offline,West
SAL910,ORD0884,PROD0138,BR0910,1,28,450,60.54,511,INR,Online,East
SAL911,ORD0864,PROD0705,BR0911,1,15,397,62.81,460,INR,Online,East
SAL912,ORD0875,PROD0075,BR0912,1,9,3948,343.03,4292,INR,Offline,South
SAL913,ORD0353,PROD0284,BR0913,1,22,2996,262.49,3258,INR,Online,West
SAL914,ORD0763,PROD0831,BR0914,3,37,8800,1207.5,10007,INR,Online,West
SAL915,ORD0865,PROD0445,BR0915,3,37,4188,509.37,4698,INR,Online,South
SAL916,ORD0569,PROD0674,BR0916,1,10,4334,664.7,4999,INR,Online,West
SAL917,ORD0664,PROD0197,BR0917,3,49,2544,403.15,2948,INR,Offline,North
SAL918,ORD0490,PROD0906,BR0918,3,17,1556,114.36,1671,INR,Online,East
SAL919,ORD0926,PROD0937,BR0919,2,5,4165,490.36,4655,INR,Offline,South
SAL920,ORD0073,PROD0841,BR0920,1,43,2161,270.65,2432,INR,Online,North
SAL921,ORD0667,PROD0196,BR0921,2,19,3796,538.7,4334,INR,Online,East
SAL922,ORD0008,PROD0835,BR0922,2,31,451,50.69,502,INR,Online,East
SAL923,ORD0580,PROD0290,BR0923,3,12,9430,1430.46,10861,INR,Offline,West
SAL924,ORD0517,PROD0427,BR0924,3,8,10201,1529.44,11730,INR,Online,North
SAL925,ORD0832,PROD0334,BR0925,3,4,9320,1206.11,10526,INR,Offline,East
SAL926,ORD0758,PROD0368,BR0926,2,10,3065,512.01,3577,INR,Offline,East
SAL927,ORD0104,PROD0201,BR0927,1,47,309,28.6,338,INR,Online,East
SAL928,ORD0302,PROD0099,BR0928,3,13,9623,1306.12,10929,INR,Offline,North
SAL929,ORD0943,PROD0766,BR0929,3,1,3312,422.44,3734,INR,Offline,East
SAL930,ORD0351,PROD0110,BR0930,3,27,4790,382.3,5172,INR,Offline,North
SAL931,ORD0966,PROD0874,BR0931,2,16,922,53.9,976,INR,Online,West
SAL932,ORD0905,PROD0944,BR0932,1,15,1234,103.56,1338,INR,Offline,West
SAL933,ORD0864,PROD0515,BR0933,2,45,685,51.97,737,INR,Online,South
SAL934,ORD0649,PROD0846,BR0934,3,8,3359,393.24,3752,INR,Offline,North
SAL935,ORD0909,PROD0812,BR0935,3,48,7755,619.67,8374,INR,Offline,West
SAL936,ORD0760,PROD0699,BR0936,3,8,8065,1403.65,9468,INR,Online,North
SAL937,ORD0925,PROD0166,BR0937,2,37,3651,383.42,4035,INR,Offline,South
SAL938,ORD0073,PROD0090,BR0938,2,15,3376,603.56,3980,INR,Online,North
SAL939,ORD0548,PROD0516,BR0939,2,15,2764,157.56,2922,INR,Offline,East
SAL940,ORD0801,PROD0995,BR0940,3,43,4147,655.05,4802,INR,Online,South
SAL941,ORD0834,PROD0951,BR0941,3,32,2207,340.26,2548,INR,Online,West
SAL942,ORD0305,PROD0561,BR0942,2,43,1207,66.24,1274,INR,Online,South
SAL943,ORD0070,PROD0513,BR0943,1,4,2682,380.44,3063,INR,Online,North
SAL944,ORD0459,PROD0047,BR0944,1,16,3814,672.97,4487,INR,Online,West
SAL945,ORD0650,PROD0564,BR0945,2,28,6718,896.12,7614,INR,Online,South
SAL946,ORD0778,PROD0066,BR0946,2,38,6140,765.18,6906,INR,Online,South
SAL947,ORD0681,PROD0132,BR0947,1,12,2283,305.31,2588,INR,Offline,East
SAL948,ORD0219,PROD0742,BR0948,1,19,2279,152.35,2431,INR,Online,West
SAL949,ORD0370,PROD0068,BR0949,1,18,385,61.53,447,INR,Online,North
SAL950,ORD0013,PROD0645,BR0950,2,12,2121,139.66,2260,INR,Offline,East
SAL951,ORD0342,PROD0984,BR0951,3,36,7736,691.96,8428,INR,Online,West
SAL952,ORD0779,PROD1000,BR0952,1,43,768,61.55,829,INR,Offline,West
SAL953,ORD0774,PROD0882,BR0953,3,8,11324,1533.33,12858,INR,Offline,West
SAL954,ORD0814,PROD0800,BR0954,1,48,2383,304.95,2688,INR,Offline,West
SAL955,ORD0503,PROD0434,BR0955,2,23,5986,972.24,6958,INR,Online,West
SAL956,ORD0476,PROD0673,BR0956,1,50,678,52.64,730,INR,Online,South
SAL957,ORD0630,PROD0468,BR0957,3,2,4751,409.09,5160,INR,Offline,South
SAL958,ORD0040,PROD0282,BR0958,2,37,1584,131.26,1715,INR,Offline,West
SAL959,ORD0952,PROD0523,BR0959,1,46,2180,172.29,2352,INR,Online,North
SAL960,ORD0511,PROD0985,BR0960,3,49,5506,498.45,6005,INR,Online,South
SAL961,ORD0642,PROD0649,BR0961,1,31,2173,335.98,2509,INR,Offline,South
SAL962,ORD0929,PROD0583,BR0962,1,40,2831,261.25,3092,INR,Offline,South
SAL963,ORD0034,PROD0371,BR0963,2,38,3477,260.28,3737,INR,Online,South
SAL964,ORD0459,PROD0084,BR0964,3,20,11798,975.92,12774,INR,Offline,South
SAL965,ORD0529,PROD0322,BR0965,2,0,8072,550.8,8623,INR,Online,West
SAL966,ORD0987,PROD0651,BR0966,1,12,2824,309.57,3133,INR,Offline,South
SAL967,ORD0057,PROD0704,BR0967,2,43,3695,496.41,4191,INR,Offline,South
SAL968,ORD0690,PROD0328,BR0968,2,48,2718,435.96,3153,INR,Offline,West
SAL969,ORD0467,PROD0480,BR0969,3,33,8890,1066.35,9957,INR,Online,South
SAL970,ORD0999,PROD0997,BR0970,1,47,295,16.22,311,INR,Online,North
SAL971,ORD0948,PROD0284,BR0971,1,31,1961,291.75,2253,INR,Online,North
SAL972,ORD0802,PROD0178,BR0972,2,6,6762,943.02,7705,INR,Offline,West
SAL973,ORD0551,PROD0710,BR0973,1,6,2434,419.9,2854,INR,Online,East
SAL974,ORD0566,PROD0438,BR0974,2,5,8094,953.77,9048,INR,Offline,East
SAL975,ORD0153,PROD0983,BR0975,2,49,1359,119.57,1478,INR,Offline,North
SAL976,ORD0713,PROD0265,BR0976,3,26,10643,1182.43,11825,INR,Online,North
SAL977,ORD0121,PROD0515,BR0977,2,49,4201,217.6,4419,INR,Online,South
SAL978,ORD0335,PROD0475,BR0978,1,42,1529,134.83,1664,INR,Online,West
SAL979,ORD0251,PROD0138,BR0979,2,42,3922,411.84,4334,INR,Offline,East
SAL980,ORD0616,PROD0831,BR0980,3,48,1232,95.87,1328,INR,Online,East
SAL981,ORD0818,PROD0984,BR0981,1,6,4235,653.68,4888,INR,Offline,South
SAL982,ORD0268,PROD0414,BR0982,3,18,3978,440.44,4418,INR,Offline,North
SAL983,ORD0108,PROD0952,BR0983,3,3,5439,337.87,5777,INR,Offline,East
SAL984,ORD0251,PROD0140,BR0984,1,16,827,140.58,968,INR,Offline,East
SAL985,ORD0100,PROD0523,BR0985,1,29,1179,115.19,1294,INR,Online,West
SAL986,ORD0059,PROD0023,BR0986,1,15,2143,358.84,2502,INR,Offline,East
SAL987,ORD0203,PROD0747,BR0987,1,24,2432,376.45,2808,INR,Offline,East
SAL988,ORD0030,PROD0996,BR0988,3,13,7851,780.32,8631,INR,Offline,North
SAL989,ORD0897,PROD0665,BR0989,3,13,4092,270.31,4363,INR,Offline,East
SAL990,ORD0112,PROD0653,BR0990,1,37,775,122.96,898,INR,Online,South
SAL991,ORD0029,PROD0389,BR0991,1,6,4046,332.64,4378,INR,Offline,South
SAL992,ORD0055,PROD0803,BR0992,1,8,2993,218.32,3211,INR,Offline,East
SAL993,ORD0168,PROD0663,BR0993,2,41,4584,817.03,5401,INR,Online,East
SAL994,ORD0836,PROD0205,BR0994,3,42,4307,291.51,4598,INR,Offline,North
SAL995,ORD0127,PROD0853,BR0995,2,43,1357,122.97,1480,INR,Offline,East
SAL996,ORD0753,PROD0146,BR0996,2,34,1317,113,1430,INR,Offline,East
SAL997,ORD0215,PROD0450,BR0997,2,9,8527,871.36,9398,INR,Online,East
SAL998,ORD0062,PROD0547,BR0998,1,39,1530,192.03,1723,INR,Offline,North
SAL999,ORD0188,PROD0819,BR0999,1,12,1227,116.73,1343,INR,Offline,South
SAL1000,ORD0846,PROD0357,BR1000,3,44,1273,97.82,1371,INR,Offline,South
